xh,ssqy,dw,gdwzts,jtwz,pp,sfywljk,gznf,ly,bz
1,西陵区,宜昌市急救中心,1,宜昌市急救中心1号楼负一楼A区电梯门厅处,迈瑞,否,2019,单位自购,
2,西陵区,宜昌市急救中心,1,市急救中心一楼大厅左侧墙面,科曼,是,2024.7,卫健委购买,
3,西陵区,宜昌市中心血站,1,万达爱心献血屋内,迈瑞,否,2019,单位自购,
4,西陵区,宜昌市中心血站,1,环球港广场献血屋内,迈瑞,否,2019,单位自购,
5,西陵区,宜昌市中心血站,1,夷陵区交通局献血屋内,迈瑞,否,2019,单位自购,
6,西陵区,三峡大学,1,三峡大学体育馆一楼入口处,久心,是,2021.1,校友捐赠,
7,西陵区,三峡大学,1,三峡大学西苑学生公寓11号楼一楼楼梯口,久心,是,2021.1,校友捐赠,
8,西陵区,三峡大学,1,三峡大学电气实验楼一楼进门左手边,久心,是,2021.1,校友捐赠,
9,西陵区,三峡大学,1,三峡大学西苑学生公寓3号楼一楼,久心,是,2021.1,校友捐赠,
10,西陵区,三峡大学,1,三峡大学西苑学生公寓15B一楼门口,久心,是,2021.1,校友捐赠,
11,西陵区,三峡大学,1,三峡大学校医院预防保健科洗手池边,久心,是,2021.1,校友捐赠,
12,西陵区,三峡大学,1,三峡大学行政楼一楼入口处左手边,久心,是,2021.1,校友捐赠,
13,西陵区,三峡大学,1,三峡大学生命科学楼一楼大厅,久心,是,2021.1,校友捐赠,由西苑7号楼一楼迁移此处
14,西陵区,三峡大学,1,三峡大学图书馆一楼楼梯口消防器材柜旁边,久心,是,2021.1,校友捐赠,
15,西陵区,三峡大学,1,三峡大学南苑体测办公室,久心,是,2021.1,校友捐赠,南苑维修暂无图片
16,西陵区,三峡大学,1,三峡大学中心体育场主席台上,迈瑞,是,2023,单位自购,
17,西陵区,三峡大学,1,三峡大学校医院,迈瑞,是,2023,单位自购,
18,西陵区,宜昌市体校,1,全民健身中心场馆大厅服务台,日本光电,否,2019,单位自购,
19,西陵区,湖北银行宜昌分行,1,西陵区珍珠路109号湖北银行宜昌分行,维伟思,是,2025年,单位自购,
20,西陵区,湖北银行宜昌分行,1,西陵区夷陵大道58-5号湖北银行宜昌石板溪支行,维伟思,是,2025年,单位自购,
21,西陵区,湖北银行宜昌分行,1,西陵区西陵一路29号湖北银行宜昌东门支行,维伟思,是,2025年,单位自购,
22,西陵区,湖北银行宜昌分行,1,西陵区西陵二路31号湖北银行宜昌西陵支行,维伟思,是,2025年,单位自购,
23,西陵区,湖北银行宜昌分行,1,西陵区胜利四路46号湖北银行宜昌白龙岗支行,维伟思,是,2025年,单位自购,
24,西陵区,湖北银行宜昌分行,1,西陵区樵湖二路40号湖北银行宜昌葛洲坝支行,维伟思,是,2025年,单位自购,
25,西陵区,湖北银行宜昌分行,1,西陵区隆康路16号湖北银行宜昌南湖支行,维伟思,是,2025年,单位自购,
26,西陵区,湖北银行宜昌分行,1,西陵区解放路6号湖北银行宜昌二马路支行,维伟思,是,2025年,单位自购,
27,西陵区,湖北银行宜昌分行,1,西陵区环城东路9号湖北银行宜昌环东支行,维伟思,是,2025年,单位自购,
28,西陵区,湖北银行宜昌分行,1,西陵区港窑路58号湖北银行宜昌港窑路支行,维伟思,是,2025年,单位自购,
29,西陵区,湖北银行宜昌分行,1,西陵区港窑路22号湖北银行宜昌运河佳苑支行,维伟思,是,2025年,单位自购,
30,西陵区,湖北银行宜昌分行,1,西陵区发展大道9号湖北银行湖北自贸试验区宜昌片区支行,维伟思,是,2025年,单位自购,
31,西陵区,湖北银行宜昌分行,1,西陵区东湖一路27号湖北银行宜昌东湖支行,维伟思,是,2025年,单位自购,
32,西陵区,湖北银行宜昌分行,1,西陵二路68-66号湖北银行宜昌四0三小企业信贷专营支行,维伟思,是,2025年,单位自购,
33,西陵区,体育中心,1,体育馆主馆⼊口,迈瑞,是,2023,政府购买,
34,西陵区,体育中心,1,体育馆副馆⼊口,迈瑞,是,2023,政府购买,
35,西陵区,体育中心,1,体育场主席台,迈瑞,是,2023,政府购买,
36,西陵区,体育中心,1,体育公园⻔卫,迈瑞,是,2023,政府购买,
37,西陵区,体育中心,1,体育公园健⾝服务科,迈瑞,是,2023,政府购买,
38,西陵区,体育中心,1,宜昌体育中心服务台,迈瑞,是,2023,政府购买,
39,西陵区,宜昌市第十六中学,1,学校保健室门口,迈瑞,是,2023,单位自购,
40,西陵区,宜昌市消防救援支队港窑路特勤站,1,港窑路58号消防特勤站内随车放置,科曼,否,2022,单位自购,
41,西陵区,宜昌市消防救援支队港窑路特勤站,1,港窑路58号消防特勤站内随车放置,科曼,否,2022,单位自购,
42,西陵区,西陵区消防救援大队,1,宜昌市西陵区沙河路消防救援站,迈瑞,否,2022,单位自购,
43,西陵区,优抚医院,1,精神科住院楼3楼 精神科四病区急救室,迈瑞,否,2023.3.10,单位自购,
44,西陵区,优抚医院,1,精神科住院楼4楼 精神科五病区急救室,迈瑞,否,2023.3.10,单位自购,
45,西陵区,优抚医院,1,心理大楼4楼 心理科二病区急救室,迈瑞,否,2017.8.06,单位自购,
46,西陵区,优抚医院,1,心理大楼5楼 心理科三病区急救室,迈瑞,否,2017.8.01,单位自购,
47,西陵区,优抚医院,1,精神科住院楼2楼 精神科一病区急救室,迈瑞,否,2017.8.01,单位自购,
48,西陵区,优抚医院,1,门诊楼一楼 门诊急救室,迈瑞,否,2017.8.01,单位自购,
49,西陵区,赵家湾社区医务室,1,西陵区云集街道赵家湾社区医务室门口,迈瑞,是,2023,急救中心捐赠,
50,西陵区,人社局,1,宜昌市人力资源和社会保障局一楼大厅前台处,迈瑞,是,2023,急救中心捐赠,
51,西陵区,宜昌市纪委监委,1,胜利四路52号市委大院3号楼一楼市纪委12388信访值班室,迈瑞,否,2020,单位自购,
52,西陵区,宜昌市儿童福利院,1,金家台6号市儿童福利院综合楼1楼大厅左侧拐角墙面,迈瑞,否,2023,单位自购,
53,西陵区,宜昌市儿童福利院,1,金家台6号市儿童福利院儿童楼1楼入口左侧墙面,迈瑞,否,2024,单位自购,
54,西陵区,气象台社区医务室,1,西陵区气象台18号社区居民委员会大门左侧,科曼,是,2024.7,卫健委购买,
55,西陵区,山庄路社区医务室,1,西陵区山庄路28-1号医务室大门左侧墙上,科曼,是,2024.7,卫健委购买,
56,西陵区,桃花岭社区医务室,1,西陵区桃花岭6号医务室大门右侧墙体,科曼,是,2024.7,卫健委购买,
57,西陵区,北门社区卫生服务站,1,西陵区北门外正街18号社区卫生服务站大门右侧,科曼,是,2024.7,卫健委购买,
58,西陵区,墨池巷社区医务室,1,墨池巷社区医务室大门右侧,科曼,是,2024.7,卫健委购买,
59,西陵区,铁路坝社区医务室,1,铁路坝社区医务室右侧大门外墙面,科曼,是,2024.7,卫健委购买,
60,西陵区,黄河路社区医务室,1,黄河路社区医务室右侧墙体,科曼,是,2024.7,卫健委购买,
61,西陵区,石板溪社区医务室,1,石板溪社区医务室大门右侧墙面,科曼,是,2024.7,卫健委购买,
62,西陵区,环城东路社区医务室,1,宜昌市西陵区福宁门诊对面环城东路社区医务室外墙左侧,科曼,是,2024.7,卫健委购买,
63,西陵区,甲街社区医务室,1,宜昌市西陵区西坝路15号幸福路社区党员群众服务中心大门口,科曼,是,2024.7,卫健委购买,
64,西陵区,石子岭社区医务室,1,宜昌市西陵区樵湖新区石子岭社区医务室外墙,科曼,是,2024.7,卫健委购买,
65,西陵区,桥北社区医务室,1,桥北医务室门口/建设路30号（桥北医务室左侧墙体上）,科曼,是,2024.7,卫健委购买,
66,西陵区,锦绣社区医务室,1,西陵区樵湖二路21号锦绣社区居委会大门右侧墙体,科曼,是,2024.7,卫健委购买,
67,西陵区,英雄山社区医务室,1,英雄山社区医务室大门左手边外墙,科曼,是,2024.7,卫健委购买,
68,西陵区,樵湖岭社区卫生服务站,1,宜昌市西陵区西陵街道土街头社区党员群众服务中心外墙,科曼,是,2024.7,卫健委购买,
69,西陵区,刘家大堰社区卫生服务站,1,刘家大堰社区居委会右侧墙体,科曼,是,2024.7,卫健委购买,
70,西陵区,夜明珠街道肖家岗社区卫生服务站,1,肖家岗社区卫生服务站右边大门右侧外墙,科曼,是,2024.7,卫健委购买,
71,西陵区,夜明珠街道大堰湾社区卫生服务站,1,大堰湾社区卫生服务站大门右手边外墙离地约2米位置,科曼,是,2024.7,卫健委购买,
72,西陵区,夜明珠街道望洲岗社区卫生服务站,1,望洲岗社区卫生服务站大门右手边门柱上,科曼,是,2024.7,卫健委购买,
73,西陵区,夜明珠街道平湖馨苑社区卫生服务站,1,平湖馨苑社区卫生服务站大门入口右侧墙体,科曼,是,2024.7,卫健委购买,
74,西陵区,望州村卫生室,1,宜昌市西陵区窑湾街道党员群众服务中心望州社区卫生室右侧墙体,科曼,是,2024.7,卫健委购买,
75,西陵区,大树湾村卫生室,1,大树湾社区居委会大门右侧墙面,科曼,是,2024.7,卫健委购买,
76,西陵区,石板村卫生室,1,石板村卫生室大门右侧墙面,科曼,是,2024.7,卫健委购买,
77,西陵区,茶庵村卫生室,1,茶庵社区居委会保安室大门左侧墙面,科曼,是,2024.7,卫健委购买,
78,西陵区,唐家湾村卫生室,1,唐家湾卫生室一楼大门左侧墙面,科曼,是,2024.7,卫健委购买,
79,西陵区,沙河村卫生室,1,沙河物业金堤佳苑b区物业办公室大门外右侧墙面,科曼,是,2024.7,卫健委购买,
80,西陵区,后坪村卫生室,1,后坪村卫生室一楼大门口右侧墙面,科曼,是,2024.7,卫健委购买,
81,西陵区,南苑社区医务室,1,城东大道55-27号医务室大门旁,科曼,是,2024.7,卫健委购买,
82,西陵区,山河园路社区医务室,1,山河园路20号恒大帝景2号办公楼105室、106室医务室大门旁,科曼,是,2024.7,卫健委购买,
83,西陵区,王家坝社区医务室,1,城东大道71号巴黎香颂1期1号楼医务室大门旁,科曼,是,2024.7,卫健委购买,
84,西陵区,廖家湾社区医务室,1,发展大道北苑路1号春华星运城1栋101医务室大门旁,科曼,是,2024.7,卫健委购买,
85,西陵区,东山花园社区医务室,1,珠海路13-21号医务室大门旁,科曼,是,2024.7,卫健委购买,
86,西陵区,汕头路社区医务室,1,厦门路25号S1-111医务室后门处,科曼,是,2024.7,卫健委购买,
87,西陵区,珠海路社区医务室,1,深圳横路交叉口东100米医务室大门旁,科曼,是,2024.7,卫健委购买,暂时拆卸
88,西陵区,青岛路社区医务室,1,发展大道28号医务室大门旁,科曼,是,2024.7,卫健委购买,
89,西陵区,城东社区医务室,1,发展大道3号医务室大门旁,科曼,是,2024.7,卫健委购买,
90,西陵区,宜昌市人民政府,1,沿江大道102号市政府大楼1号楼1楼106室内左侧墙面,科曼,是,2024.7,卫健委购买,
91,西陵区,宜昌市人民政府,1,沿江大道102号市政府大楼2号楼1楼左侧步梯口墙面,科曼,是,2024.7,卫健委购买,
92,西陵区,宜昌市人民政府,1,沿江大道102号市政府大楼3号楼后门室内右侧墙面楼层标识下,科曼,是,2024.7,卫健委购买,
93,西陵区,宜昌市人民政府,1,沿江大道102号市政府大楼4号楼一楼大厅左侧,科曼,是,2024.1,卫健委购买,
94,西陵区,宜昌市委,1,宜昌市委一号楼一楼左侧市委总值班室911号房,科曼,是,2024.1,卫健委购买,
95,西陵区,宜昌市政协,1,体育场路5号市政协一楼大厅右侧转角处,科曼,是,2024.7,卫健委购买,
96,西陵区,宜昌市市直机关卫生所,1,云集路21号市直机关卫生所门口右侧,科曼,是,2024.7,卫健委购买,
97,西陵区,宜昌市卫生健康委员会,1,大连路6号宜昌市卫健委一楼大厅左侧安保安室门口,科曼,是,2024.8,卫健委购买,立柜
98,西陵区,宜昌市民之家,1,体育场路6号市民之家一楼大厅左侧总服务台,科曼,是,2024.9,卫健委购买,
99,西陵区,宜昌市财政局,1,市财政局二楼右侧活动室门口左侧,科曼,是,2024.9,卫健委购买,
100,西陵区,西陵分局,1,宜昌市西陵区窑湾街道黄河路21号,迈瑞,否,2024,省厅调拨,
101,西陵区,云集派出所,1,西陵区胜利四路55号,普美康,否,2024,市局配备,
102,西陵区,均瑶中心警务站,1,均瑶广场,普美康,否,2024,市局配备,
103,西陵区,葛洲坝派出所,1,西陵区团结路5号,普美康,否,2024,市局配备,
104,西陵区,西坝派出所,1,西陵区和平路37-2号,普美康,否,2024,市局配备,
105,西陵区,夜明珠派出所,1,西陵区朝阳路92号,普美康,否,2024,市局配备,
106,西陵区,窑湾派出所,1,西陵区唐家湾路40号,普美康,否,2024,市局配备,
107,西陵区,西陵派出所,1,西陵区体育场北路1号,普美康,否,2024,市局配备,
108,西陵区,学院街派出所,1,西陵区四新路6号,普美康,否,2024,市局配备,
109,西陵区,东苑派出所,1,西陵区厦门路26号,普美康,否,2024,市局配备,
110,西陵区,南苑派出所,1,西陵区城东大道45号,普美康,否,2024,市局配备,
111,西陵区,交警窑湾中队,1,西陵区夜明珠路41号,迈瑞,否,2024,省厅调拨,
112,西陵区,交警夜明珠中队,1,西陵区东山大道4号,迈瑞,否,2024,省厅调拨,
113,西陵区,交警云集中队,1,夷陵大道和果园三路交叉口,迈瑞,否,2024,省厅调拨,
114,西陵区,交警南苑中队,1,西陵区南苑区青岛路,迈瑞,否,2024,省厅调拨,
115,西陵区,葛洲坝中心警务站,1,西陵区石子岭路1号,迈瑞,否,2024,省厅调拨,
116,伍家岗区,宜昌市消防救援支队伍家岗大队沈家店路消防救援站,1,宜昌市消防救援支队伍家岗大队沈家店路消防救援站内随车放置,科曼,否,2022,单位自购,
117,伍家岗区,宜昌消防救援支队,1,东山大道187号宜昌市消防救援支队体能训练室,科曼,否,2023,单位自购,
118,伍家岗区,隆康路社区医务室,1,伍家岗区隆康路日新里6号隆康路社区医务室门口外墙,科曼,是,2024.7,卫健委购买,
119,伍家岗区,张家坡社区医务室,1,东山大道305号张家坡社区医务室大门口右侧墙体,科曼,是,2024.7,卫健委购买,
120,伍家岗区,王家河社区医务室,1,伍家岗区夷陵大道388-2号(王家河社区居委会负一楼)王家河社区医务室外墙,科曼,是,2024.7,卫健委购买,
121,伍家岗区,鑫鼎社区医务室,1,宜昌市伍家岗区伍临路21号香城尚都鑫鼎社区医务室外墙,科曼,是,2024.7,卫健委购买,
122,伍家岗区,龙盘湖社区医务室,1,龙盘湖社区医务室大门口,科曼,是,2024.7,卫健委购买,
123,伍家岗区,桔城路社区医务室,1,宜昌市伍家岗区伍家岗街道桔城路社区医务室大门口,科曼,是,2024.7,卫健委购买,
124,伍家岗区,八一路社区医务室,1,宜昌市伍家岗区伍家岗街道八一路社区医务室门口,科曼,是,2024.7,卫健委购买,
125,伍家岗区,胡家冲社区医务室,1,中南路42号新华广场C04号楼一楼,科曼,是,2024.7,卫健委购买,
126,伍家岗区,万达社区医务室,1,万达社区医务室门口外墙,科曼,是,2024.7,卫健委购买,
127,伍家岗区,建设社区医务室,1,建设社区医务室门口外墙,科曼,是,2024.7,卫健委购买,
128,伍家岗区,艾家嘴社区医务室,1,宝塔河街道艾家嘴社区医务室大门口,科曼,是,2024.7,卫健委购买,
129,伍家岗区,张家湾社区医务室,1,花艳医院张家湾社区卫生室花艳卫生院张家湾社区医务室大门,科曼,是,2024.7,卫健委购买,
130,伍家岗区,金巴岭社区医务室,1,花艳医院金巴岭社区医务室金巴岭社区医务室大门,科曼,是,2024.7,卫健委购买,
131,伍家岗区,宜昌市第一看守所,1,监区医务室内,菲康,否,2019,单位自购,
132,伍家岗区,湖北银行宜昌分行,1,伍家岗区中南路39-3号湖北银行宜昌城东支行,维伟思,是,2025年,单位自购,
133,伍家岗区,湖北银行宜昌分行,1,伍家岗区夷陵大道418号湖北银行宜昌伍家岗支行,维伟思,是,2025年,单位自购,
134,伍家岗区,湖北银行宜昌分行,1,伍家岗区夷陵大道278号湖北银行宜昌杨岔路支行,维伟思,是,2025年,单位自购,
135,伍家岗区,湖北银行宜昌分行,1,伍家岗区夷陵大道188号湖北银行宜昌万寿桥支行,维伟思,是,2025年,单位自购,
136,伍家岗区,湖北银行宜昌分行,1,伍家岗区伍临路21号5栋湖北银行宜昌伍临路支行,维伟思,是,2025年,单位自购,
137,伍家岗区,市公安局,1,城东大道116号,普美康,否,2024,市局配备,
138,伍家岗区,市公安局刑侦,1,城东大道116号,普美康,否,2024,市局配备,
139,伍家岗区,大公桥派出所,1,沿江大道129号,普美康,否,2024,市局配备,
140,伍家岗区,万寿桥派出所,1,夷陵大道229号,普美康,否,2024,市局配备,
141,伍家岗区,宝塔河派出所,1,东山大道435号,普美康,否,2024,市局配备,
142,伍家岗区,站前派出所,1,东站,普美康,否,2024,市局配备,
143,伍家岗区,向阳派出所,1,伍家岗沈家店路,普美康,否,2024,市局配备,
144,伍家岗区,伍家派出所,1,伍家岗区桔城路5号,普美康,否,2024,市局配备,
145,伍家岗区,伍家分局,1,宜昌市伍家岗区东艳路55号,迈瑞,否,2024,省厅调拨,
146,伍家岗区,特警东部基地,1,东艳路33号,普美康,否,2024,市局配备,
147,伍家岗区,伍家岗中心警务站,1,宜昌市伍家岗区五一广场,迈瑞,否,2024,省厅调拨,
148,伍家岗区,治安支队,1,伍家岗区夷陵大道286号,迈瑞,否,2024,省厅调拨,
149,伍家岗区,交警大公桥中队,1,体育场路50号,迈瑞,否,2024,省厅调拨,
150,伍家岗区,交警万寿桥中队,1,中南一路与松林路交汇处,迈瑞,否,2024,省厅调拨,
151,点军区,奥体中心,1,射击馆预赛馆50⽶靶场成绩研判室,迈瑞,是,2023,政府购买,
152,点军区,奥体中心,1,射击馆运动员⼊口②⼤厅,迈瑞,是,2023,政府购买,
153,点军区,奥体中心,1,游泳馆前台处,迈瑞,是,2023,政府购买,
154,点军区,奥体中心,1,游泳馆训练池救⽣员休息室左侧,迈瑞,是,2023,政府购买,
155,点军区,奥体中心,1,游泳馆⽐赛池,迈瑞,是,2023,政府购买,
156,点军区,奥体中心,1,体育场运动员⼊口处,迈瑞,是,2023,政府购买,
157,点军区,奥体中心,1,体育场1楼贵宾室⼊口处,迈瑞,是,2023,政府购买,
158,点军区,奥体中心,1,体育场2楼贵宾室⼊口处,迈瑞,是,2023,政府购买,
159,点军区,奥体中心,1,体育场监控室内侧,迈瑞,是,2023,政府购买,
160,点军区,奥体中心,1,体育场外场检录处,迈瑞,是,2023,政府购买,
161,点军区,奥体中心,1,网⽻馆⼀楼①号⽻毛球厅,迈瑞,是,2023,政府购买,
162,点军区,奥体中心,1,网⽻馆三楼⽹球厅,迈瑞,是,2023,政府购买,
163,点军区,奥体中心,1,综合馆前台,迈瑞,是,2023,政府购买,
164,点军区,奥体中心,1,综合馆副馆,迈瑞,是,2023,政府购买,
165,点军区,点军消防大队,1,点军区江南大道消防救援站,维伟思,否,2023,单位自购,随车
166,点军区,红光社区医务室,1,红光社区医务室大门旁墙体,科曼,是,2024.7,卫健委购买,
167,点军区,梅子溪社区医务室,1,梅子溪社区医务室大门旁墙体,科曼,是,2024.7,卫健委购买,
168,点军区,至喜社区医务室,1,至喜社区医务室大门右侧墙体,科曼,是,2024.7,卫健委购买,
169,点军区,朱市街社区医务室,1,朱市街社区医务室大门旁墙体,科曼,是,2024.7,卫健委购买,
170,点军区,谭家河社区医务室,1,谭家河社区医务室大门旁墙体,科曼,是,2024.7,卫健委购买,
171,点军区,广化寺社区医务室,1,广化寺社区医务室大门旁墙体,科曼,是,2024.7,卫健委购买,
172,点军区,五龙社区医务室,1,点军区人民政府政务服务中心自助服务区右侧墙体,科曼,是,2024.8,卫健委购买,
173,点军区,湖北银行宜昌分行,1,点军区江南大道155号湖北银行宜昌点军支行,维伟思,是,2025年,单位自购,
174,点军区,点军分局,1,点军区江南大道118号,迈瑞,否,2024,省厅调拨,
175,点军区,交警朱市街中队,1,点军区点军街道明德路,迈瑞,否,2024,省厅调拨,
176,点军区,交警桥边中队,1,点军区桥边镇,迈瑞,否,2024,省厅调拨,
177,点军区,联棚派出所,1,点军区联棚乡88号,普美康,否,2024,市局配备,
178,点军区,桥边派出所,1,点军区虎周公路168号,普美康,否,2024,市局配备,
179,点军区,土城派出所,1,点军区050乡道,普美康,否,2024,市局配备,
180,点军区,艾家派出所,1,点军区艾家镇5号,普美康,否,2024,市局配备,
181,点军区,点军派出所,1,点军区江南路,普美康,否,2024,市局配备,
182,猇亭区,长江新村社区医务室,1,猇亭大道203号长江新村社区医务室一楼外左侧墙体,科曼,是,2024.7,卫健委购买,
183,猇亭区,六泉湖社区医务室,1,六泉湖社区20栋医务室外右侧墙体,科曼,是,2024.7,卫健委购买,
184,猇亭区,磨盘溪社区医务室,1,磨高路1号磨盘溪社区医务室外左侧墙体,科曼,是,2024.7,卫健委购买,
185,猇亭区,新金岭社区医务室,1,猇亭大道367号新金岭社区医务室外左侧墙体,科曼,是,2024.7,卫健委购买,
186,猇亭区,石板冲社区医务室,1,迎宾大道99号石板冲社区医务室外左侧墙体,科曼,是,2024.7,卫健委购买,
187,猇亭区,七里新村社区医务室,1,金猇路185号七里新村社区新时代文明实践站七里新村社区医务室外左侧墙体,科曼,是,2024.7,卫健委购买,
188,猇亭区,桐岭新村社区医务室,1,金岭路98号桐岭新村社区医务室外右侧墙体,科曼,是,2024.7,卫健委购买,
189,猇亭区,古老背社区医务室,1,桐岭路特1号古老背社区医务室外右侧墙体,科曼,是,2024.7,卫健委购买,
190,猇亭区,猇亭区消防救援大队,1,猇亭区金岭路消防救援站一班车,迈瑞,否,2022,自行购买,随车
191,猇亭区,三峡机场,1,T2航站楼商务贵宾楼一楼安全检查口对面墙体,科曼,是,2023,企业自购,
192,猇亭区,三峡机场,1,T2航站楼出发值机厅20号值机柜台右侧墙体,科曼,是,2023,企业自购,
193,猇亭区,三峡机场,1,T2航站楼政务贵宾安检通道大门内侧左侧墙体,科曼,是,2023,企业自购,
194,猇亭区,三峡机场,1,T2航站楼二楼安检等候区左侧卫生间门口,科曼,是,2023,企业自购,
195,猇亭区,三峡机场,1,T2航站楼二楼安检等候区右侧卫生间门口,科曼,是,2023,企业自购,
196,猇亭区,三峡机场,1,T2航站楼出发值机大厅左侧卫生间通道左侧墙体（饮水机对面）,科曼,是,2023,企业自购,
197,猇亭区,三峡机场,1,T2航站楼到达4号出口防爆岗台,科曼,是,2023,企业自购,
198,猇亭区,三峡机场,1,T2航站楼到达厅出口服务台,科曼,是,2023,企业自购,
199,猇亭区,三峡机场,1,T2航站楼中转服务大厅卫生间左侧墙体,科曼,是,2023,企业自购,
200,猇亭区,三峡机场,1,T2航站楼六号登机口下面夹层墙体,科曼,是,2023,企业自购,
201,猇亭区,三峡机场,1,T2航站楼A06号登机口对面墙体,科曼,是,2023,企业自购,
202,猇亭区,三峡机场,1,T2航站楼隔离候机区空港汇便利店右侧墙体,科曼,是,2023,企业自购,
203,猇亭区,三峡机场,1,T1国际航站楼大厅问询服务台,科曼,是,2023,企业自购,
204,猇亭区,三峡机场,1,T1国际航站楼二楼B，1、2登机口,科曼,是,2023,企业自购,
205,猇亭区,湖北银行宜昌分行,1,猇亭区金岭路39号湖北银行宜昌猇亭支行,维伟思,是,2025年,单位自购,
206,猇亭区,猇亭分局,1,猇亭区正大路28号,迈瑞,否,2024,省厅调拨,
207,猇亭区,云池派出所,1,猇亭区金猇路268号,普美康,否,2024,市局配备,
208,猇亭区,古老背派出所,1,猇亭区桐岭路89号,普美康,否,2024,市局配备,
209,猇亭区,机场分局,1,猇亭区机场路9号,普美康,否,2024,市局配备,
210,高新区,湖北银行宜昌分行,1,高新区白洋镇陵江二街湖北银行宜昌白洋支行,维伟思,是,2025年,单位自购,
211,高新区,宜昌市消防救援支队高新大队东山消防救援站,1,宜昌市消防救援支队高新大队东山消防救援站内随车放置,科曼,否,2022,单位自购,
212,高新区,滚钟坡村卫生室,1,白洋镇滚钟坡村村民委员会旁村卫生室大门右侧,科曼,是,2024.7,卫健委购买,
213,高新区,东锦苑社区医务室,1,东站路297号东锦苑小区18栋1楼医务室大门旁,科曼,是,2024.7,卫健委购买,
214,高新区,天螺寺村卫生室,1,宜昌市枝江市天螺寺村村委会大门口,科曼,是,2024.7,卫健委购买,
215,高新区,张店村卫生室,1,宜昌市枝江市白洋镇张店村卫生室大门左侧,科曼,是,2024.7,卫健委购买,
216,高新区,邦普循环科技有限公司,1,邦普循环厂区166a二楼南侧通道,飞利浦,否,2023,单位自购,
217,高新区,邦普循环科技有限公司,1,邦普行政办公楼一楼大厅接待吧台,飞利浦,否,2023,单位自购,
218,高新区,邦普循环科技有限公司,1,邦普生活区员工中心,飞利浦,否,2023,单位自购,
219,高新区,邦普循环科技有限公司,1,邦普循环科技有限公司G20生活区邦普医务室正门内左侧墙体,科曼,是,2024.7,卫健委购买,
220,高新区,高新分局,1,东苑街办兰台支路一号,迈瑞,否,2024,省厅调拨,
221,高新区,交警生物园中队,1,橘乡大道共同支路1号,迈瑞,否,2024,省厅调拨,
222,高新区,白洋派出所,1,枝江市陵江后街58号,普美康,否,2024,市局配备,
223,高新区,生物园派出所,1,夷陵区车站路1号,普美康,否,2024,市局配备,
224,三峡坝区,三峡电厂,1,三峡运动馆（电厂球馆）办公室,飞利浦,否,2021,企业自购,
225,三峡坝区,三峡电厂,1,员工食堂一楼大厅大门入口处,飞利浦,否,2021,企业自购,
226,三峡坝区,三峡电厂,1,三峡电站左岸82营地一楼大厅安保岗,飞利浦,否,2021,企业自购,
227,三峡坝区,三峡电厂,1,三峡电厂左岸厂房安Ⅰ平台大门保安岗,飞利浦,否,2021,企业自购,
228,三峡坝区,三峡电厂,1,三峡电厂右岸84营地一楼大厅安保岗,飞利浦,否,2021,企业自购,
229,三峡坝区,三峡电厂,1,三峡电厂右岸厂房安Ⅰ平台大门保安岗,飞利浦,否,2021,企业自购,
230,三峡坝区,三峡坝区消防特勤大队一站,1,德国曼压缩空气泡沫消防车——车牌号（鄂·X5519应急）,ZOLL(卓尔）,否,2023,单位自购,AED便携式自动体外除颤器（随车出动）
231,三峡坝区,三峡坝区分局,1,夷陵区三峡坝区公安分局院内,迈瑞,否,2024,省厅调拨,
232,三峡坝区,交警江北中队,1,夷陵区太平溪镇富城坪村二组3号,迈瑞,否,2024,省厅调拨,
233,三峡坝区,中堡岛派出所,1,坝区,普美康,否,2024,市局配备,
234,夷陵区,夷陵区消防救援大队,1,夷陵区罗河路消防救援站一班车,科曼,是,2023,区红十字会配发,随车
235,夷陵区,湖北银行宜昌分行,1,夷陵区夷兴大道57号湖北银行宜昌晓溪塔支行,维伟思,是,2025,单位自购,
236,夷陵区,湖北银行宜昌分行,1,夷陵区夷兴大道18-11号湖北银行宜昌夷陵支行,维伟思,是,2025,单位自购,
237,夷陵区,宜昌北停车区,1,沪蓉高速宜巴段宜昌北停车区沪蓉向,普美康,否,2025.1.17,省红十字会捐赠,
238,夷陵区,宜昌北停车区,1,蓉沪向餐厅1楼大厅,普美康,否,2025.1.17,省红十字会捐赠,
239,夷陵区,雾渡河服务区,1,沪蓉高速沪蓉向综合楼大厅服务台,普美康,否,2025.1,省红十字会捐赠,
240,夷陵区,雾渡河服务区,1,蓉沪向综合楼服务台,普美康,否,2025.1,省红十字会捐赠,
241,宜都市,宜都市,1,雅斯购物广场1楼 益丰大药房门口,悟空智联医疗,否,2022.4,社会捐赠,
242,宜都市,宜都市,1,陆城街道办东风社区一楼健康小屋,悟空智联医疗,否,2022.4,社会捐赠,
243,宜都市,宜都市,1,陆城街道办锦江社区办事大厅进门 靠右的柜架,悟空智联医疗,否,2022.4,社会捐赠,
244,宜都市,宜都市,1,宜都市职教中心,飞利浦,否,2022.6,省红会博爱校医室项目配备,
245,宜都市,宜都市,1,宜都市园林大道人民广场管理处门口,麦邦,否,2023.5,社会捐赠,
246,宜都市,宜都市,1,宜都市一中科教办公楼一楼楼梯间,麦邦,否,2023.5,社会捐赠,
247,宜都市,宜都市,1,宜都市体育路老年大学一楼大厅右转墙上,麦邦,否,2023.5,社会捐赠,
248,宜都市,宜都市,1,红十字应急救援车队,麦邦,否,2023.5,队员自行采购,随车放置
249,宜都市,宜都市,1,红十字应急救援车队,麦邦,否,2023.5,队员自行采购,随车放置
250,宜都市,宜都市,1,红十字应急救援车队,麦邦,否,2023.5,队员自行采购,随车放置
251,宜都市,宜都市,1,红十字应急救援车队,麦邦,否,2023.5,队员自行采购,随车放置
252,宜都市,宜都市,1,杨守敬小学,飞利浦,否,2023.8,省红会博爱校医室项目配备,
253,宜都市,宜都市,1,清江社区江家大堰,深圳安保,有,2023.12,市红会线上募集资金采购,
254,宜都市,宜都市,1,新客运站,深圳安保,有,2024.1,市红会线上募集资金采购,
255,宜都市,宜都市,1,市政务服务中心,深圳安保,有,2024.1,市红会线上募集资金采购,
256,宜都市,宜都市,1,清江公园管理处,深圳安保,有,2024.1,市红会线上募集资金采购,
257,宜都市,宜都市消防救援大队,1,宜都市清江大道消防救援站二楼医务室,科曼,否,2023,单位自购,
258,宜都市,湖北银行宜昌分行,1,宜都市陆城镇园林大道名都花园（秀水苑）1号湖北银行宜都支行,维伟思,是,2025年,单位自购,
259,宜都市,枝城停车区,1,岳宜高速枝城停车区宜岳向,普美康,否,2025.4.10,省红十字会捐赠,
260,宜都市,枝城停车区,1,岳宜向综合楼大厅,普美康,否,2025.4.10,省红十字会捐赠,
261,宜都市,高坝洲服务区,1,岳宜高速高坝洲服务区宜岳向综合楼大厅,普美康,否,2025.1.17,省红十字会捐赠,
262,宜都市,高坝洲服务区,1,岳宜向综合楼大厅,普美康,否,2025.1.17,省红十字会捐赠,
263,宜都市,宜都服务区,1,呼北高速宜都服务区呼和浩特方向综合楼大厅,普美康,否,2025.3,省红十字会捐赠,
264,宜都市,宜都服务区,1,北海方向综合楼大厅,普美康,否,2025.3,省红十字会捐赠,
265,宜都市,宜都市人民警察培训学校,1,宜都市高坝洲镇青林寺村二组,迈瑞,否,2024,省厅调拨,
266,枝江市,枝江市消防救援大队,1,枝江市友谊大道消防救援站四楼医务室,迈瑞,否,2022,政府调配,
267,枝江市,湖北三宁化工股份有限公司,1,湖北三宁化工股份有限公司北门门卫,迈瑞,否,2023,单位自购,
268,枝江市,湖北三宁化工股份有限公司,1,湖北三宁化工股份有限公司锦纶公司中心控制室,迈瑞,否,2023,单位自购,
269,枝江市,湖北三宁化工股份有限公司,1,湖北三宁化工股份有限公司富升硝铵操作室,迈瑞,否,2023,单位自购,
270,枝江市,湖北三宁化工股份有限公司,1,湖北三宁化工股份有限公司综合码头休息室,迈瑞,否,2023,单位自购,
271,枝江市,湖北三宁化工股份有限公司,1,湖北三宁化工股份有限公司氮肥厂尿素操作室,迈瑞,否,2023,单位自购,
272,枝江市,湖北三宁化工股份有限公司,1,湖北三宁化工股份有限公司氮肥厂中心调度室,迈瑞,否,2023,单位自购,
273,枝江市,湖北三宁化工股份有限公司,1,湖北三宁化工股份有限公司磷肥厂硝酸操作室,迈瑞,否,2023,单位自购,
274,枝江市,湖北三宁化工股份有限公司,1,湖北三宁化工股份有限公司磷肥厂中心调度室,迈瑞,否,2023,单位自购,
275,枝江市,湖北三宁化工股份有限公司,1,湖北三宁化工股份有限公司石宝山中心控制室,迈瑞,否,2023,单位自购,
276,枝江市,湖北三宁化工股份有限公司,1,湖北三宁化工股份有限公司石宝山气化外操室,迈瑞,否,2023,单位自购,
277,枝江市,湖北三宁化工股份有限公司,1,湖北三宁化工股份有限公司三宁接待中心大厅,迈瑞,否,2023,单位自购,
278,枝江市,湖北三宁化工股份有限公司,1,湖北三宁化工股份有限公司物流园接待中心大厅,迈瑞,否,2023,单位自购,
279,枝江市,湖北三宁化工股份有限公司,1,湖北三宁化工股份有限公司磷化工项目部,迈瑞,否,2023,单位自购,
280,枝江市,湖北三宁化工股份有限公司,1,湖北三宁化工股份有限公司酰胺及尼龙项目部,迈瑞,否,2023,单位自购,
281,枝江市,湖北三宁化工股份有限公司,1,湖北三宁化工股份有限公司应急救援队,迈瑞,否,2023,单位自购,
282,枝江市,枝江市,1,枝江市马家店街道丰坪巷社区礼化路9号枝心小屋,科曼,否,2024,枝江市红十字会购买,
283,枝江市,枝江市,1,枝江市江汉大道185号北山超市一楼入口处,科曼,否,2024,枝江市红十字会购买,
284,枝江市,枝江市西服务区,1,南区综合楼大厅旅游咨询服务台旁,普美康,否,2025.01,枝江市红十字会赠送,
285,枝江市,枝江市西服务区,1,北区综合楼大厅便民服务箱旁,普美康,否,2025.01,枝江市红十字会赠送,
286,枝江市,湖北银行宜昌分行,1,马家店民主大道七星新天地湖北银行枝江支行,维伟思,是,2025年,单位自购,
287,枝江市,枝江停车区,1,南区便利店便民服务箱旁,普美康,否,2025.01,红十字会赠送,
288,枝江市,枝江停车区,1,北区超市收银台处,普美康,否,2025.01,红十字会赠送,
289,枝江市,安福寺服务区,1,呼北高速北海向综合楼大厅服务台,普美康,否,2025.1,省红十字会捐赠,
290,枝江市,安福寺服务区,1,呼和浩特向综合楼大厅服务台,普美康,否,2025.1,省红十字会捐赠,
291,当阳市,当阳市,1,当阳市招商局旁（农业银行门口）,迈瑞C1,是,2023,社会捐赠,内置4G物联卡
292,当阳市,当阳市,1,子龙路玉阳路十字路口（新视觉眼镜店外）,迈瑞C1,是,2023,社会捐赠,内置5G物联卡
293,当阳市,当阳市,1,义街南子巷红十字救护站,迈瑞C1,是,2023,社会捐赠,内置6G物联卡
294,当阳市,当阳市,1,长坂健康主题公园（老干局活动室外）,迈瑞C1,是,2023,社会捐赠,内置7G物联卡
295,当阳市,当阳市,1,金叶小区百姓超市左侧,迈瑞C1,是,2023,社会捐赠,内置8G物联卡
296,当阳市,当阳市,1,当阳汽车站售票大厅,迈瑞C1,是,2023,社会捐赠,内置9G物联卡
297,当阳市,当阳市,1,东方国酒一楼前台大厅,迈瑞C1,是,2023,社会捐赠,内置10G物联卡
298,当阳市,当阳市,1,玉泉山游客中心,迈瑞C1,是,2023,社会捐赠,内置11G物联卡
299,当阳市,当阳市,1,玉泉寺侧门（警务室门口）,迈瑞C1,是,2023,社会捐赠,内置12G物联卡
300,当阳市,当阳市,1,蒙牛乳业(当阳)有限责任公司保卫科,迈瑞C1,是,2023,社会捐赠,内置13G物联卡
301,当阳市,当阳市,1,市委院内（市委大楼左侧）,迈瑞C2,是,2023,红十字会采购,内置14G物联卡
302,当阳市,当阳市,1,市政府院内（市政府大楼左侧）,迈瑞C2,是,2023,红十字会采购,内置15G物联卡
303,当阳市,当阳市,1,三汇农贸一楼农业银行门口,迈瑞C2,是,2023,红十字会采购,内置16G物联卡
304,当阳市,当阳市,1,临沮公园大门志愿服务岗亭外,迈瑞C2,是,2023,红十字会采购,内置17G物联卡
305,当阳市,当阳市,1,雅斯超市旁农业银行门口,迈瑞C2,是,2023,红十字会采购,内置18G物联卡
306,当阳市,当阳市,1,关陵庙右侧门口,迈瑞C2,是,2023,红十字会采购,内置19G物联卡
307,当阳市,当阳消防救援大队,1,当阳市环城南路消防救援站鄂X5503泡沫水罐车,久心医疗,否,2024,单位自购,随车
308,当阳市,湖北银行宜昌分行,1,当阳市子龙路59号香榭水岸1号楼湖北银行当阳支行,维伟思,是,2025年,单位自购,
309,当阳市,湖北银行宜昌分行,1,当阳市玉阳路123号湖北银行当阳玉阳支行,维伟思,是,2025年,单位自购,
310,远安县,县医院,1,远安县人民医院急诊科,瑞士席勒,否,2017,单位自购,
311,远安县,远安县消防救援大队,1,远安县解放路消防救援站二楼医务室,科曼,否,2023,政府调配,
312,远安县,远安县公安局鸣凤派出所,1,远安县鸣凤镇鸣凤大道89号,普美康,是,2024,单位自购,
313,远安县,远安县公安局花林寺派出所,1,远安县花林寺镇险峰路23号,普美康,是,2024,单位自购,
314,远安县,远安县公安局旧县派出所,1,远安县旧县镇亭子山路65号,普美康,是,2024,单位自购,
315,远安县,远安县公安局洋坪派出所,1,远安县洋坪镇汉口路110号,普美康,是,2024,单位自购,
316,远安县,远安县公安局河口派出所,1,远安县河口乡发展路4号,普美康,是,2024,单位自购,
317,远安县,远安县公安局嫘祖派出所,1,远安县嫘祖镇娅丝路26号,普美康,是,2024,单位自购,
318,远安县,远安县公安局茅坪场派出所,1,远安县茅坪场镇茅坪场路56号,普美康,是,2024,单位自购,
319,远安县,远安县公安局交警大队,1,远安县鸣凤大道55号,普美康,是,2024,单位自购,
320,远安县,远安县公安局执法办案管理中心,1,远安县公安局城东大道69号,普美康,是,2024,单位自购,
321,远安县,远安县公安局特警大队,1,远安县公安局城东大道69号,普美康,是,2024,单位自购,
322,远安县,远安县公安局看守所,1,远安县公安局城东大道69号,科曼,是,2024,单位自购,
323,远安县,湖北银行远安支行,1,远安县鸣凤镇鸣凤大道18号湖北银行远安支行,维伟思,是,2025,单位自购,
324,远安县,远安服务区,1,呼北高速远安服务区呼北向,普美康,否,2025.1,省红十字会捐赠,
325,远安县,远安服务区,1,北呼向温馨小屋内,普美康,否,2025.1,省红十字会捐赠,
326,兴山县,县医院,1,急诊科（门诊一楼抢救室）,迈瑞,否,2019.12.20,单位自购,
327,兴山县,县医院,1,急诊科（门诊一楼抢救室）,上海光电,否,2021.12.09,单位自购,
328,兴山县,县医院,1,康复科（新医技楼六楼）,上海光电,否,2021.12.09,单位自购,
329,兴山县,县医院,1,妇产科（外科楼三楼）,上海光电,否,2021.12.09,单位自购,
330,兴山县,县医院,1,呼吸内镜室（新医技楼四楼）,上海光电,否,2021.12.09,单位自购,
331,兴山县,县医院,1,儿科（内科楼六楼）,上海光电,否,2021.12.09,单位自购,
332,兴山县,县医院,1,泌尿外科（内科楼二楼）,上海光电,否,2021.12.09,单位自购,
333,兴山县,县医院,1,骨科（外科楼二楼）,上海光电,否,2021.12.09,单位自购,
334,兴山县,县医院,1,普外科/神经外科（外科楼六楼）,上海光电,否,2021.12.09,单位自购,
335,兴山县,县医院,1,公卫科（乡村医疗体检车）,久心医疗,否,2022.01.04,卫健局赠送,
336,兴山县,兴山县消防救援大队,1,兴山县永安路消防救援站鄂X5487水罐车副驾第一仓,科曼,否,2023,单位自购,随车
337,兴山县,湖北银行宜昌分行,1,兴山县古夫镇昭君路6号湖北银行兴山支行,维伟思,是,2025年,单位自购,
338,兴山县,兴山服务区,1,沪蓉高速宜巴段兴山服务区沪蓉向,普美康,否,2025.1,省红十字会捐赠,
339,兴山县,兴山服务区,1,蓉沪向一楼大厅门口处,普美康,否,2025.1,省红十字会捐赠,
340,兴山县,兴山县,1,兴山县人民政府大楼1楼保安室,深圳市安保医疗科技股份有限公司,否,2024.1,兴山县人民医院购置,
341,兴山县,兴山县,1,兴山县昭君山庄A座廊道微型消防站旁,深圳市安保医疗科技股份有限公司,否,2024.1,兴山县人民医院购置,
342,兴山县,兴山县,1,兴山县高铁站进站口服务台,深圳市安保医疗科技股份有限公司,否,2024.1,兴山县人民医院购置,
343,兴山县,兴山县,1,兴山县汽车客运站2楼进站口医务室,深圳市安保医疗科技股份有限公司,否,2024.1,兴山县人民医院购置,
344,兴山县,兴山县,1,兴山县体育馆2楼篮球场,深圳市安保医疗科技股份有限公司,否,2024.1,兴山县人民医院购置,
345,兴山县,兴山县,1,兴山县古夫镇龙珠社区医务室,深圳市安保医疗科技股份有限公司,否,2024.1,兴山县人民医院购置,
346,兴山县,兴山县,1,兴山县古夫镇北斗坪社区医务室,深圳市安保医疗科技股份有限公司,否,2024.1,兴山县人民医院购置,
347,兴山县,兴山县,1,兴山县古夫镇丰邑社区医务室,深圳市安保医疗科技股份有限公司,否,2024.1,兴山县人民医院购置,
348,兴山县,兴山县,1,隐如度假酒店大堂(兴山昭君原野店）,深圳市安保医疗科技股份有限公司,否,2024.1,兴山县人民医院购置,
349,兴山县,兴山县,1,兴山县昭君原野紫龙山小区5号楼大厅,深圳市安保医疗科技股份有限公司,否,2024.1,兴山县人民医院购置,
350,兴山县,兴山县,1,兴山县岩岭大杉树景区岩上茶居接待大厅左边,深圳市安保医疗科技股份有限公司,否,2024.09.24,兴山县峡口镇中心卫生院购置,
351,兴山县,兴山县,1,兴山县桃花岭温泉度假酒店大堂左侧墙壁（消防栓旁）,普美康,否,2024.11.11,兴山县南阳镇卫生院购置,
352,兴山县,兴山县,1,兴山县昭君村游客中心大花坪售票大厅左侧,深圳市安保医疗科技股份有限公司,否,2024.09.24,兴山县县中医医院购置,
353,兴山县,兴山县,1,朝天吼漂流止漂点服务中心医务室,不详,否,2022,单位自购,
354,兴山县,兴山县,1,兴山县水月寺镇水月时光民宿接待中心,深圳市安保医疗科技股份有限公司,否,2024.09.24,兴山县水月寺镇中心卫生院购置,
355,兴山县,兴山县,1,兴山县云栖谷康养宾馆接待大厅,深圳市安保医疗科技股份有限公司,否,2024.09.24,兴山县水月寺镇中心卫生院购置,
356,秭归县,秭归县,1,秭归县华新水泥（秭归）有限公司中控室,迈瑞,否,2023,企业自购,
357,秭归县,秭归县,1,秭归县市民广场一楼大厅左侧,迈瑞,否,2023,县卫健局购买,
358,秭归县,秭归县,1,秭归县纪委监委医务室,迈瑞,否,2023,县卫健局购买,
359,秭归县,秭归县,1,秭归县卫健局一楼大厅左侧,迈瑞,否,2023,县卫健局购买,
360,秭归县,秭归县,1,秭归县客运站候车大厅,安保医疗,否,2023,单位自购,
361,秭归县,秭归县,1,秭归县客运港候客大厅,安保医疗,否,2023,单位自购,
362,秭归县,秭归县,1,秭归县经信局北山超市万象店入口处,安保医疗,否,2023,单位自购,
363,秭归县,秭归县,1,秭归县经信局物美超市欧意店,安保医疗,否,2023,单位自购,
364,秭归县,湖北银行秭归支行,1,秭归县茅坪镇平湖大道32号湖北银行秭归支行,维伟思,是,2025,单位自购,
365,长阳县,长阳县,1,长阳县消防救援大队（随车使用）,久心,否,2022.8,社会捐赠,
366,长阳县,长阳县,1,长阳县龙舟坪镇黄龙上城小区物业大厅,久心,否,2022.8,社会捐赠,
367,长阳县,长阳县,1,长阳县龙舟坪镇花坪社区居民委员会,久心,否,2022.8,社会捐赠,
368,长阳县,长阳县,1,长阳县龙舟坪镇龙门社区居民委员会,久心,否,2021.12,社会捐赠,
369,长阳县,长阳县,1,长阳县龙舟坪镇龙门社区医务室（龙舟大道47号）,久心,否,2021.12,社会捐赠,
370,长阳县,长阳县,1,长阳县龙舟坪镇湖口社区委员会,日本光电,否,2023.6,社会捐赠,
371,长阳县,长阳县,1,长阳土家族自治县津洋口星城一路星天地广场,久心,,2023,社会捐赠,
372,长阳县,长阳土家族自治县消防救援大队,1,长阳土家族自治县消防救援大队,久心,否,2023,县红十字捐赠,
373,长阳县,湖北银行长阳支行,1,长阳土家族自治县龙舟坪镇龙舟大道29号湖北银行长阳支行,维伟思,是,2025,单位自购,
374,长阳县,榔坪停车区,1,沪渝高速宜恩段榔坪停车区恩宜向，公厕旁休息室内,普美康,否,2025.1,省红十字会捐赠,
375,长阳县,高家堰服务区,1,沪渝高速沪渝向综合楼大厅服务台,普美康,否,2025.1,省红十字会捐赠,
376,长阳县,高家堰服务区,1,渝沪向综合楼服务台,普美康,否,2025.1,省红十字会捐赠,
377,五峰县,五峰县,1,五峰县民族剧院演艺大厅右侧,迈瑞,是,2023,县卫健局购买,
378,五峰县,五峰县,1,五峰县民族高中室内运动馆主席台左侧,迈瑞,是,2023,县卫健局购买,
379,五峰县,五峰县,1,五峰县民族体育馆入口门右侧,迈瑞,是,2023,县卫健局购买,
380,五峰县,五峰县,1,政府大楼一楼大厅,迈瑞,是,2023,县卫健局购买,
381,五峰县,五峰县,1,长途客运站售票处,迈瑞,是,2023,县卫健局购买,
382,五峰县,五峰县,1,五峰县五峰镇茅坪村卫生室,迈瑞,是,2023,社会捐赠,
383,五峰县,五峰自治县消防救援大队,1,五峰武汉大道消防救援站二楼医务室,迈瑞,否,2022,政府调配,
384,五峰县,湖北银行宜昌分行,1,五峰土家族自治县渔洋关镇长乐大道79号湖北银行五峰支行,维伟思,是,2025年,单位自购,
