xh,stxz,dwxz,stmc,zdzmc,ssxsq,szghlb,szjclbsy,szjclbby,szxz,jnljcbxm,rjzdbl,bycbxm,cbts,cbznd,bz,bysj
1,河流,国控,长江,南津关,宜昌市,Ⅱ类,Ⅱ类,Ⅱ类,优,--,100.00%,--,--,--,--,2024年1月
2,河流,国控,长江,云池（白洋）,宜都市,Ⅱ类,Ⅱ类,Ⅱ类,优,--,100.00%,--,--,--,--,2024年1月
3,河流,国控,长江,砖瓦厂,枝江市,Ⅱ类,Ⅱ类,Ⅱ类,优,--,100.00%,--,--,--,--,2024年1月
4,河流,国控,沮河,铁路大桥（小桂林）,远安县,Ⅱ类,Ⅱ类,Ⅱ类,优,--,100.00%,--,--,--,--,2024年1月
5,河流,国控,沮漳河,两河口（草埠湖水厂）,当阳市,Ⅱ类,Ⅱ类,Ⅱ类,优,--,90.30%,氨氮(0.26-1.22),3,0.63-1.11,下雨、面源污染,2024年1月
6,河流,国控,沮漳河,两河口（草埠湖水厂）,当阳市,Ⅱ类,Ⅱ类,Ⅱ类,优,--,90.30%,总磷(0.01-0.14),2,0.101-0.114,下雨、面源污染,2024年1月
7,河流,国控,沮漳河,荆州河口,枝江市,Ⅱ类,Ⅱ类,Ⅱ类,优,--,90.30%,氨氮(0.26-0.5),2,0.63-0.75,下雨、面源污染、回水区,2024年1月
8,河流,国控,沮漳河,荆州河口,枝江市,Ⅱ类,Ⅱ类,Ⅱ类,优,--,90.30%,总磷(0.02-0.27),2,0.102-0.127,下雨、面源污染、回水区,2024年1月
9,河流,国控,香溪河,长沙坝,兴山县,Ⅱ类,Ⅱ类,Ⅱ类,优,--,100.00%,--,--,--,--,2024年1月
10,河流,国控,清江,隔河岩水库坝上,长阳县,Ⅱ类,Ⅱ类,Ⅱ类,优,--,100.00%,--,--,--,--,2024年1月
11,河流,国控,清江,清江大桥,宜都市,Ⅱ类,Ⅱ类,Ⅱ类,优,--,100.00%,--,--,--,--,2024年1月
12,河流,长江经济带,黄柏河,黄柏河大桥,夷陵区,Ⅱ类,Ⅱ类,Ⅱ类,优,--,100.00%,--,--,--,--,2024年1月
13,河流,长江经济带,黄柏河,东支（天府庙）,远安县,Ⅱ类,Ⅰ类,Ⅰ类,优,--,100.00%,--,--,--,--,2024年1月
14,河流,长江经济带,清江,朱津滩,宜都市,Ⅱ类,Ⅱ类,Ⅰ类,优,--,100.00%,--,--,--,--,2024年1月
15,河流,长江经济带,柏临河,土门大桥,夷陵区,Ⅲ类,Ⅱ类,Ⅱ类,优,--,93.50%,氨氮(0.04),1,1.04,下雨、面源污染,2024年1月
16,河流,长江经济带,柏临河,土门大桥,夷陵区,Ⅲ类,Ⅱ类,Ⅱ类,优,--,93.50%,总磷(0.205-0.27),2,0.241-0.254,下雨、面源污染,2024年1月
17,河流,长江经济带,天池河,纸坊头,五峰县,Ⅱ类,Ⅱ类,Ⅱ类,优,--,100.00%,--,--,--,--,2024年1月
18,河流,长江经济带,渔洋河,马勒坡,五峰县,Ⅱ类,Ⅱ类,Ⅱ类,优,--,96.80%,氨氮(0.32),1,0.66,下雨、面源污染,2024年1月
19,河流,省控,九畹溪,九畹溪河口,秭归县,Ⅲ类,Ⅱ类,Ⅱ类,优,--,100.00%,--,--,--,--,2024年1月
20,湖库,市控,善溪冲水库,善溪冲水库,猇亭区,Ⅲ类,Ⅱ类,--,--,--,--,--,--,--,--,2024年1月
21,湖库,市控,官庄水库,官庄水库,夷陵区,Ⅲ类,Ⅱ类,--,--,--,--,--,--,--,--,2024年1月
22,河流,国控,长江,南津关,宜昌市,Ⅱ类,Ⅱ类,Ⅱ类,优,--,100.00%,--,--,--,--,2024年2月
23,河流,国控,长江,云池（白洋）,宜都市,Ⅱ类,Ⅱ类,Ⅱ类,优,--,100.00%,--,--,--,--,2024年2月
24,河流,国控,长江,砖瓦厂,枝江市,Ⅱ类,Ⅱ类,Ⅱ类,优,--,100.00%,--,--,--,--,2024年2月
25,河流,国控,沮河,铁路大桥（小桂林）,远安县,Ⅱ类,Ⅱ类,Ⅱ类,优,--,100.00%,--,--,--,--,2024年2月
26,河流,国控,沮漳河,两河口（草埠湖水厂）,当阳市,Ⅱ类,Ⅱ类,Ⅱ类,优,--,100.00%,--,--,--,--,2024年2月
27,河流,国控,沮漳河,荆州河口,枝江市,Ⅱ类,Ⅱ类,Ⅱ类,优,--,100.00%,--,--,--,--,2024年2月
28,河流,国控,香溪河,长沙坝,兴山县,Ⅱ类,Ⅱ类,Ⅱ类,优,--,100.00%,--,--,--,--,2024年2月
29,河流,国控,清江,隔河岩水库坝上,长阳县,Ⅱ类,Ⅱ类,Ⅱ类,优,--,100.00%,--,--,--,--,2024年2月
30,河流,国控,清江,清江大桥,宜都市,Ⅱ类,Ⅱ类,Ⅱ类,优,--,100.00%,--,--,--,--,2024年2月
31,河流,长江经济带,黄柏河,黄柏河大桥,夷陵区,Ⅱ类,Ⅱ类,Ⅱ类,优,--,100.00%,--,--,--,--,2024年2月
32,河流,长江经济带,黄柏河,东支（天府庙）,远安县,Ⅱ类,Ⅰ类,Ⅰ类,优,--,100.00%,--,--,--,--,2024年2月
33,河流,长江经济带,清江,朱津滩,宜都市,Ⅱ类,Ⅰ类,Ⅱ类,优,--,100.00%,--,--,--,--,2024年2月
34,河流,长江经济带,柏临河,土门大桥,夷陵区,Ⅲ类,Ⅱ类,Ⅱ类,优,--,100.00%,--,--,--,--,2024年2月
35,河流,长江经济带,天池河,纸坊头,五峰县,Ⅱ类,Ⅱ类,Ⅱ类,优,--,100.00%,--,--,--,--,2024年2月
36,河流,长江经济带,渔洋河,马勒坡,五峰县,Ⅱ类,Ⅱ类,Ⅱ类,优,--,100.00%,--,--,--,--,2024年2月
37,河流,省控,九畹溪,九畹溪河口,秭归县,Ⅲ类,Ⅱ类,Ⅱ类,优,--,100.00%,--,--,--,--,2024年2月
38,湖库,市控,善溪冲水库,善溪冲水库,猇亭区,Ⅲ类,Ⅱ类,Ⅱ类,优,--,100.00%,--,--,--,--,2024年2月
39,湖库,市控,官庄水库,官庄水库,夷陵区,Ⅲ类,Ⅱ类,Ⅱ类,优,--,100.00%,--,--,--,--,2024年2月
40,河流,国控,长江,南津关,宜昌市,Ⅱ类,Ⅱ类,Ⅱ类,优,--,100.00%,--,--,--,--,2024年3月
41,河流,国控,长江,云池（白洋）,宜都市,Ⅱ类,Ⅱ类,Ⅱ类,优,--,100.00%,--,--,--,--,2024年3月
42,河流,国控,长江,砖瓦厂,枝江市,Ⅱ类,Ⅱ类,Ⅱ类,优,--,100.00%,--,--,--,--,2024年3月
43,河流,国控,沮河,铁路大桥（小桂林）,远安县,Ⅱ类,Ⅱ类,Ⅱ类,优,--,100.00%,--,--,--,--,2024年3月
44,河流,国控,沮漳河,两河口（草埠湖水厂）,当阳市,Ⅱ类,Ⅱ类,Ⅱ类,优,--,100.00%,--,--,--,--,2024年3月
45,河流,国控,沮漳河,荆州河口,枝江市,Ⅱ类,Ⅱ类,Ⅱ类,优,--,100.00%,--,--,--,--,2024年3月
46,河流,国控,香溪河,长沙坝,兴山县,Ⅱ类,Ⅱ类,Ⅱ类,优,--,100.00%,--,--,--,--,2024年3月
47,河流,国控,清江,隔河岩水库坝上,长阳县,Ⅱ类,Ⅱ类,Ⅱ类,优,--,96.80%,总磷(0.04),1,0.026,--,2024年3月
48,河流,国控,清江,清江大桥,宜都市,Ⅱ类,Ⅱ类,Ⅱ类,优,--,100.00%,--,--,--,--,2024年3月
49,河流,长江经济带,黄柏河,黄柏河大桥,夷陵区,Ⅱ类,Ⅱ类,Ⅰ类,优,--,100.00%,--,--,--,--,2024年3月
50,河流,长江经济带,黄柏河,东支（天府庙）,远安县,Ⅱ类,Ⅰ类,Ⅰ类,优,--,100.00%,--,--,--,--,2024年3月
51,河流,长江经济带,清江,朱津滩,宜都市,Ⅱ类,Ⅱ类,Ⅰ类,优,--,100.00%,--,--,--,--,2024年3月
52,河流,长江经济带,柏临河,土门大桥,夷陵区,Ⅲ类,Ⅱ类,Ⅱ类,优,--,93.50%,高锰酸盐指数(0.08),1,6.5,下雨、面源污染,2024年3月
53,河流,长江经济带,柏临河,土门大桥,夷陵区,Ⅲ类,Ⅱ类,Ⅱ类,优,--,93.50%,氨氮(0.02),1,1.02,下雨、面源污染,2024年3月
54,河流,长江经济带,柏临河,土门大桥,夷陵区,Ⅲ类,Ⅱ类,Ⅱ类,优,--,93.50%,总磷(0.14-0.215),2,0.228-0.243,下雨、面源污染,2024年3月
55,河流,长江经济带,天池河,纸坊头,五峰县,Ⅱ类,Ⅱ类,Ⅱ类,优,--,100.00%,--,--,--,--,2024年3月
56,河流,长江经济带,渔洋河,马勒坡,五峰县,Ⅱ类,Ⅱ类,Ⅱ类,优,--,93.50%,高锰酸盐指数(0.7),1,6.8,下雨、面源污染,2024年3月
57,河流,长江经济带,渔洋河,马勒坡,五峰县,Ⅱ类,Ⅱ类,Ⅱ类,优,--,93.50%,总磷(0.29-1.05),2,0.129-0.205,下雨、面源污染,2024年3月
58,河流,省控,九畹溪,九畹溪河口,秭归县,Ⅲ类,Ⅱ类,Ⅱ类,优,--,100.00%,--,--,--,--,2024年3月
59,湖库,市控,善溪冲水库,善溪冲水库,猇亭区,Ⅲ类,Ⅱ类,Ⅱ类,优,--,100.00%,--,--,--,--,2024年3月
60,湖库,市控,官庄水库,官庄水库,夷陵区,Ⅲ类,Ⅱ类,Ⅰ类,优,--,100.00%,--,--,--,--,2024年3月
61,河流,国控,长江,南津关,宜昌市,Ⅱ类,Ⅱ类,Ⅱ类,优,--,100.00%,--,--,--,--,2024年4月
62,河流,国控,长江,云池（白洋）,宜都市,Ⅱ类,Ⅱ类,Ⅱ类,优,--,100.00%,--,--,--,--,2024年4月
63,河流,国控,长江,砖瓦厂,枝江市,Ⅱ类,Ⅱ类,Ⅱ类,优,--,100.00%,--,--,--,--,2024年4月
64,河流,国控,沮河,铁路大桥（小桂林）,远安县,Ⅱ类,Ⅱ类,Ⅱ类,优,--,96.70%,总磷(0.04),1,0.104,下雨、面源污染,2024年4月
65,河流,国控,沮漳河,两河口（草埠湖水厂）,当阳市,Ⅱ类,Ⅱ类,Ⅱ类,优,--,100.00%,--,--,--,--,2024年4月
66,河流,国控,沮漳河,荆州河口,枝江市,Ⅱ类,Ⅱ类,Ⅱ类,优,--,96.70%,总磷(0.28),1,0.128,下雨、面源污染,2024年4月
67,河流,国控,香溪河,长沙坝,兴山县,Ⅱ类,Ⅱ类,Ⅱ类,优,--,60.00%,总磷(0.01-0.32),12,0.101-0.132,下雨、面源污染；三峡大坝放水，导致库区水位下降，加之上游来水减少，库容变小，水体自净能力变差导致,2024年4月
68,河流,国控,清江,隔河岩水库坝上,长阳县,Ⅱ类,Ⅱ类,Ⅰ类,优,--,96.80%,--,--,--,--,2024年4月
69,河流,国控,清江,清江大桥,宜都市,Ⅱ类,Ⅱ类,Ⅱ类,优,--,100.00%,--,--,--,--,2024年4月
70,河流,长江经济带,黄柏河,黄柏河大桥,夷陵区,Ⅱ类,Ⅰ类,Ⅰ类,优,--,100.00%,--,--,--,--,2024年4月
71,河流,长江经济带,黄柏河,东支（天府庙）,远安县,Ⅱ类,Ⅰ类,Ⅰ类,优,--,100.00%,--,--,--,--,2024年4月
72,河流,长江经济带,清江,朱津滩,宜都市,Ⅱ类,Ⅰ类,Ⅰ类,优,--,100.00%,--,--,--,--,2024年4月
73,河流,长江经济带,柏临河,土门大桥,夷陵区,Ⅲ类,Ⅱ类,Ⅱ类,优,--,90.00%,溶解氧（-）,3,4.5-4.9,水草丰茂，光合作用、呼吸作用影响，水体流动性差,2024年4月
74,河流,长江经济带,天池河,纸坊头,五峰县,Ⅱ类,Ⅱ类,Ⅱ类,优,--,100.00%,--,--,--,--,2024年4月
75,河流,长江经济带,渔洋河,马勒坡,五峰县,Ⅱ类,Ⅱ类,Ⅱ类,优,--,96.70%,高锰酸盐指数(0.225),1,4.9,下雨、面源污染,2024年4月
76,河流,长江经济带,渔洋河,马勒坡,五峰县,Ⅱ类,Ⅱ类,Ⅱ类,优,--,96.70%,总磷(0.04),1,0.104,下雨、面源污染,2024年4月
77,河流,省控,九畹溪,九畹溪河口,秭归县,Ⅲ类,Ⅱ类,Ⅱ类,优,--,100.00%,--,--,--,--,2024年4月
78,湖库,市控,善溪冲水库,善溪冲水库,猇亭区,Ⅲ类,Ⅱ类,Ⅲ类,良好,--,100.00%,--,--,--,--,2024年4月
79,湖库,市控,官庄水库,官庄水库,夷陵区,Ⅲ类,Ⅰ类,Ⅰ类,优,--,100.00%,--,--,--,--,2024年4月
80,河流,国控,长江,南津关,宜昌市,Ⅱ类,Ⅱ类,Ⅱ类,优,--,100.00%,--,--,--,--,2024年5月
81,河流,国控,长江,云池（白洋）,宜都市,Ⅱ类,Ⅱ类,Ⅱ类,优,--,100.00%,--,--,--,--,2024年5月
82,河流,国控,长江,砖瓦厂,枝江市,Ⅱ类,Ⅱ类,Ⅱ类,优,--,100.00%,--,--,--,--,2024年5月
83,河流,国控,沮河,铁路大桥（小桂林）,远安县,Ⅱ类,Ⅱ类,Ⅱ类,优,--,96.70%,--,--,--,--,2024年5月
84,河流,国控,沮漳河,两河口（草埠湖水厂）,当阳市,Ⅱ类,Ⅱ类,Ⅱ类,优,--,64.50%,溶解氧（-）,11,5.3-5.9,下雨、流动性差,2024年5月
85,河流,国控,沮漳河,荆州河口,枝江市,Ⅱ类,Ⅱ类,Ⅱ类,优,--,92.30%,溶解氧（-）,2,5.6-5.7,下雨、回水区,2024年5月
86,河流,国控,香溪河,长沙坝,兴山县,Ⅱ类,Ⅱ类,Ⅱ类,优,--,96.80%,总磷(0.05),1,0.105,下雨、面源污染,2024年5月
87,河流,国控,清江,隔河岩水库坝上,长阳县,Ⅱ类,Ⅰ类,Ⅱ类,优,--,100.00%,--,--,--,--,2024年5月
88,河流,国控,清江,清江大桥,宜都市,Ⅱ类,Ⅱ类,Ⅱ类,优,--,100.00%,--,--,--,--,2024年5月
89,河流,长江经济带,黄柏河,黄柏河大桥,夷陵区,Ⅱ类,Ⅰ类,Ⅱ类,优,--,100.00%,--,--,--,--,2024年5月
90,河流,长江经济带,黄柏河,东支（天府庙）,远安县,Ⅱ类,Ⅰ类,Ⅱ类,优,--,96.80%,总磷(0.128),1,0.228,下雨、面源污染,2024年5月
91,河流,长江经济带,清江,朱津滩,宜都市,Ⅱ类,Ⅰ类,Ⅰ类,优,--,100.00%,--,--,--,--,2024年5月
92,河流,长江经济带,柏临河,土门大桥,夷陵区,Ⅲ类,Ⅱ类,Ⅱ类,优,--,96.80%,总磷(0.265),1,0.253,企业排污,2024年5月
93,河流,长江经济带,天池河,纸坊头,五峰县,Ⅱ类,Ⅱ类,Ⅱ类,优,--,100.00%,--,--,--,--,2024年5月
94,河流,长江经济带,渔洋河,马勒坡,五峰县,Ⅱ类,Ⅱ类,Ⅱ类,优,--,96.70%,--,--,--,--,2024年5月
95,河流,省控,九畹溪,九畹溪河口,秭归县,Ⅲ类,Ⅱ类,Ⅱ类,优,--,100.00%,--,--,--,--,2024年5月
96,湖库,市控,善溪冲水库,善溪冲水库,猇亭区,Ⅲ类,Ⅲ类,Ⅱ类,优,--,100.00%,--,--,--,--,2024年5月
97,湖库,市控,官庄水库,官庄水库,夷陵区,Ⅲ类,Ⅰ类,Ⅰ类,优,--,100.00%,--,--,--,--,2024年5月
98,河流,国控,长江,南津关,宜昌市,Ⅱ类,Ⅱ类,Ⅱ类,优,--,40.00%,溶解氧（-）,18,5.2-5.8,水体流动性差,2024年6月
99,河流,国控,长江,云池（白洋）,宜都市,Ⅱ类,Ⅱ类,Ⅱ类,优,--,100.00%,--,--,--,--,2024年6月
100,河流,国控,长江,砖瓦厂,枝江市,Ⅱ类,Ⅱ类,Ⅱ类,优,--,100.00%,--,--,--,--,2024年6月
101,河流,国控,沮河,铁路大桥（小桂林）,远安县,Ⅱ类,Ⅱ类,Ⅱ类,优,--,90.00%,溶解氧（-）,3,4.8-5.9,水位低，水体流动性差,2024年6月
102,河流,国控,沮漳河,两河口（草埠湖水厂）,当阳市,Ⅱ类,Ⅱ类,Ⅱ类,优,--,53.30%,溶解氧（-）,8,5.3-5.9,下雨，面源污染，受上游来水影响，水体流动性差,2024年6月
103,河流,国控,沮漳河,两河口（草埠湖水厂）,当阳市,Ⅱ类,Ⅱ类,Ⅱ类,优,--,53.30%,高锰酸盐指数(0.025-0.275),9,4.1-5.1,下雨，面源污染，受上游来水影响，水体流动性差,2024年6月
104,河流,国控,沮漳河,荆州河口,枝江市,Ⅱ类,Ⅱ类,Ⅱ类,优,--,83.30%,溶解氧（-）,5,4.5-5.5,下雨、面源污染、受上游来水影响及回水区,2024年6月
105,河流,国控,沮漳河,荆州河口,枝江市,Ⅱ类,Ⅱ类,Ⅱ类,优,--,83.30%,高锰酸盐指数(0.025),1,4.1,下雨、面源污染、受上游来水影响及回水区,2024年6月
106,河流,国控,沮漳河,荆州河口,枝江市,Ⅱ类,Ⅱ类,Ⅱ类,优,--,83.30%,总磷(0.05-0.2),2,0.105-0.12,下雨、面源污染、受上游来水影响及回水区,2024年6月
107,河流,国控,香溪河,长沙坝,兴山县,Ⅱ类,Ⅱ类,Ⅱ类,优,--,90.00%,总磷(0.05),3,0.111-0.176,下雨、面源污染、受上游来水影响及回水区,2024年6月
108,河流,国控,清江,隔河岩水库坝上,长阳县,Ⅱ类,Ⅱ类,Ⅱ类,优,--,100.00%,--,--,--,--,2024年6月
109,河流,国控,清江,清江大桥,宜都市,Ⅱ类,Ⅱ类,Ⅱ类,优,--,100.00%,--,--,--,--,2024年6月
110,河流,长江经济带,黄柏河,黄柏河大桥,夷陵区,Ⅱ类,Ⅱ类,Ⅱ类,优,--,100.00%,--,--,--,--,2024年6月
111,河流,长江经济带,黄柏河,东支（天府庙）,远安县,Ⅱ类,Ⅱ类,Ⅱ类,优,--,100.00%,--,--,--,--,2024年6月
112,河流,长江经济带,清江,朱津滩,宜都市,Ⅱ类,Ⅰ类,Ⅱ类,优,--,100.00%,--,--,--,--,2024年6月
113,河流,长江经济带,柏临河,土门大桥,夷陵区,Ⅲ类,Ⅱ类,Ⅱ类,优,--,90.00%,溶解氧（-）,2,4.4,下雨、面源污染,2024年6月
114,河流,长江经济带,柏临河,土门大桥,夷陵区,Ⅲ类,Ⅱ类,Ⅱ类,优,--,90.00%,总磷(0.2),1,0.24,下雨、面源污染,2024年6月
115,河流,长江经济带,天池河,纸坊头,五峰县,Ⅱ类,Ⅱ类,Ⅱ类,优,--,100.00%,--,--,--,--,2024年6月
116,河流,长江经济带,渔洋河,马勒坡,五峰县,Ⅱ类,Ⅱ类,Ⅱ类,优,--,86.70%,溶解氧（-）,1,5.9,水流量特别小,2024年6月
117,河流,长江经济带,渔洋河,马勒坡,五峰县,Ⅱ类,Ⅱ类,Ⅱ类,优,--,86.70%,高锰酸盐指数(0.125),1,4.5,下雨，面源污染,2024年6月
118,河流,长江经济带,渔洋河,马勒坡,五峰县,Ⅱ类,Ⅱ类,Ⅱ类,优,--,86.70%,总磷(0.15-0.29),3,0.115-0.129,下雨，面源污染,2024年6月
119,河流,省控,九畹溪,九畹溪河口,秭归县,Ⅲ类,Ⅱ类,Ⅱ类,优,--,100.00%,--,--,--,--,2024年6月
120,河流,国控,长江,南津关,宜昌市,Ⅱ类,Ⅱ类,Ⅲ类,良好,总磷（0.19）,45.20%,总磷(0.23-1.03),17,0.123-0.203,下雨、面源污染、上游大坝放水影响,2024年7月
121,河流,国控,长江,云池（白洋）,宜都市,Ⅱ类,Ⅱ类,Ⅱ类,优,--,100.00%,--,--,--,--,2024年7月
122,河流,国控,长江,砖瓦厂,枝江市,Ⅱ类,Ⅱ类,Ⅱ类,优,--,100.00%,--,--,--,--,2024年7月
123,河流,国控,沮河,铁路大桥（小桂林）,远安县,Ⅱ类,Ⅱ类,Ⅱ类,优,--,54.80%,溶解氧（-）,6,4.9-5.9,下雨、面源污染,2024年7月
124,河流,国控,沮河,铁路大桥（小桂林）,远安县,Ⅱ类,Ⅱ类,Ⅱ类,优,--,54.80%,高锰酸盐指数(0.1),1,4.4,下雨、面源污染,2024年7月
125,河流,国控,沮河,铁路大桥（小桂林）,远安县,Ⅱ类,Ⅱ类,Ⅱ类,优,--,54.80%,总磷(0.02-0.74),10,0.102-0.174,下雨、面源污染,2024年7月
126,河流,国控,沮漳河,两河口（草埠湖水厂）,当阳市,Ⅱ类,Ⅱ类,Ⅱ类,优,--,61.30%,溶解氧（-）,11,4-5.9,下雨，面源污染，受上游来水影响，水体流动性差,2024年7月
127,河流,国控,沮漳河,两河口（草埠湖水厂）,当阳市,Ⅱ类,Ⅱ类,Ⅱ类,优,--,61.30%,高锰酸盐指数(0.05),1,4.2,下雨，面源污染，受上游来水影响，水体流动性差,2024年7月
128,河流,国控,沮漳河,荆州河口,枝江市,Ⅱ类,Ⅱ类,Ⅲ类,良好,高锰酸盐指数（0.1）,29.00%,溶解氧（-）,14,2.8-5.4,下雨、面源污染、受上游来水影响及回水区,2024年7月
129,河流,国控,沮漳河,荆州河口,枝江市,Ⅱ类,Ⅱ类,Ⅲ类,良好,高锰酸盐指数（0.1）,29.00%,高锰酸盐指数(0.025-0.75),22,4.1-7,下雨、面源污染、受上游来水影响及回水区,2024年7月
130,河流,国控,沮漳河,荆州河口,枝江市,Ⅱ类,Ⅱ类,Ⅲ类,良好,高锰酸盐指数（0.1）,29.00%,总磷(0.01-1.58),7,0.101-0.258,下雨、面源污染、受上游来水影响及回水区,2024年7月
131,河流,国控,香溪河,长沙坝,兴山县,Ⅱ类,Ⅱ类,Ⅱ类,优,--,80.60%,溶解氧（-）,2,5.9,下雨、面源污染、受上游来水影响及回水区,2024年7月
132,河流,国控,香溪河,长沙坝,兴山县,Ⅱ类,Ⅱ类,Ⅱ类,优,--,80.60%,总磷(0.21-1.55),5,0.121-0.255,下雨、面源污染、受上游来水影响及回水区,2024年7月
133,河流,国控,清江,隔河岩水库坝上,长阳县,Ⅱ类,Ⅱ类,Ⅱ类,优,--,100.00%,--,--,--,--,2024年7月
134,河流,国控,清江,清江大桥,宜都市,Ⅱ类,Ⅱ类,Ⅱ类,优,--,38.70%,溶解氧（-）,19,5.6-5.9,下雨、面源污染、回水区,2024年7月
135,河流,长江经济带,黄柏河,黄柏河大桥,夷陵区,Ⅱ类,Ⅱ类,Ⅱ类,优,--,93.30%,溶解氧（-）,1,5.1,下雨、回水区,2024年7月
136,河流,长江经济带,黄柏河,黄柏河大桥,夷陵区,Ⅱ类,Ⅱ类,Ⅱ类,优,--,93.30%,高锰酸盐指数(0.075),1,4.3,下雨、回水区,2024年7月
137,河流,长江经济带,黄柏河,东支（天府庙）,远安县,Ⅱ类,Ⅱ类,Ⅱ类,优,--,77.40%,溶解氧（-）,4,5.3-5.8,水位太低，水体流动性差，水草多,2024年7月
138,河流,长江经济带,黄柏河,东支（天府庙）,远安县,Ⅱ类,Ⅱ类,Ⅱ类,优,--,77.40%,总磷(0.24-2.35),3,0.124-0.335,下雨、面源污染,2024年7月
139,河流,长江经济带,清江,朱津滩,宜都市,Ⅱ类,Ⅱ类,Ⅱ类,优,--,100.00%,--,--,--,--,2024年7月
140,河流,长江经济带,柏临河,土门大桥,夷陵区,Ⅲ类,Ⅱ类,Ⅱ类,优,--,100.00%,--,--,--,--,2024年7月
141,河流,长江经济带,天池河,纸坊头,五峰县,Ⅱ类,Ⅱ类,Ⅱ类,优,--,96.80%,总磷(0.05),1,0.105,下雨、面源污染,2024年7月
142,河流,长江经济带,渔洋河,马勒坡,五峰县,Ⅱ类,Ⅱ类,Ⅱ类,优,--,96.80%,总磷(0.06),1,0.106,下雨、面源污染,2024年7月
143,河流,省控,九畹溪,九畹溪河口,秭归县,Ⅲ类,Ⅱ类,Ⅱ类,优,--,100.00%,--,--,--,--,2024年7月
144,河流,国控,长江,南津关,宜昌市,Ⅱ类,Ⅲ类,Ⅱ类,优,--,61.30%,总磷(0.03-0.74),12,0.103-0.174,上游三峡大坝放水影响,2024年8月
145,河流,国控,长江,云池（白洋）,宜都市,Ⅱ类,Ⅱ类,Ⅱ类,优,--,100.00%,--,--,--,--,2024年8月
146,河流,国控,长江,砖瓦厂,枝江市,Ⅱ类,Ⅱ类,Ⅱ类,优,--,100.00%,--,--,--,--,2024年8月
147,河流,国控,沮河,铁路大桥（小桂林）,远安县,Ⅱ类,Ⅱ类,Ⅱ类,优,--,90.30%,溶解氧（-）,1,5.6,/,2024年8月
148,河流,国控,沮河,铁路大桥（小桂林）,远安县,Ⅱ类,Ⅱ类,Ⅱ类,优,--,90.30%,高锰酸盐指数(0.625),1,6.5,下雨、面源污染,2024年8月
149,河流,国控,沮河,铁路大桥（小桂林）,远安县,Ⅱ类,Ⅱ类,Ⅱ类,优,--,90.30%,总磷(0.24-0.26),2,0.124-0.126,下雨、面源污染,2024年8月
150,河流,国控,沮漳河,两河口（草埠湖水厂）,当阳市,Ⅱ类,Ⅱ类,Ⅱ类,优,--,45.20%,溶解氧（-）,2,5.7,下雨、面源污染、水体流动性差,2024年8月
151,河流,国控,沮漳河,两河口（草埠湖水厂）,当阳市,Ⅱ类,Ⅱ类,Ⅱ类,优,--,45.20%,高锰酸盐指数(0.025-0.3),15,4.1-5.2,,2024年8月
152,河流,国控,沮漳河,荆州河口,枝江市,Ⅱ类,Ⅲ类,Ⅲ类,良好,高锰酸盐指数（0.025）,58.10%,溶解氧（-）,6,2.7-5.8,下雨、面源污染、回水区,2024年8月
153,河流,国控,沮漳河,荆州河口,枝江市,Ⅱ类,Ⅲ类,Ⅲ类,良好,高锰酸盐指数（0.025）,58.10%,高锰酸盐指数(0.025-0.375),12,4.1-5.5,下雨、面源污染、受上游来水影响及回水区,2024年8月
154,河流,国控,沮漳河,荆州河口,枝江市,Ⅱ类,Ⅲ类,Ⅲ类,良好,高锰酸盐指数（0.025）,58.10%,总磷(0.07),1,0.107,下雨、面源污染、回水区,2024年8月
155,河流,国控,香溪河,长沙坝,兴山县,Ⅱ类,Ⅱ类,Ⅱ类,优,--,96.80%,高锰酸盐指数(0.05),1,4.2,高温无雨，水量小，回水区,2024年8月
156,河流,国控,清江,隔河岩水库坝上,长阳县,Ⅱ类,Ⅱ类,Ⅱ类,优,--,100.00%,--,--,--,--,2024年8月
157,河流,国控,清江,清江大桥,宜都市,Ⅱ类,Ⅱ类,Ⅲ类,良好,溶解氧（-）,19.40%,溶解氧（-）,25,5.2-5.9,高温无雨，水体流动性差，回水区,2024年8月
158,河流,长江经济带,黄柏河,黄柏河大桥,夷陵区,Ⅱ类,Ⅱ类,Ⅱ类,优,--,100.00%,--,--,--,--,2024年8月
159,河流,长江经济带,黄柏河,东支（天府庙）,远安县,Ⅱ类,Ⅱ类,Ⅱ类,优,--,100.00%,--,--,--,--,2024年8月
160,河流,长江经济带,清江,朱津滩,宜都市,Ⅱ类,Ⅱ类,Ⅱ类,优,--,83.90%,溶解氧（-）,5,5.7-5.9,下雨、面源污染,2024年8月
161,河流,长江经济带,柏临河,土门大桥,夷陵区,Ⅲ类,Ⅱ类,Ⅱ类,优,--,96.70%,溶解氧（-）,1,4.4,因运维原因，导致停电,2024年8月
162,河流,长江经济带,天池河,纸坊头,五峰县,Ⅱ类,Ⅱ类,Ⅰ类,优,--,100.00%,--,--,--,--,2024年8月
163,河流,长江经济带,渔洋河,马勒坡,五峰县,Ⅱ类,Ⅱ类,Ⅱ类,优,--,100.00%,--,--,--,--,2024年8月
164,河流,省控,九畹溪,九畹溪河口,秭归县,Ⅲ类,Ⅱ类,Ⅱ类,优,--,100.00%,--,--,--,--,2024年8月
165,河流,国控,长江,南津关,宜昌市,Ⅱ类,Ⅱ类,Ⅱ类,优,--,100.00%,--,--,--,--,2024年9月
166,河流,国控,长江,云池（白洋）,宜都市,Ⅱ类,Ⅱ类,Ⅱ类,优,--,100.00%,--,--,--,--,2024年9月
167,河流,国控,长江,砖瓦厂,枝江市,Ⅱ类,Ⅱ类,Ⅱ类,优,--,100.00%,--,--,--,--,2024年9月
168,河流,国控,沮河,铁路大桥（小桂林）,远安县,Ⅱ类,Ⅱ类,Ⅱ类,优,--,100.00%,--,--,--,--,2024年9月
169,河流,国控,沮漳河,两河口（草埠湖水厂）,当阳市,Ⅱ类,Ⅱ类,Ⅱ类,优,--,100.00%,--,--,--,--,2024年9月
170,河流,国控,沮漳河,荆州河口,枝江市,Ⅱ类,Ⅲ类,Ⅱ类,优,--,53.30%,溶解氧（-）,7,3.5-5.9,下雨、面源污染、回水区,2024年9月
171,河流,国控,沮漳河,荆州河口,枝江市,Ⅱ类,Ⅲ类,Ⅱ类,优,--,53.30%,高锰酸盐指数(0.075-0.475),7,4.3-5.9,下雨、面源污染、回水区,2024年9月
172,河流,国控,沮漳河,荆州河口,枝江市,Ⅱ类,Ⅲ类,Ⅱ类,优,--,53.30%,总磷(0.01),1,0.101,下雨、面源污染、回水区,2024年9月
173,河流,国控,香溪河,长沙坝,兴山县,Ⅱ类,Ⅱ类,Ⅳ类,轻度污染,溶解氧（-）,30.00%,溶解氧（-）,21,1.7-5.7,高温无雨、回水区、水体流动性差,2024年9月
174,河流,国控,清江,隔河岩水库坝上,长阳县,Ⅱ类,Ⅱ类,Ⅱ类,优,--,100.00%,--,--,--,--,2024年9月
175,河流,国控,清江,清江大桥,宜都市,Ⅱ类,Ⅲ类,Ⅲ类,良好,溶解氧（-）,6.70%,溶解氧（-）,28,4.5-5.9,下雨、水体流动性差、回水区,2024年9月
176,河流,长江经济带,黄柏河,黄柏河大桥,夷陵区,Ⅱ类,Ⅱ类,--,--,--,--,--,--,--,--,2024年9月
177,河流,长江经济带,黄柏河,东支（天府庙）,远安县,Ⅱ类,Ⅱ类,Ⅱ类,优,--,83.30%,溶解氧（-）,5,5.7-5.9,水体流动性差,2024年9月
178,河流,长江经济带,清江,朱津滩,宜都市,Ⅱ类,Ⅱ类,Ⅱ类,优,--,70.00%,溶解氧（-）,9,4.7-5.9,下雨，水体流动性差,2024年9月
179,河流,长江经济带,柏临河,土门大桥,夷陵区,Ⅲ类,Ⅱ类,Ⅱ类,优,--,96.70%,溶解氧（-）,1,4.5,水量小，流动性差,2024年9月
180,河流,长江经济带,天池河,纸坊头,五峰县,Ⅱ类,Ⅰ类,Ⅰ类,优,--,100.00%,--,--,--,--,2024年9月
181,河流,长江经济带,渔洋河,马勒坡,五峰县,Ⅱ类,Ⅱ类,Ⅱ类,优,--,100.00%,--,--,--,--,2024年9月
182,河流,省控,九畹溪,九畹溪河口,秭归县,Ⅲ类,Ⅱ类,Ⅱ类,优,--,100.00%,--,--,--,--,2024年9月
183,河流,国控,长江,南津关,宜昌市,Ⅱ类,Ⅱ类,Ⅱ类,优,--,100%,--,--,--,--,2024年10月
184,河流,国控,长江,云池（白洋）,宜都市,Ⅱ类,Ⅱ类,Ⅱ类,优,--,100%,--,--,--,--,2024年10月
185,河流,国控,长江,砖瓦厂,枝江市,Ⅱ类,Ⅱ类,Ⅱ类,优,--,100%,--,--,--,--,2024年10月
186,河流,国控,沮河,铁路大桥（小桂林）,远安县,Ⅱ类,Ⅱ类,Ⅱ类,优,--,77.4%,总磷(0.09-0.74),7,0.109-0.174,下雨、面源污染,2024年10月
187,河流,国控,沮漳河,两河口（草埠湖水厂）,当阳市,Ⅱ类,Ⅱ类,Ⅱ类,优,--,100%,--,--,--,--,2024年10月
188,河流,国控,沮漳河,荆州河口,枝江市,Ⅱ类,Ⅱ类,Ⅱ类,优,--,90.3%,溶解氧（-）,3,5.3-5.9,下雨、面源污染、回水区,2024年10月
189,河流,国控,香溪河,长沙坝,兴山县,Ⅱ类,Ⅳ类,Ⅲ类,良好,溶解氧（-）,41.9%,溶解氧（-）,18,2.8-5.1,采水管道被堵加上水泵有问题；回水区；下雨,2024年10月
190,河流,国控,清江,隔河岩水库坝上,长阳县,Ⅱ类,Ⅱ类,Ⅱ类,优,--,61.3%,溶解氧（-）,12,5.5-5.9,下雨、水体流动性差,2024年10月
191,河流,国控,清江,清江大桥,宜都市,Ⅱ类,Ⅲ类,Ⅲ类,良好,溶解氧（-）,58.1%,溶解氧（-）,13,4.5-5.9,下雨、回水区、水体流动性差,2024年10月
192,河流,长江经济带,黄柏河,黄柏河大桥,夷陵区,Ⅱ类,--,Ⅱ类,优,--,100%,--,--,--,--,2024年10月
193,河流,长江经济带,黄柏河,东支（天府庙）,远安县,Ⅱ类,Ⅱ类,Ⅱ类,优,--,100%,--,--,--,--,2024年10月
194,河流,长江经济带,清江,朱津滩,宜都市,Ⅱ类,Ⅱ类,Ⅱ类,优,--,80.6%,溶解氧（-）,6,5.6-5.9,下雨、面源污染、水体流动性差,2024年10月
195,河流,长江经济带,柏临河,土门大桥,夷陵区,Ⅲ类,Ⅱ类,Ⅱ类,优,--,93.5%,总磷(0.02-0.085),2,0.204-0.217,下雨、面源污染,2024年10月
196,河流,长江经济带,天池河,纸坊头,五峰县,Ⅱ类,Ⅰ类,Ⅱ类,优,--,100%,--,--,--,--,2024年10月
197,河流,长江经济带,渔洋河,马勒坡,五峰县,Ⅱ类,Ⅱ类,Ⅱ类,优,--,61.3%,溶解氧（-）,12,4.6-5.8,长期天干未降雨，渔洋河净流量较小，水体自净能力减弱，水体富营养化,2024年10月
198,河流,长江经济带,渔洋河,马勒坡,五峰县,Ⅱ类,Ⅱ类,Ⅱ类,优,--,61.3%,总磷(0.03-0.12),3,0.103-0.112,长期天干未降雨，渔洋河净流量较小，水体自净能力减弱，水体富营养化,2024年10月
199,河流,省控,九畹溪,九畹溪河口,秭归县,Ⅲ类,Ⅱ类,Ⅱ类,优,--,100%,--,--,--,--,2024年10月
200,河流,国控,长江,南津关,宜昌市,Ⅱ类,Ⅱ类,Ⅱ类,优,--,100%,--,--,--,--,2024年11月
201,河流,国控,长江,云池（白洋）,宜都市,Ⅱ类,Ⅱ类,Ⅱ类,优,--,100%,--,--,--,--,2024年11月
202,河流,国控,长江,砖瓦厂,枝江市,Ⅱ类,Ⅱ类,Ⅱ类,优,--,100%,--,--,--,--,2024年11月
203,河流,国控,沮河,铁路大桥（小桂林）,远安县,Ⅱ类,Ⅱ类,Ⅱ类,优,--,100%,--,--,--,--,2024年11月
204,河流,国控,沮漳河,两河口（草埠湖水厂）,当阳市,Ⅱ类,Ⅱ类,Ⅱ类,优,--,100%,--,--,--,--,2024年11月
205,河流,国控,沮漳河,荆州河口,枝江市,Ⅱ类,Ⅱ类,Ⅱ类,优,--,100%,--,--,--,--,2024年11月
206,河流,国控,香溪河,长沙坝,兴山县,Ⅱ类,Ⅲ类,Ⅱ类,优,--,100%,--,--,--,--,2024年11月
207,河流,国控,清江,隔河岩水库坝上,长阳县,Ⅱ类,Ⅱ类,Ⅲ类,良好,溶解氧（-）,43.3%,溶解氧（-）,17,5.2-5.9,下雨，水体流动性差,2024年11月
208,河流,国控,清江,清江大桥,宜都市,Ⅱ类,Ⅲ类,Ⅱ类,优,--,66.7%,溶解氧（-）,10,5.3-5.9,下雨、回水区、水体流动性差,2024年11月
209,河流,长江经济带,黄柏河,黄柏河大桥,夷陵区,Ⅱ类,Ⅱ类,Ⅱ类,优,--,100%,--,--,--,--,2024年11月
210,河流,长江经济带,黄柏河,东支（天府庙）,远安县,Ⅱ类,Ⅱ类,Ⅱ类,优,--,100%,--,--,--,--,2024年11月
211,河流,长江经济带,清江,朱津滩,宜都市,Ⅱ类,Ⅱ类,Ⅰ类,优,--,100%,--,--,--,--,2024年11月
212,河流,长江经济带,柏临河,土门大桥,夷陵区,Ⅲ类,Ⅱ类,Ⅱ类,优,--,100%,--,--,--,--,2024年11月
213,河流,长江经济带,天池河,纸坊头,五峰县,Ⅱ类,Ⅱ类,Ⅱ类,优,--,96.7%,总磷(0.03),1,0.103,下雨，面源污染,2024年11月
214,河流,长江经济带,渔洋河,马勒坡,五峰县,Ⅱ类,Ⅱ类,Ⅱ类,优,--,76.7%,溶解氧（-）,4,2.9-5,"下雨，流量较小，水体流动性差,面源污染",2024年11月
215,河流,长江经济带,渔洋河,马勒坡,五峰县,Ⅱ类,Ⅱ类,Ⅱ类,优,--,76.7%,氨氮(0.02-0.42),4,0.51-0.71,"下雨，流量较小，水体流动性差,面源污染",2024年11月
216,河流,长江经济带,渔洋河,马勒坡,五峰县,Ⅱ类,Ⅱ类,Ⅱ类,优,--,76.7%,总磷(0.12-0.5),6,0.112-0.15,"下雨，流量较小，水体流动性差,面源污染",2024年11月
217,河流,省控,九畹溪,九畹溪河口,秭归县,Ⅲ类,Ⅱ类,Ⅱ类,优,--,100%,--,--,--,--,2024年11月
218,河流,国控,长江,南津关,宜昌市,Ⅱ类,Ⅱ类,Ⅱ类,优,--,100%,--,--,--,--,2024年12月
219,河流,国控,长江,云池（白洋）,宜都市,Ⅱ类,Ⅱ类,Ⅱ类,优,--,100%,--,--,--,--,2024年12月
220,河流,国控,长江,砖瓦厂,枝江市,Ⅱ类,Ⅱ类,Ⅱ类,优,--,100%,--,--,--,--,2024年12月
221,河流,国控,沮河,铁路大桥（小桂林）,远安县,Ⅱ类,Ⅱ类,Ⅱ类,优,--,100%,--,--,--,--,2024年12月
222,河流,国控,沮漳河,两河口（草埠湖水厂）,当阳市,Ⅱ类,Ⅱ类,Ⅱ类,优,--,100%,--,--,--,--,2024年12月
223,河流,国控,沮漳河,荆州河口,枝江市,Ⅱ类,Ⅱ类,Ⅱ类,优,--,100%,--,--,--,--,2024年12月
224,河流,国控,香溪河,长沙坝,兴山县,Ⅱ类,Ⅱ类,Ⅱ类,优,--,100%,--,--,--,--,2024年12月
225,河流,国控,清江,隔河岩水库坝上,长阳县,Ⅱ类,Ⅲ类,Ⅱ类,优,--,96.8%,溶解氧（-）,1,5.9,/,2024年12月
226,河流,国控,清江,清江大桥,宜都市,Ⅱ类,Ⅱ类,Ⅱ类,优,--,100%,--,--,--,--,2024年12月
227,河流,长江经济带,黄柏河,黄柏河大桥,夷陵区,Ⅱ类,Ⅱ类,Ⅱ类,优,--,100%,--,--,--,--,2024年12月
228,河流,长江经济带,黄柏河,东支（天府庙）,远安县,Ⅱ类,Ⅱ类,Ⅱ类,优,--,100%,--,--,--,--,2024年12月
229,河流,长江经济带,清江,朱津滩,宜都市,Ⅱ类,Ⅰ类,Ⅱ类,优,--,100%,--,--,--,--,2024年12月
230,河流,长江经济带,柏临河,土门大桥,夷陵区,Ⅲ类,Ⅱ类,Ⅱ类,优,--,93.5%,氨氮(0.68-0.69),2,1.68-1.69,气温骤降，水生植物死后消解使水中有机物浓度上升,2024年12月
231,河流,长江经济带,天池河,纸坊头,五峰县,Ⅱ类,Ⅱ类,Ⅱ类,优,--,100%,--,--,--,--,2024年12月
232,河流,长江经济带,渔洋河,马勒坡,五峰县,Ⅱ类,Ⅱ类,Ⅱ类,优,--,64.5%,氨氮(0.06-0.3),8,0.53-0.65,天气干旱，降雨量较去年同期偏少80%以上，河流径流量太小；上游建设防涝提升改造工程项目，导致水体较为浑浊,2024年12月
233,河流,长江经济带,渔洋河,马勒坡,五峰县,Ⅱ类,Ⅱ类,Ⅱ类,优,--,64.5%,总磷(0.01-0.22),9,0.101-0.122,天气干旱，降雨量较去年同期偏少80%以上，河流径流量太小；上游建设防涝提升改造工程项目，导致水体较为浑浊,2024年12月
234,河流,省控,九畹溪,九畹溪河口,秭归县,Ⅲ类,Ⅱ类,Ⅱ类,优,--,100%,--,--,--,--,2024年12月
235,河流,国控,长江,南津关,宜昌市,Ⅱ类,Ⅱ类,Ⅱ类,优,--,100.00%,--,--,--,--,2025年1月
236,河流,国控,长江,云池（白洋）,宜都市,Ⅱ类,Ⅱ类,Ⅱ类,优,--,100.00%,--,--,--,--,2025年1月
237,河流,国控,长江,砖瓦厂,枝江市,Ⅱ类,Ⅱ类,Ⅱ类,优,--,100.00%,--,--,--,--,2025年1月
238,河流,国控,沮河,铁路大桥（小桂林）,远安县,Ⅱ类,Ⅱ类,Ⅱ类,优,--,93.50%,总磷(0.32-1.44),2,0.132-0.244,下雨，面源污染,2025年1月
239,河流,国控,沮漳河,两河口（草埠湖水厂）,当阳市,Ⅱ类,Ⅱ类,Ⅱ类,优,--,96.80%,氨氮(0.02),1,0.51,下雨，面源污染,2025年1月
240,河流,国控,沮漳河,荆州河口,枝江市,Ⅱ类,Ⅱ类,Ⅱ类,优,--,80.60%,高锰酸盐指数(0.025-0.125),6,4.1-4.5,下雨、面源污染、回水区,2025年1月
241,河流,国控,香溪河,长沙坝,兴山县,Ⅱ类,Ⅱ类,Ⅱ类,优,--,100.00%,--,--,--,--,2025年1月
242,河流,国控,清江,隔河岩水库坝上,长阳县,Ⅱ类,Ⅱ类,Ⅰ类,优,--,100.00%,--,--,--,--,2025年1月
243,河流,国控,清江,清江大桥,宜都市,Ⅱ类,Ⅱ类,Ⅱ类,优,--,100.00%,--,--,--,--,2025年1月
244,河流,长江经济带,黄柏河,黄柏河大桥,夷陵区,Ⅱ类,Ⅱ类,Ⅱ类,优,--,100.00%,--,--,--,--,2025年1月
245,河流,长江经济带,黄柏河,东支（天府庙）,远安县,Ⅱ类,Ⅱ类,Ⅰ类,优,--,100.00%,--,--,--,--,2025年1月
246,河流,长江经济带,清江,朱津滩,宜都市,Ⅱ类,Ⅱ类,Ⅰ类,优,--,100.00%,--,--,--,--,2025年1月
247,河流,长江经济带,柏临河,土门大桥,夷陵区,Ⅲ类,Ⅱ类,Ⅱ类,优,--,100.00%,--,--,--,--,2025年1月
248,河流,长江经济带,天池河,纸坊头,五峰县,Ⅱ类,Ⅱ类,Ⅰ类,优,--,100.00%,--,--,--,--,2025年1月
249,河流,长江经济带,渔洋河,马勒坡,五峰县,Ⅱ类,Ⅱ类,Ⅲ类,良好,总磷（0.02）,35.50%,高锰酸盐指数(0.0125),1,4.5,主要为上游建设防涝提升改造工程项目，导致水体较为浑浊；天气干旱，降雨量较去年同期偏少80%以上，河流径流量太小,2025年1月
250,河流,长江经济带,渔洋河,马勒坡,五峰县,Ⅱ类,Ⅱ类,Ⅲ类,良好,总磷（0.02）,35.50%,氨氮(0.04-0.68),9,0.52-0.84,主要为上游建设防涝提升改造工程项目，导致水体较为浑浊；天气干旱，降雨量较去年同期偏少80%以上，河流径流量太小,2025年1月
251,河流,长江经济带,渔洋河,马勒坡,五峰县,Ⅱ类,Ⅱ类,Ⅲ类,良好,总磷（0.02）,35.50%,总磷(0.02-0.56),15,0.102-0.156,主要为上游建设防涝提升改造工程项目，导致水体较为浑浊；天气干旱，降雨量较去年同期偏少80%以上，河流径流量太小,2025年1月
252,河流,省控,九畹溪,九畹溪河口,秭归县,Ⅲ类,Ⅱ类,Ⅱ类,优,--,100.00%,--,--,--,--,2025年1月
253,河流,国控,长江,南津关,宜昌市,Ⅱ类,Ⅱ类,Ⅱ类,优,--,100.00%,--,--,--,--,2025年2月
254,河流,国控,长江,云池（白洋）,宜都市,Ⅱ类,Ⅱ类,Ⅱ类,优,--,100.00%,--,--,--,--,2025年2月
255,河流,国控,长江,砖瓦厂,枝江市,Ⅱ类,Ⅱ类,Ⅱ类,优,--,100.00%,--,--,--,--,2025年2月
256,河流,国控,沮河,铁路大桥（小桂林）,远安县,Ⅱ类,Ⅱ类,Ⅱ类,优,--,100.00%,--,--,--,--,2025年2月
257,河流,国控,沮漳河,两河口（草埠湖水厂）,当阳市,Ⅱ类,Ⅱ类,Ⅱ类,优,--,100.00%,--,--,--,--,2025年2月
258,河流,国控,沮漳河,荆州河口,枝江市,Ⅱ类,Ⅱ类,Ⅱ类,优,--,71.40%,高锰酸盐指数(0.05-0.2),8,4.2-4.8,下雨、面源污染、回水区、水流量小,2025年2月
259,河流,国控,香溪河,长沙坝,兴山县,Ⅱ类,Ⅱ类,Ⅱ类,优,--,100.00%,--,--,--,--,2025年2月
260,河流,国控,清江,隔河岩水库坝上,长阳县,Ⅱ类,Ⅰ类,Ⅱ类,优,--,100.00%,--,--,--,--,2025年2月
261,河流,国控,清江,清江大桥,宜都市,Ⅱ类,Ⅱ类,Ⅰ类,优,--,100.00%,--,--,--,--,2025年2月
262,河流,长江经济带,黄柏河,黄柏河大桥,夷陵区,Ⅱ类,Ⅱ类,Ⅱ类,优,--,100.00%,--,--,--,--,2025年2月
263,河流,长江经济带,黄柏河,东支（天府庙）,远安县,Ⅱ类,Ⅰ类,Ⅰ类,优,--,100.00%,--,--,--,--,2025年2月
264,河流,长江经济带,清江,朱津滩,宜都市,Ⅱ类,Ⅰ类,Ⅰ类,优,--,100.00%,--,--,--,--,2025年2月
265,河流,长江经济带,柏临河,土门大桥,夷陵区,Ⅲ类,Ⅱ类,Ⅱ类,优,--,100.00%,--,--,--,--,2025年2月
266,河流,长江经济带,天池河,纸坊头,五峰县,Ⅱ类,Ⅰ类,Ⅰ类,优,--,100.00%,--,--,--,--,2025年2月
267,河流,长江经济带,渔洋河,马勒坡,五峰县,Ⅱ类,Ⅲ类,Ⅱ类,优,--,75.00%,氨氮(0.02),1,0.51,主要因上游建设防涝提升改造工程项目，导致水体较为浑浊，河流径流量太小；下雨，面源污染,2025年2月
268,河流,长江经济带,渔洋河,马勒坡,五峰县,Ⅱ类,Ⅲ类,Ⅱ类,优,--,75.00%,总磷(0.01-0.24),7,0.101-0.124,主要因上游建设防涝提升改造工程项目，导致水体较为浑浊，河流径流量太小；下雨，面源污染,2025年2月
269,河流,省控,九畹溪,九畹溪河口,秭归县,Ⅲ类,Ⅱ类,Ⅱ类,优,--,100.00%,--,--,--,--,2025年2月
270,河流,国控,长江,南津关,宜昌市,Ⅱ类,Ⅱ类,Ⅱ类,优,--,100.00%,--,--,--,--,2025年3月
271,河流,国控,长江,云池（白洋）,宜都市,Ⅱ类,Ⅱ类,Ⅱ类,优,--,100.00%,--,--,--,--,2025年3月
272,河流,国控,长江,砖瓦厂,枝江市,Ⅱ类,Ⅱ类,Ⅱ类,优,--,100.00%,--,--,--,--,2025年3月
273,河流,国控,沮河,铁路大桥（小桂林）,远安县,Ⅱ类,Ⅱ类,Ⅱ类,优,--,96.80%,总磷(0.62),1,0.162,下雨，面源污染,2025年3月
274,河流,国控,沮漳河,两河口（草埠湖水厂）,当阳市,Ⅱ类,Ⅱ类,Ⅱ类,优,--,100.00%,--,--,--,--,2025年3月
275,河流,国控,沮漳河,荆州河口,枝江市,Ⅱ类,Ⅱ类,Ⅱ类,优,--,96.80%,高锰酸盐指数(0.075),1,4.3,下雨、面源污染、回水区,2025年3月
276,河流,国控,香溪河,长沙坝,兴山县,Ⅱ类,Ⅱ类,Ⅱ类,优,--,100.00%,--,--,--,--,2025年3月
277,河流,国控,清江,隔河岩水库坝上,长阳县,Ⅱ类,Ⅱ类,Ⅰ类,优,--,100.00%,--,--,--,--,2025年3月
278,河流,国控,清江,清江大桥,宜都市,Ⅱ类,Ⅰ类,Ⅰ类,优,--,100.00%,--,--,--,--,2025年3月
279,河流,长江经济带,黄柏河,黄柏河大桥,夷陵区,Ⅱ类,Ⅱ类,Ⅱ类,优,--,100.00%,--,--,--,--,2025年3月
280,河流,长江经济带,黄柏河,东支（天府庙）,远安县,Ⅱ类,Ⅰ类,Ⅰ类,优,--,100.00%,--,--,--,--,2025年3月
281,河流,长江经济带,清江,朱津滩,宜都市,Ⅱ类,Ⅰ类,Ⅰ类,优,--,100.00%,--,--,--,--,2025年3月
282,河流,长江经济带,柏临河,土门大桥,夷陵区,Ⅲ类,Ⅱ类,Ⅱ类,优,--,100.00%,--,--,--,--,2025年3月
283,河流,长江经济带,天池河,纸坊头,五峰县,Ⅱ类,Ⅰ类,Ⅱ类,优,--,100.00%,--,--,--,--,2025年3月
284,河流,长江经济带,渔洋河,马勒坡,五峰县,Ⅱ类,Ⅱ类,Ⅱ类,优,--,87.10%,溶解氧（-）,1,5.8,下雨，面源污染；天干无降雨，渔洋河净流量较小，水体自净能力减弱，水体富营养化,2025年3月
285,河流,长江经济带,渔洋河,马勒坡,五峰县,Ⅱ类,Ⅱ类,Ⅱ类,优,--,87.10%,氨氮(0.04),1,0.52,下雨，面源污染；天干无降雨，渔洋河净流量较小，水体自净能力减弱，水体富营养化,2025年3月
286,河流,长江经济带,渔洋河,马勒坡,五峰县,Ⅱ类,Ⅱ类,Ⅱ类,优,--,87.10%,总磷(0.02-0.51),3,0.102-0.151,下雨，面源污染；天干无降雨，渔洋河净流量较小，水体自净能力减弱，水体富营养化,2025年3月
287,河流,省控,九畹溪,九畹溪河口,秭归县,Ⅲ类,Ⅱ类,Ⅱ类,优,--,100.00%,--,--,--,--,2025年3月
288,河流,国控,长江,南津关,宜昌市,Ⅱ类,Ⅱ类,Ⅱ类,优,--,100.00%,--,--,--,--,2025年4月
289,河流,国控,长江,云池（白洋）,宜都市,Ⅱ类,Ⅱ类,Ⅱ类,优,--,100.00%,--,--,--,--,2025年4月
290,河流,国控,长江,砖瓦厂,枝江市,Ⅱ类,Ⅱ类,Ⅱ类,优,--,100.00%,--,--,--,--,2025年4月
291,河流,国控,沮河,铁路大桥（小桂林）,远安县,Ⅱ类,Ⅱ类,Ⅱ类,优,--,83.30%,溶解氧（-）,2,5.7-5.8,下雨，面源污染,2025年4月
292,河流,国控,沮河,铁路大桥（小桂林）,远安县,Ⅱ类,Ⅱ类,Ⅱ类,优,--,83.30%,总磷(0.06-1.24),4,0.106-0.224,下雨，面源污染,2025年4月
293,河流,国控,沮漳河,两河口（草埠湖水厂）,当阳市,Ⅱ类,Ⅱ类,Ⅱ类,优,--,80.00%,溶解氧（-）,6,5.0-5.7,下雨，面源污染，水体流动性差,2025年4月
294,河流,国控,沮漳河,两河口（草埠湖水厂）,当阳市,Ⅱ类,Ⅱ类,Ⅱ类,优,--,80.00%,高锰酸盐指数(0.075-0.125),2,4.3-4.5,下雨，面源污染，水体流动性差,2025年4月
295,河流,国控,沮漳河,两河口（草埠湖水厂）,当阳市,Ⅱ类,Ⅱ类,Ⅱ类,优,--,80.00%,氨氮(0.44-0.88),4,0.72-0.94,下雨，面源污染，水体流动性差,2025年4月
296,河流,国控,沮漳河,两河口（草埠湖水厂）,当阳市,Ⅱ类,Ⅱ类,Ⅱ类,优,--,80.00%,总磷(0.05-0.46),4,0.105-0.146,下雨，面源污染，水体流动性差,2025年4月
297,河流,国控,沮漳河,荆州河口,枝江市,Ⅱ类,Ⅱ类,Ⅱ类,优,--,46.70%,溶解氧（-）,14,3.4-5.9,下雨、面源污染、回水区,2025年4月
298,河流,国控,沮漳河,荆州河口,枝江市,Ⅱ类,Ⅱ类,Ⅱ类,优,--,46.70%,高锰酸盐指数(0.025),2,4.1,下雨、面源污染、回水区,2025年4月
299,河流,国控,香溪河,长沙坝,兴山县,Ⅱ类,Ⅱ类,Ⅲ类,良好,总磷（0.06）,56.70%,总磷(0.03-1.04),13,0.103-0.204,面源和点源污染,2025年4月
300,河流,国控,清江,隔河岩水库坝上,长阳县,Ⅱ类,Ⅰ类,Ⅰ类,优,--,100.00%,--,--,--,--,2025年4月
301,河流,国控,清江,清江大桥,宜都市,Ⅱ类,Ⅰ类,Ⅱ类,优,--,100.00%,--,--,--,--,2025年4月
302,河流,长江经济带,黄柏河,黄柏河大桥,夷陵区,Ⅱ类,Ⅱ类,Ⅱ类,优,--,100.00%,--,--,--,--,2025年4月
303,河流,长江经济带,黄柏河,东支（天府庙）,远安县,Ⅱ类,Ⅰ类,Ⅰ类,优,--,100.00%,--,--,--,--,2025年4月
304,河流,长江经济带,清江,朱津滩,宜都市,Ⅱ类,Ⅰ类,Ⅰ类,优,--,100.00%,--,--,--,--,2025年4月
305,河流,长江经济带,柏临河,土门大桥,夷陵区,Ⅲ类,Ⅱ类,Ⅲ类,良好,--,73.30%,溶解氧（-）,5,3.2-4.7,下雨，面源污染；水量太小，流动性较弱,2025年4月
306,河流,长江经济带,柏临河,土门大桥,夷陵区,Ⅲ类,Ⅱ类,Ⅲ类,良好,--,73.30%,高锰酸盐指数(0.22-0.23),2,7.3-7.4,下雨，面源污染；水量太小，流动性较弱,2025年4月
307,河流,长江经济带,柏临河,土门大桥,夷陵区,Ⅲ类,Ⅱ类,Ⅲ类,良好,--,73.30%,氨氮(0.43-0.52),2,1.43-1.52,下雨，面源污染；水量太小，流动性较弱,2025年4月
308,河流,长江经济带,柏临河,土门大桥,夷陵区,Ⅲ类,Ⅱ类,Ⅲ类,良好,--,73.30%,总磷(0.055-1.11),3,0.211-0.422,下雨，面源污染；水量太小，流动性较弱,2025年4月
309,河流,长江经济带,天池河,纸坊头,五峰县,Ⅱ类,Ⅱ类,Ⅱ类,优,--,100.00%,--,--,--,--,2025年4月
310,河流,长江经济带,渔洋河,马勒坡,五峰县,Ⅱ类,Ⅱ类,Ⅱ类,优,--,90.00%,溶解氧（-）,1,5.5,下雨，面源污染；渔洋河净流量较小，水体自净能力减弱,2025年4月
311,河流,长江经济带,渔洋河,马勒坡,五峰县,Ⅱ类,Ⅱ类,Ⅱ类,优,--,90.00%,总磷(0.26-0.52),3,0.126-0.152,下雨，面源污染；渔洋河净流量较小，水体自净能力减弱,2025年4月
312,河流,省控,九畹溪,九畹溪河口,秭归县,Ⅲ类,Ⅱ类,Ⅱ类,优,--,100.00%,--,--,--,--,2025年4月
313,河流,国控,长江,南津关,宜昌市,Ⅱ类,Ⅱ类,Ⅱ类,优,--,100.00%,--,--,--,--,2025年5月
314,河流,国控,长江,云池（白洋）,宜都市,Ⅱ类,Ⅱ类,Ⅱ类,优,--,100.00%,--,--,--,--,2025年5月
315,河流,国控,长江,砖瓦厂,枝江市,Ⅱ类,Ⅱ类,Ⅱ类,优,--,100.00%,--,--,--,--,2025年5月
316,河流,国控,沮河,铁路大桥（小桂林）,远安县,Ⅱ类,Ⅱ类,Ⅱ类,优,--,58.10%,溶解氧（-）,5,5.0-5.9,铁路大桥上游管网破裂、下雨，面源污染,2025年5月
317,河流,国控,沮河,铁路大桥（小桂林）,远安县,Ⅱ类,Ⅱ类,Ⅱ类,优,--,58.10%,高锰酸盐指数(0.15),1,4.6,铁路大桥上游管网破裂、下雨，面源污染,2025年5月
318,河流,国控,沮河,铁路大桥（小桂林）,远安县,Ⅱ类,Ⅱ类,Ⅱ类,优,--,58.10%,总磷(0.04-1.31),12,0.104-0.231,铁路大桥上游管网破裂、下雨，面源污染,2025年5月
319,河流,国控,沮漳河,两河口（草埠湖水厂）,当阳市,Ⅱ类,Ⅱ类,Ⅱ类,优,--,71.00%,溶解氧（-）,4,5.0-5.5,下雨，面源污染，水体流动性差,2025年5月
320,河流,国控,沮漳河,两河口（草埠湖水厂）,当阳市,Ⅱ类,Ⅱ类,Ⅱ类,优,--,71.00%,高锰酸盐指数(0.025-0.1),5,4.1-4.4,下雨，面源污染，水体流动性差,2025年5月
321,河流,国控,沮漳河,两河口（草埠湖水厂）,当阳市,Ⅱ类,Ⅱ类,Ⅱ类,优,--,71.00%,氨氮(0.02-1.24),3,0.51-1.12,下雨，面源污染，水体流动性差,2025年5月
322,河流,国控,沮漳河,荆州河口,枝江市,Ⅱ类,Ⅱ类,Ⅱ类,优,--,77.40%,溶解氧（-）,7,3.8-5.9,下雨，面源污染，回水区,2025年5月
323,河流,国控,香溪河,长沙坝,兴山县,Ⅱ类,Ⅲ类,Ⅲ类,良好,总磷（0.05）,32.30%,高锰酸盐指数(0.1),1,4.4,面源和点源污染,2025年5月
324,河流,国控,香溪河,长沙坝,兴山县,Ⅱ类,Ⅲ类,Ⅲ类,良好,总磷（0.05）,32.30%,总磷(0.01-0.69),20,0.101-0.169,面源和点源污染,2025年5月
325,河流,国控,清江,隔河岩水库坝上,长阳县,Ⅱ类,Ⅰ类,Ⅰ类,优,--,100.00%,--,--,--,--,2025年5月
326,河流,国控,清江,清江大桥,宜都市,Ⅱ类,Ⅱ类,Ⅰ类,优,--,100.00%,--,--,--,--,2025年5月
327,河流,长江经济带,黄柏河,黄柏河大桥,夷陵区,Ⅱ类,Ⅱ类,Ⅱ类,优,--,100.00%,--,--,--,--,2025年5月
328,河流,长江经济带,黄柏河,东支（天府庙）,远安县,Ⅱ类,Ⅰ类,Ⅱ类,优,--,96.80%,溶解氧（-）,1,5.9,下雨，面源污染,2025年5月
329,河流,长江经济带,清江,朱津滩,宜都市,Ⅱ类,Ⅰ类,Ⅰ类,优,--,100.00%,--,--,--,--,2025年5月
330,河流,长江经济带,柏临河,土门大桥,夷陵区,Ⅲ类,Ⅲ类,Ⅲ类,良好,--,90.30%,溶解氧（-）,1,3.7,下雨，面源污染，水量太小，流动性较弱,2025年5月
331,河流,长江经济带,柏临河,土门大桥,夷陵区,Ⅲ类,Ⅲ类,Ⅲ类,良好,--,90.30%,高锰酸盐指数(0.12-0.13),2,6.7-6.8,下雨，面源污染，水量太小，流动性较弱,2025年5月
332,河流,长江经济带,柏临河,土门大桥,夷陵区,Ⅲ类,Ⅲ类,Ⅲ类,良好,--,90.30%,氨氮(0.07),1,1.07,下雨，面源污染，水量太小，流动性较弱,2025年5月
333,河流,长江经济带,柏临河,土门大桥,夷陵区,Ⅲ类,Ⅲ类,Ⅲ类,良好,--,90.30%,总磷(0.135),1,0.227,下雨，面源污染，水量太小，流动性较弱,2025年5月
334,河流,长江经济带,天池河,纸坊头,五峰县,Ⅱ类,Ⅱ类,Ⅱ类,优,--,100.00%,--,--,--,--,2025年5月
335,河流,长江经济带,渔洋河,马勒坡,五峰县,Ⅱ类,Ⅱ类,Ⅱ类,优,--,77.40%,溶解氧（-）,1,5.9,一是河净流量较小，水体自净能力减弱，水体富营养化；二是城区河道施工；三是降雨，面源污染。,2025年5月
336,河流,长江经济带,渔洋河,马勒坡,五峰县,Ⅱ类,Ⅱ类,Ⅱ类,优,--,77.40%,总磷(0.06-0.2),7,0.106-0.12,一是河净流量较小，水体自净能力减弱，水体富营养化；二是城区河道施工；三是降雨，面源污染。,2025年5月
337,河流,省控,九畹溪,九畹溪河口,秭归县,Ⅲ类,Ⅱ类,Ⅱ类,优,--,100.00%,--,--,--,--,2025年5月
338,河流,国控,长江,南津关,宜昌市,Ⅱ类,Ⅱ类,Ⅱ类,优,--,93.30%,溶解氧（-）,2,5.8-5.9,下雨，面源污染,2025年6月
339,河流,国控,长江,云池（白洋）,宜都市,Ⅱ类,Ⅱ类,Ⅱ类,优,--,100.00%,--,--,--,--,2025年6月
340,河流,国控,长江,砖瓦厂,枝江市,Ⅱ类,Ⅱ类,Ⅱ类,优,--,100.00%,--,--,--,--,2025年6月
341,河流,国控,沮河,铁路大桥（小桂林）,远安县,Ⅱ类,Ⅱ类,Ⅱ类,优,--,56.70%,溶解氧（-）,3,5.5-5.7,下雨，面源污染,2025年6月
342,河流,国控,沮河,铁路大桥（小桂林）,远安县,Ⅱ类,Ⅱ类,Ⅱ类,优,--,56.70%,高锰酸盐指数（0.025),2,4.1,下雨，面源污染,2025年6月
343,河流,国控,沮河,铁路大桥（小桂林）,远安县,Ⅱ类,Ⅱ类,Ⅱ类,优,--,56.70%,总磷(0.04-1.29),10,0.104-0.229,下雨，面源污染,2025年6月
344,河流,国控,沮漳河,两河口（草埠湖水厂）,当阳市,Ⅱ类,Ⅱ类,Ⅲ类,良好,高锰酸盐指数(0.25),33.30%,溶解氧（-）,10,3.2-5.7,"下雨，面源污染,采水口离岸边太近，处于回水区",2025年6月
345,河流,国控,沮漳河,两河口（草埠湖水厂）,当阳市,Ⅱ类,Ⅱ类,Ⅲ类,良好,高锰酸盐指数(0.25),33.30%,高锰酸盐指数(0.05-1.025),20,4.2-8.1,"下雨，面源污染,采水口离岸边太近，处于回水区",2025年6月
346,河流,国控,沮漳河,两河口（草埠湖水厂）,当阳市,Ⅱ类,Ⅱ类,Ⅲ类,良好,高锰酸盐指数(0.25),33.30%,氨氮(0.26-1.38),4,0.63-1.19,"下雨，面源污染,采水口离岸边太近，处于回水区",2025年6月
347,河流,国控,沮漳河,两河口（草埠湖水厂）,当阳市,Ⅱ类,Ⅱ类,Ⅲ类,良好,高锰酸盐指数(0.25),33.30%,总磷(0.04-0.56),5,0.104-0.156,"下雨，面源污染,采水口离岸边太近，处于回水区",2025年6月
348,河流,国控,沮漳河,荆州河口,枝江市,Ⅱ类,Ⅱ类,Ⅲ类,良好,溶解氧（-）高锰酸盐指数(0.175),6.70%,溶解氧（-）,22,3-5.5,下雨，面源污染，回水区,2025年6月
349,河流,国控,沮漳河,荆州河口,枝江市,Ⅱ类,Ⅱ类,Ⅲ类,良好,溶解氧（-）高锰酸盐指数(0.175),6.70%,高锰酸盐指数(0.175-0.525),24,4.7-6.1,下雨，面源污染，回水区,2025年6月
350,河流,国控,沮漳河,荆州河口,枝江市,Ⅱ类,Ⅱ类,Ⅲ类,良好,溶解氧（-）高锰酸盐指数(0.175),6.70%,氨氮(0.14),1,0.57,下雨，面源污染，回水区,2025年6月
351,河流,国控,沮漳河,荆州河口,枝江市,Ⅱ类,Ⅱ类,Ⅲ类,良好,溶解氧（-）高锰酸盐指数(0.175),6.70%,总磷(0.09-1.5),11,0.109-0.25,下雨，面源污染，回水区,2025年6月
352,河流,国控,香溪河,长沙坝,兴山县,Ⅱ类,Ⅲ类,Ⅱ类,优,--,86.70%,总磷(0.08-0.31),4,0.108-0.131,下雨，面源污染,2025年6月
353,河流,国控,清江,隔河岩水库坝上,长阳县,Ⅱ类,Ⅰ类,Ⅰ类,优,--,100.00%,--,--,--,--,2025年6月
354,河流,国控,清江,清江大桥,宜都市,Ⅱ类,Ⅰ类,Ⅱ类,优,--,96.70%,总磷(0.3),1,0.13,下雨，面源污染,2025年6月
355,河流,长江经济带,黄柏河,黄柏河大桥,夷陵区,Ⅱ类,Ⅱ类,Ⅱ类,优,--,73.30%,溶解氧（-）,5,4.3-5.9,下雨，面源污染，回水区,2025年6月
356,河流,长江经济带,黄柏河,黄柏河大桥,夷陵区,Ⅱ类,Ⅱ类,Ⅱ类,优,--,73.30%,总磷(0.06-0.5),6,0.106-0.15,下雨，面源污染，回水区,2025年6月
357,河流,长江经济带,黄柏河,东支（天府庙）,远安县,Ⅱ类,Ⅱ类,Ⅱ类,优,--,96.70%,高锰酸盐指数(0.45),1,5.8,下雨，面源污染,2025年6月
358,河流,长江经济带,清江,朱津滩,宜都市,Ⅱ类,Ⅰ类,Ⅱ类,优,--,100.00%,--,--,--,--,2025年6月
359,河流,长江经济带,柏临河,土门大桥,夷陵区,Ⅲ类,Ⅲ类,Ⅲ类,良好,--,83.30%,溶解氧（-）,3,3.6-4.0,下雨，面源污染,2025年6月
360,河流,长江经济带,柏临河,土门大桥,夷陵区,Ⅲ类,Ⅲ类,Ⅲ类,良好,--,83.30%,高锰酸盐指数(0.03-0.4),2,6.2-8.4,下雨，面源污染,2025年6月
361,河流,长江经济带,柏临河,土门大桥,夷陵区,Ⅲ类,Ⅲ类,Ⅲ类,良好,--,83.30%,总磷(0.145-1.84),3,0.229-0.568,下雨，面源污染,2025年6月
362,河流,长江经济带,天池河,纸坊头,五峰县,Ⅱ类,Ⅱ类,Ⅱ类,优,--,90.00%,高锰酸盐指数(0.1-0.9),2,4.4-7.6,下雨，面源污染,2025年6月
363,河流,长江经济带,天池河,纸坊头,五峰县,Ⅱ类,Ⅱ类,Ⅱ类,优,--,90.00%,总磷(0.13-1.41),3,0.113-0.241,下雨，面源污染,2025年6月
364,河流,长江经济带,渔洋河,马勒坡,五峰县,Ⅱ类,Ⅱ类,Ⅱ类,优,--,86.70%,高锰酸盐指数(2),1,12,下雨，面源污染,2025年6月
365,河流,长江经济带,渔洋河,马勒坡,五峰县,Ⅱ类,Ⅱ类,Ⅱ类,优,--,86.70%,氨氮(0.14),1,0.57,下雨，面源污染,2025年6月
366,河流,长江经济带,渔洋河,马勒坡,五峰县,Ⅱ类,Ⅱ类,Ⅱ类,优,--,86.70%,总磷(0.05-2.94),4,0.105-0.394,下雨，面源污染,2025年6月
367,河流,省控,九畹溪,九畹溪河口,秭归县,Ⅲ类,Ⅱ类,Ⅱ类,优,--,100.00%,--,--,--,--,2025年6月
368,河流,国控,长江,南津关,宜昌市,Ⅱ类,Ⅱ类,Ⅱ类,优,--,83.90%,溶解氧（-）,5,5.7-5.9,水体流动性差，下雨，面源污染,2025年7月
369,河流,国控,长江,南津关,宜昌市,Ⅱ类,Ⅱ类,Ⅱ类,优,--,83.90%,总磷(0.06),1,0.106,水体流动性差，下雨，面源污染,2025年7月
370,河流,国控,长江,云池（白洋）,宜都市,Ⅱ类,Ⅱ类,Ⅱ类,优,--,100.00%,--,--,--,--,2025年7月
371,河流,国控,长江,砖瓦厂,枝江市,Ⅱ类,Ⅱ类,Ⅱ类,优,--,100.00%,--,--,--,--,2025年7月
372,河流,国控,沮河,铁路大桥（小桂林）,远安县,Ⅱ类,Ⅱ类,Ⅲ类,良好,总磷(0.4),45.20%,高锰酸盐指数(0.025-0.95),4,4.1-7.8,下雨，面源污染,2025年7月
373,河流,国控,沮河,铁路大桥（小桂林）,远安县,Ⅱ类,Ⅱ类,Ⅲ类,良好,总磷(0.4),45.20%,总磷(0.09-4.24),16,0.109-0.524,下雨，面源污染,2025年7月
374,河流,国控,沮漳河,两河口（草埠湖水厂）,当阳市,Ⅱ类,Ⅲ类,Ⅲ类,良好,总磷(0.13),19.00%,溶解氧（-）,3,4.4-5.5,"下雨，面源污染,水体流动性差",2025年7月
375,河流,国控,沮漳河,两河口（草埠湖水厂）,当阳市,Ⅱ类,Ⅲ类,Ⅲ类,良好,总磷(0.13),19.00%,高锰酸盐指数(0.075-0.375),8,4.3-5.5,"下雨，面源污染,水体流动性差",2025年7月
376,河流,国控,沮漳河,两河口（草埠湖水厂）,当阳市,Ⅱ类,Ⅲ类,Ⅲ类,良好,总磷(0.13),19.00%,总磷(0.03-0.66),14,0.103-0.166,"下雨，面源污染,水体流动性差",2025年7月
377,河流,国控,沮漳河,荆州河口,枝江市,Ⅱ类,Ⅲ类,Ⅲ类,良好,高锰酸盐指数(0.05)、总磷(0.15),22.60%,溶解氧（-）,13,4.3-5.9,下雨，面源污染，回水区,2025年7月
378,河流,国控,沮漳河,荆州河口,枝江市,Ⅱ类,Ⅲ类,Ⅲ类,良好,高锰酸盐指数(0.05)、总磷(0.15),22.60%,高锰酸盐指数(0.025-0.425),17,4.1-5.7,下雨、面源污染、受上游来水影响及回水区,2025年7月
379,河流,国控,沮漳河,荆州河口,枝江市,Ⅱ类,Ⅲ类,Ⅲ类,良好,高锰酸盐指数(0.05)、总磷(0.15),22.60%,总磷(0.02-1.11),17,0.102-0.211,下雨、面源污染、受上游来水影响及回水区,2025年7月
380,河流,国控,香溪河,长沙坝,兴山县,Ⅱ类,Ⅱ类,Ⅱ类,优,--,77.40%,溶解氧（-）,7,3.9-5.9,下雨，面源污染，回水区,2025年7月
381,河流,国控,清江,隔河岩水库坝上,长阳县,Ⅱ类,Ⅰ类,Ⅰ类,优,--,100.00%,--,--,--,--,2025年7月
382,河流,国控,清江,清江大桥,宜都市,Ⅱ类,Ⅱ类,Ⅱ类,优,--,100.00%,--,--,--,--,2025年7月
383,河流,长江经济带,黄柏河,黄柏河大桥,夷陵区,Ⅱ类,Ⅱ类,Ⅱ类,优,--,73.30%,溶解氧（-）,8,3.1-5.6,下雨，面源污染，回水区,2025年7月
384,河流,长江经济带,黄柏河,黄柏河大桥,夷陵区,Ⅱ类,Ⅱ类,Ⅱ类,优,--,73.30%,总磷(0.1),1,0.11,下雨，面源污染，回水区,2025年7月
385,河流,长江经济带,黄柏河,东支（天府庙）,远安县,Ⅱ类,Ⅱ类,Ⅲ类,良好,溶解氧（-）,41.90%,溶解氧（-）,18,4.4-5.9,水位太低，水体流动性差，水草多，下雨、面源污染,2025年7月
386,河流,长江经济带,清江,朱津滩,宜都市,Ⅱ类,Ⅱ类,Ⅱ类,优,--,82.60%,pH（-）,1,10,水华,2025年7月
387,河流,长江经济带,清江,朱津滩,宜都市,Ⅱ类,Ⅱ类,Ⅱ类,优,--,82.60%,高锰酸盐指数(0.025-0.11),3,4.1-4.44,水华,2025年7月
388,河流,长江经济带,柏临河,土门大桥,夷陵区,Ⅲ类,Ⅲ类,Ⅲ类,良好,--,80.00%,高锰酸盐指数(0.37),1,8.2,下雨，面源污染,2025年7月
389,河流,长江经济带,柏临河,土门大桥,夷陵区,Ⅲ类,Ⅲ类,Ⅲ类,良好,--,80.00%,总磷(0.055-0.6),2,0.211-0.32,下雨，面源污染,2025年7月
390,河流,长江经济带,天池河,纸坊头,五峰县,Ⅱ类,Ⅱ类,Ⅱ类,优,--,100.00%,--,--,--,--,2025年7月
391,河流,长江经济带,渔洋河,马勒坡,五峰县,Ⅱ类,Ⅱ类,Ⅱ类,优,--,83.90%,高锰酸盐指数(0.05-0.425),3,4.2-5.7,下雨，面源污染,2025年7月
392,河流,长江经济带,渔洋河,马勒坡,五峰县,Ⅱ类,Ⅱ类,Ⅱ类,优,--,83.90%,总磷(0.01-2.87),5,0.101-0.387,下雨，面源污染,2025年7月
393,河流,省控,九畹溪,九畹溪河口,秭归县,Ⅲ类,Ⅱ类,Ⅱ类,优,--,91.30%,总磷(0.025-0.04）,2,0.205-0.208,下雨，面源污染,2025年7月
394,河流,国控,长江,南津关,宜昌市,Ⅱ类,Ⅱ类,Ⅱ类,优,--,100.00%,--,--,--,--,2025年8月
395,河流,国控,长江,云池（白洋）,宜都市,Ⅱ类,Ⅱ类,Ⅱ类,优,--,100.00%,--,--,--,--,2025年8月
396,河流,国控,长江,砖瓦厂,枝江市,Ⅱ类,Ⅱ类,Ⅱ类,优,--,96.80%,溶解氧（-）,1,5.8,下雨，面源污染,2025年8月
397,河流,国控,沮河,铁路大桥（小桂林）,远安县,Ⅱ类,Ⅲ类,Ⅱ类,优,--,83.90%,高锰酸盐指数(0.05),1,4.2,下雨，面源污染,2025年8月
398,河流,国控,沮河,铁路大桥（小桂林）,远安县,Ⅱ类,Ⅲ类,Ⅱ类,优,--,83.90%,总磷(0.1-0.57),4,0.11-0.157,下雨，面源污染,2025年8月
399,河流,国控,沮漳河,两河口（草埠湖水厂）,当阳市,Ⅱ类,Ⅲ类,Ⅲ类,良好,总磷(0.37),22.60%,溶解氧（-）,6,5.3-5.9,"下雨，面源污染,水体流动性差",2025年8月
400,河流,国控,沮漳河,两河口（草埠湖水厂）,当阳市,Ⅱ类,Ⅲ类,Ⅲ类,良好,总磷(0.37),22.60%,高锰酸盐指数(0.075-0.35),5,4.3-5.4,"下雨，面源污染,水体流动性差",2025年8月
401,河流,国控,沮漳河,两河口（草埠湖水厂）,当阳市,Ⅱ类,Ⅲ类,Ⅲ类,良好,总磷(0.37),22.60%,氨氮(0.18),1,0.59,"下雨，面源污染,水体流动性差",2025年8月
402,河流,国控,沮漳河,两河口（草埠湖水厂）,当阳市,Ⅱ类,Ⅲ类,Ⅲ类,良好,总磷(0.37),22.60%,总磷(0.02-1.98),24,0.102-0.298,"下雨，面源污染,水体流动性差",2025年8月
403,河流,国控,沮漳河,荆州河口,枝江市,Ⅱ类,Ⅲ类,Ⅱ类,优,--,58.10%,溶解氧（-）,6,4.5-5.6,下雨，面源污染，回水区,2025年8月
404,河流,国控,沮漳河,荆州河口,枝江市,Ⅱ类,Ⅲ类,Ⅱ类,优,--,58.10%,高锰酸盐指数(0.025-0.5),6,4.1-6,下雨、面源污染、受上游来水影响及回水区,2025年8月
405,河流,国控,沮漳河,荆州河口,枝江市,Ⅱ类,Ⅲ类,Ⅱ类,优,--,58.10%,总磷(0.08-1.22),13,0.108-0.222,下雨、面源污染、受上游来水影响及回水区,2025年8月
406,河流,国控,香溪河,长沙坝,兴山县,Ⅱ类,Ⅱ类,Ⅱ类,优,--,77.40%,溶解氧（-）,7,4.5-5.5,下雨，面源污染，回水区,2025年8月
407,河流,国控,清江,隔河岩水库坝上,长阳县,Ⅱ类,Ⅰ类,Ⅱ类,优,--,100.00%,--,--,--,--,2025年8月
408,河流,国控,清江,清江大桥,宜都市,Ⅱ类,Ⅱ类,Ⅱ类,优,--,84.00%,溶解氧（-）,4,4.8-5.8,下雨，面源污染，回水区,2025年8月
409,河流,长江经济带,黄柏河,黄柏河大桥,夷陵区,Ⅱ类,Ⅱ类,Ⅱ类,优,--,45.20%,溶解氧（-）,17,2.3-5.9,下雨，面源污染，回水区,2025年8月
410,河流,长江经济带,黄柏河,黄柏河大桥,夷陵区,Ⅱ类,Ⅱ类,Ⅱ类,优,--,45.20%,总磷(0.05-0.1）,2,0.105-0.11,下雨，面源污染，回水区,2025年8月
411,河流,长江经济带,黄柏河,东支（天府庙）,远安县,Ⅱ类,Ⅲ类,Ⅱ类,优,--,60.00%,溶解氧（-）,12,5.5-5.9,水位太低，水体流动性差，水草多，下雨、面源污染,2025年8月
412,河流,长江经济带,清江,朱津滩,宜都市,Ⅱ类,Ⅱ类,Ⅱ类,优,--,38.70%,pH（-）,7,10,水华,2025年8月
413,河流,长江经济带,清江,朱津滩,宜都市,Ⅱ类,Ⅱ类,Ⅱ类,优,--,38.70%,高锰酸盐指数(0.025-0.25),15,4.1-5,水华、下雨、面源污染,2025年8月
414,河流,长江经济带,清江,朱津滩,宜都市,Ⅱ类,Ⅱ类,Ⅱ类,优,--,38.70%,总磷(0.01-0.1),4,0.101-0.11,水华、下雨、面源污染,2025年8月
415,河流,长江经济带,柏临河,土门大桥,夷陵区,Ⅲ类,Ⅲ类,Ⅲ类,良好,--,87.10%,高锰酸盐指数(0.28-0.0.32),2,7.7-7.9,下雨，面源污染,2025年8月
416,河流,长江经济带,柏临河,土门大桥,夷陵区,Ⅲ类,Ⅲ类,Ⅲ类,良好,--,87.10%,总磷(0.075-0.47),4,0.215-0.294,下雨，面源污染,2025年8月
417,河流,长江经济带,天池河,纸坊头,五峰县,Ⅱ类,Ⅱ类,Ⅱ类,优,--,100.00%,--,--,--,--,2025年8月
418,河流,长江经济带,渔洋河,马勒坡,五峰县,Ⅱ类,Ⅱ类,Ⅱ类,优,--,93.50%,高锰酸盐指数(0.1),1,4.4,下雨，面源污染,2025年8月
419,河流,长江经济带,渔洋河,马勒坡,五峰县,Ⅱ类,Ⅱ类,Ⅱ类,优,--,93.50%,总磷(0.54-2.57),2,0.154-0.357,下雨，面源污染,2025年8月
420,河流,省控,九畹溪,九畹溪河口,秭归县,Ⅲ类,Ⅱ类,Ⅲ类,良好,--,76.50%,高锰酸盐指数(0.11),1,7.8,下雨，面源污染,2025年8月
421,河流,省控,九畹溪,九畹溪河口,秭归县,Ⅲ类,Ⅱ类,Ⅲ类,良好,--,76.50%,总磷(0.005-1.26),4,0.201-0.452,下雨，面源污染,2025年8月
