xh,xsq,jgmc,dz,cws,xfst,kfll,rjzl,smfw,qt,jgsx,lxdh,hyzgbm,jddh,gfwx
1,宜都市,红花套镇红花套社区居家养老服务中心,宜都市-红花套镇-红花套社区,15,1,1,1,1,,街道（乡镇）,13607201928,宜都市民政局,0717-4830735,
2,宜都市,高坝洲镇中光社区居家养老服务中心,宜都市-高坝洲镇-中光社区,15,0,1,1,1,,街道（乡镇）,13972583670,宜都市民政局,0717-4830735,
3,宜都市,高坝洲镇高坝洲社区居家养老服务站,宜都市-高坝洲镇-高坝洲社区,6,0,1,1,1,,社区,18986766233,宜都市民政局,0717-4830735,
4,宜都市,姚家店镇姚家店社区居家养老服务站,宜都市-姚家店镇-姚家店社区,10,1,1,1,0,,社区,15507209099,宜都市民政局,0717-4830735,
5,宜都市,姚家店镇莲花堰社区居家养老服务站,宜都市-姚家店镇-莲花堰社区,6,0,0,1,0,,社区,15071765406,宜都市民政局,0717-4830735,
6,宜都市,姚家店镇红湖社区居家养老服务站,宜都市-姚家店镇-红湖社区,9,1,0,0,0,,社区,15972072527,宜都市民政局,0717-4830735,
7,宜都市,聂家河镇聂家河社区居家养老服务站,宜都市-聂家河镇-聂家河社区,6,0,0,0,0,,社区,13872462946,宜都市民政局,0717-4830735,
8,宜都市,潘家湾土家族乡潘家湾社区居家养老服务站,宜都市-潘家湾乡-潘家湾社区,5,0,0,0,0,,社区,18671720845,宜都市民政局,0717-4830735,
9,宜都市,王家畈镇王家畈社区居家养老服务站,宜都市-王家畈镇-王家畈社区,7,0,0,1,0,,社区,13995664663,宜都市民政局,0717-4830735,
10,宜都市,王家畈镇毛湖淌社区居家养老服务站,宜都市-王家畈镇-毛湖淌社区,5,1,0,1,0,,社区,15872506359,宜都市民政局,0717-4830735,
11,宜都市,王家畈镇全福河社区居家养老服务站,宜都市-王家畈镇-全福河社区,5,1,1,1,0,,社区,13487255195,宜都市民政局,0717-4830735,
12,宜都市,松木坪镇松木坪社区居家养老服务站,宜都市-松木坪镇-松木坪社区,5,0,0,1,0,,社区,18972561078,宜都市民政局,0717-4830735,
13,宜都市,枝城镇大同社区居家养老服务中心,宜都市-枝城镇-大同社区,13,0,0,1,0,,街道（乡镇）,13972563742,宜都市民政局,0717-4830735,
14,宜都市,枝城镇解放路社区居家养老服务站,宜都市-枝城镇-解放路社区,12,1,1,1,0,,社区,15717201400,宜都市民政局,0717-4830735,
15,宜都市,枝城镇洋溪社区居家养老服务站,宜都市-枝城镇-洋溪社区,6,0,0,0,1,,社区,13872581200,宜都市民政局,0717-4830735,
16,宜都市,枝城镇西湖社区居家养老服务站,宜都市-枝城镇-西湖社区,7,0,0,0,0,,社区,15897517938,宜都市民政局,0717-4830735,
17,宜都市,陆城街道解放社区居家养老服务中心,宜都市-陆城街道-解放社区,30,1,0,1,0,,街道（乡镇）,15272182796,宜都市民政局,0717-4830735,
18,宜都市,陆城街道东风社区居家养老服务站,宜都市-陆城街道-东风社区,7,0,0,1,0,,社区,139 7204 4892,宜都市民政局,0717-4830735,
19,宜都市,陆城街道头笔社区居家养老服务站,宜都市-陆城街道-头笔社区,5,0,0,0,0,,社区,15272140535,宜都市民政局,0717-4830735,
20,宜都市,陆城街道名都社区居家养老服务站,宜都市-陆城街道-名都社区,5,0,0,0,0,,社区,15897574834,宜都市民政局,0717-4830735,
21,宜都市,陆城街道胜利社区居家养老服务站,宜都市-陆城街道-胜利社区,6,1,0,1,1,,社区,18972018181,宜都市民政局,0717-4830735,
22,宜都市,陆城街道八字桥社区居家养老服务站,宜都市-陆城街道-八字桥社区,7,0,0,0,0,,社区,15897504576,宜都市民政局,0717-4830735,
23,宜都市,陆城街道养老服务综合体,宜都市-陆城街道-清江社区,13,1,0,1,0,,街道（乡镇）,15871565939,宜都市民政局,0717-4830735,
24,宜都市,陆城街道中笔社区居家养老服务站,宜都市-陆城街道-中笔社区,5,0,0,1,1,,社区,15997648278,宜都市民政局,0717-4830735,
25,宜都市,陆城街道锦江社区居家养老服务中心,宜都市-陆城街道-锦江社区,10,1,1,3,0,,社区,18186799963,宜都市民政局,0717-4830735,
26,宜都市,陆城街道红春社区居家养老服务站,宜都市-陆城街道-红春社区,5,1,1,1,0,,社区,15972693337,宜都市民政局,0717-4830735,
27,宜都市,陆城街道三江社区居家养老服务站,宜都市-陆城街道-三江社区,7,0,0,1,1,,社区,15272167547,宜都市民政局,0717-4830735,
28,宜都市,松宜矿区坛子口社区居家养老服务站,宜都市-松宜矿区-坛子口社区,5,0,0,0,0,,社区,18608609593,宜都市民政局,0717-4830735,
29,宜都市,松宜矿区城坡垴社区居家养老服务站,宜都市-松宜矿区-城坡垴社区,5,0,0,0,0,,社区,13469831771,宜都市民政局,0717-4830735,
30,宜都市,松宜矿区官渡坪社区居家养老服务站,宜都市-松宜矿区-官渡坪社区,5,0,0,1,0,棋牌室、阅览室,社区,18086386589,宜都市民政局,0717-4830735,
31,宜都市,松宜矿区石家湾社区居家养老服务站,宜都市-松宜矿区-石家湾社区,7,0,0,1,0,棋牌室、阅览室,社区,18871611683,宜都市民政局,0717-4830735,
32,宜都市,松宜矿区王家湾社区居家养老服务站,宜都市-松宜矿区-王家湾社区,5,0,0,1,0,,社区,15997572590,宜都市民政局,0717-4830735,
33,宜都市,松宜矿区铁路社区居家养老服务站,宜都市-松宜矿区-铁路社区,6,0,0,1,0,,社区,18827267409,宜都市民政局,0717-4830735,
34,宜都市,松宜矿区鸽子潭社区居家养老服务站,宜都市-松宜矿区-鸽子潭社区,5,0,0,1,0,,社区,15872551860,宜都市民政局,0717-4830735,
35,宜都市,五眼泉镇社区居家养老服务站,宜都市-五眼泉镇-五眼泉社区,5,0,0,1,0,,社区,13886692229,宜都市民政局,0717-4830735,
36,枝江市,枝江市马家店街道七口堰社区居家养老服务中心,枝江市-马家店街道,28,1,0,1,1,,街道（乡镇）,13972543828,枝江市民政局,"0717-4220075
",
37,枝江市,丹阳社区居家养老服务站（清柠）,枝江市-马家店街道-丹阳社区,14,1,1,1,0,,社区,18872501075,枝江市民政局,"0717-4220075
",
38,枝江市,白鸭寺社区居家养老服务站,枝江市-马家店街道-白鸭寺社区,17,1,0,1,0,,社区,15072508835,枝江市民政局,"0717-4220075
",
39,枝江市,计划社区居家养老服务站,枝江市-马家店街道-计划社区,23,1,0,1,0,,社区,18571008056,枝江市民政局,"0717-4220075
",
40,枝江市,拽车社区居家养老服务站,枝江市-马家店街道-拽车社区,23,1,0,1,0,,社区,18771795565,枝江市民政局,"0717-4220075
",
41,枝江市,拽车社区居家养老服务站,枝江市-马家店街道-拽车社区,20,1,0,1,0,,社区,18771795565,枝江市民政局,"0717-4220075
",
42,枝江市,熊家窑社区居家养老服务站,枝江市-马家店街道-熊家窑社区,5,1,0,1,0,,社区,13647279670,枝江市民政局,"0717-4220075
",
43,枝江市,五柳树社区居家养老服务站,枝江市-马家店街道-五柳树社区,5,1,0,1,0,,社区,16671736367,枝江市民政局,"0717-4220075
",
44,枝江市,余家溪居家养老服务站,枝江市-马家店街道-余家溪社区,5,1,0,1,0,,社区,16671735944,枝江市民政局,"0717-4220075
",
45,枝江市,谦泰吉居家养老服务站,枝江市-马家店街道-谦泰吉社区,5,1,0,1,0,,社区,13477171728,枝江市民政局,"0717-4220075
",
46,枝江市,七口堰社区居家养老服务站,枝江市-马家店街道-七口堰社区,5,0,0,1,0,,社区,15872497790,枝江市民政局,"0717-4220075
",
47,枝江市,杨家垱社区居家养老服务站,枝江市-马家店街道-杨家垱社区,10,1,0,1,0,,社区,16671734544,枝江市民政局,"0717-4220075
",
48,枝江市,江口社区居家养老服务站,枝江市-马家店街道-江口社区,10,1,0,1,0,,社区,16671734561,枝江市民政局,"0717-4220075
",
49,枝江市,沱江社区居家养老服务站,枝江市-马家店街道-沱江社区,10,1,0,1,0,,社区,19972750141,枝江市民政局,"0717-4220075
",
50,枝江市,双寿桥社区居家养老服务站,枝江市-马家店街道-双寿桥社区,15,1,0,1,0,,社区,15671060399,枝江市民政局,"0717-4220075
",
51,枝江市,丰坪巷社区居家养老服务站,枝江市-马家店街道-丰坪巷社区,12,1,0,1,0,,社区,13972557960,枝江市民政局,"0717-4220075
",
52,枝江市,清滩堰社区居家养老服务站,枝江市-马家店街道-清滩堰社区,15,1,0,1,0,,社区,16671737511,枝江市民政局,"0717-4220075
",
53,枝江市,董市社区居家养老服务站,枝江市-董市镇-董市社区,22,0,0,1,0,,社区,15608601466,枝江市民政局,"0717-4220075
",
54,枝江市,董市镇养老综合体居家养老服务中心,枝江市-董市镇,10,1,1,1,0,,街道（乡镇）,15608601466,枝江市民政局,"0717-4220075
",
55,枝江市,姚家港社区居家养老服务站,枝江市-董市镇-姚家港社区,15,0,0,1,0,,社区,13997713719,枝江市民政局,"0717-4220075
",
56,枝江市,高峡新村社区居家养老服务站,枝江市-董市镇-高峡新村社区,20,0,0,1,0,,社区,18995892630,枝江市民政局,"0717-4220075
",
57,枝江市,仙女镇仙女社区居家养老服务中心,枝江市-仙女镇,10,0,1,1,0,,街道（乡镇）,13972557338,枝江市民政局,"0717-4220075
",
58,枝江市,仙女社区居家养老服务站,枝江市-仙女镇-仙女社区,18,0,0,1,0,,社区,13972557338,枝江市民政局,"0717-4220075
",
59,枝江市,西湾社区居家养老服务站,枝江市-仙女镇-西湾社区,20,0,0,1,0,,社区,13886650665,枝江市民政局,"0717-4220075
",
60,枝江市,问安社区居家养老服务站,枝江市-问安镇-问安社区,5,0,0,1,0,,社区,13972045616,枝江市民政局,"0717-4220075
",
61,枝江市,问安镇养老服务综合体居家养老服务中心,枝江市-问安镇,10,1,1,1,1,,街道（乡镇）,15872626657,枝江市民政局,"0717-4220075
",
62,枝江市,顾家店社区居家养老服务站,枝江市-顾家店镇,22,0,0,1,0,,社区,15972721129,枝江市民政局,"0717-4220075
",
63,枝江市,七星台镇养老服务综合体居家养老服务中心,枝江市-七星台镇,10,1,0,0,0,,街道（乡镇）,13972044746,枝江市民政局,"0717-4220075
",
64,枝江市,紫荆岭社区居家养老服务站,枝江市-安福寺镇-紫荆岭社区,5,0,0,1,1,,社区,15629385189,枝江市民政局,"0717-4220075
",
65,枝江市,安福寺社区居家养老服务站,枝江市-安福寺镇-安福寺社区,5,0,0,1,1,,社区,18107177596,枝江市民政局,"0717-4220075
",
66,当阳市,玉阳居家养老服务站,当阳市-玉阳街道办事处,10,1,1,1,0,,社区,13477144322,当阳市民政局,0717-3236953,
67,当阳市,小烟墩集社区居家养老服务中心,当阳市-庙前镇-小烟墩集社区,20,0,0,1,0,,街道（乡镇）,13872454003,当阳市民政局,0717-3236953,
68,当阳市,沙坝河社区居家养老服务站,当阳市-庙前镇-沙坝河社区,10,0,0,1,0,,社区,15971632208,当阳市民政局,0717-3236953,
69,当阳市,过街楼社区居家养老服务站,当阳市-河溶镇-过街楼社区,10,0,0,1,0,,社区,13487275823,当阳市民政局,0717-3236953,
70,当阳市,过街楼社区居家养老服务站,当阳市-河溶镇-过街楼社区,10,0,0,1,0,,社区,13367173636,当阳市民政局,0717-3236953,
71,当阳市,麦城社区居家养老服务站,当阳市-两河镇-麦城社区,10,0,0,1,0,,社区,13997687884,当阳市民政局,0717-3236953,
72,当阳市,淯溪河社区居家养老服务站,当阳市-淯溪镇-淯溪河社区,10,0,0,1,0,,社区,18086222926,当阳市民政局,0717-3236953,
73,当阳市,半月山社区居家养老服务站,当阳市-半月镇-半月山社区,10,0,0,1,1,,社区,15997597268,当阳市民政局,0717-3236953,
74,当阳市,王家店社区居家养老服务站,当阳市-王店镇-王家店社区,10,0,0,1,0,,社区,13545763295,当阳市民政局,0717-3236953,
75,当阳市,王家店社区居家养老服务站,当阳市-王店镇-王家店社区,10,0,0,1,0,,社区,13545763295,当阳市民政局,0717-3236953,
76,当阳市,太子桥居家养老服务中心,当阳市-玉阳街道办事处-太子桥社区,20,1,1,1,1,,街道（乡镇）,15171921025,当阳市民政局,0717-3236953,
77,当阳市,付家岗社区居家养老服务中心,当阳市-玉阳街道办事处-付家岗社区,20,1,1,1,1,,街道（乡镇）,18671720419,当阳市民政局,0717-3236953,
78,当阳市,广家洲社区居家养老服务站,当阳市-玉阳街道办事处-广家洲社区,10,1,1,1,0,,社区,17762887926,当阳市民政局,0717-3236953,
79,当阳市,南门垱社区居家养老服务站,当阳市-玉阳街道办事处-南门垱社区,10,1,1,1,0,,社区,13997653718,当阳市民政局,0717-3236953,
80,当阳市,子龙路社区居家养老服务站,当阳市-玉阳街道办事处-子龙路社区,10,0,0,1,0,,社区,13177084868,当阳市民政局,0717-3236953,
81,当阳市,窑湾社区居家养老服务站,当阳市-玉阳街道办事处-窑湾社区,10,0,1,1,0,,社区,15897539886,当阳市民政局,0717-3236953,
82,当阳市,熊家山居家养老服务站,当阳市-玉阳街道办事处-熊家山社区,61,1,1,1,0,,社区,15090854321,当阳市民政局,0717-3236953,
83,当阳市,东门楼社区居家养老服务站,当阳市-玉阳街道办事处-东门楼社区,8,1,1,1,0,,社区,18162976222,当阳市民政局,0717-3236953,
84,当阳市,香榭里社区居家养老服务站,当阳市-玉阳街道办事处-香榭里社区,10,0,0,1,0,,社区,15171728970,当阳市民政局,0717-3236953,
85,当阳市,锦屏山社区居家养老服务中心,当阳市-坝陵街道办事处-锦屏山社区,20,1,1,1,0,,街道（乡镇）,18171916072,当阳市民政局,0717-3236953,
86,当阳市,慈化寺社区居家养老服务站,当阳市-坝陵街道办事处-慈化寺社区,10,0,0,1,0,,社区,13477116989,当阳市民政局,0717-3236953,
87,当阳市,坝陵桥社区居家养老服务站,当阳市-坝陵街道办事处-坝陵桥社区,10,0,0,1,0,,社区,15090864598,当阳市民政局,0717-3236953,
88,当阳市,娘娘庙社区居家养老服务中心,当阳市-玉泉街道办事处-娘娘庙社区,17,0,0,1,0,,街道（乡镇）,17762990118,当阳市民政局,0717-3236953,
89,当阳市,娘娘庙社区居家养老服务站,当阳市-玉泉街道办事处-娘娘庙社区,6,0,0,1,0,,社区,17762990118,当阳市民政局,0717-3236953,
90,当阳市,月潭河社区居家养老服务站,当阳市-淯溪镇-月潭河社区,10,0,0,1,0,,社区,13545725080,当阳市民政局,0717-3236953,
91,当阳市,镇头山社区居家养老服务站,当阳市-草埠湖镇-镇头山社区,10,0,0,1,0,,社区,17371710756,当阳市民政局,0717-3236953,
92,远安县,鸣凤镇鸣凤社区居家养老服务中心,远安县-鸣凤镇-鸣凤社区,0,0,0,0,0,,街道（乡镇）,13098403220,远安县民政局,0717-3681520,
93,远安县,鸣凤镇安泰社区居家养老服务站,远安县-鸣凤镇-安泰社区,2,0,0,1,0,,社区,13886660136,远安县民政局,0717-3681520,
94,远安县,鸣凤镇东庄坪社区居家养老服务站,远安县-鸣凤镇-东庄坪社区,2,0,0,1,0,,社区,15972728156,远安县民政局,0717-3681520,
95,远安县,鸣凤镇安泰社区居家养老服务站,远安县-鸣凤镇-安泰社区,2,0,0,1,0,,社区,13886660136,远安县民政局,0717-3681520,
96,远安县,鸣凤镇东庄坪社区居家养老服务站,远安县-鸣凤镇-东庄坪社区,2,0,0,1,0,,社区,15972728156,远安县民政局,0717-3681520,
97,远安县,鸣凤镇嫘祖社区居家养老服务站,远安县-鸣凤镇-嫘祖社区,2,0,0,1,0,,社区,13886660128,远安县民政局,0717-3681520,
98,远安县,鸣凤镇栖凤社区居家养老服务站,远安县-鸣凤镇-栖凤社区,2,0,0,1,0,,社区,13227267766,远安县民政局,0717-3681520,
99,远安县,鸣凤镇凤山社区居家养老服务站,远安县-鸣凤镇-凤山社区,2,0,0,1,0,,社区,15871628558,远安县民政局,0717-3681520,
100,远安县,鸣凤镇解放社区居家养老服务站,远安县-鸣凤镇-解放社区,2,0,0,1,0,,社区,15272115229,远安县民政局,0717-3681520,
101,远安县,鸣凤镇航天社区居家养老服务站,远安县-鸣凤镇-航天社区,2,0,0,1,0,,社区,18771762965,远安县民政局,0717-3681520,
102,远安县,花林寺镇花林社区居家养老服务站,远安县-花林寺镇-花林社区,2,0,0,1,0,,社区,13477856009,远安县民政局,0717-3681520,
103,远安县,花林寺镇石头店社区居家养老服务站,远安县-花林寺镇-石头店社区,2,0,0,1,0,,社区,13872642223,远安县民政局,0717-3681520,
104,远安县,旧县镇旧县社区居家养老服务站,远安县-旧县镇-旧县社区,2,0,0,1,0,,社区,13477834899,远安县民政局,0717-3681520,
105,远安县,洋坪镇洋坪社区居家养老服务站,远安县-洋坪镇-洋坪社区,2,0,0,1,0,,社区,15272108493,远安县民政局,0717-3681520,
106,远安县,洋坪镇社区居家养老服务中心,远安县-洋坪镇,0,0,0,0,0,,街道（乡镇）,13098403220,远安县民政局,0717-3681520,
107,远安县,河口乡河口社区居家养老服务站,远安县-河口乡-河口社区,2,0,0,1,0,,社区,15272108277,远安县民政局,0717-3681520,
108,远安县,茅坪场镇晓坪社区居家养老服务站,远安县-茅坪场镇-晓坪社区,2,0,0,1,0,,社区,15171896998,远安县民政局,0717-3681520,
109,远安县,嫘祖镇荷花社区居家养老服务站,远安县-嫘祖镇-荷花社区,2,0,0,1,0,,社区,13986821136,远安县民政局,0717-3681520,
110,远安县,鸣凤镇鸣凤社区居家养老服务中心,远安县-鸣凤镇-鸣凤社区,10,1,0,1,0,,街道（乡镇）,18008608906,远安县民政局,0717-3681520,
111,远安县,鸣凤镇鸣凤社区居家养老服务中心,远安县-鸣凤镇-鸣凤社区,10,1,0,1,0,,街道（乡镇）,18008608906,远安县民政局,0717-3681520,
112,兴山县,古夫镇夫子社区居家养老服务中心,兴山县-古夫镇-夫子社区,10,1,1,1,1,,街道（乡镇）,13997660911,兴山县民政局,"0717-2582780
",
113,兴山县,昭君镇小河社区居家养老服务中心,兴山县-昭君镇-小河社区,5,1,0,1,1,,街道（乡镇）,13872680246,兴山县民政局,"0717-2582780
",
114,兴山县,昭君镇香溪社区居家养老服务中心,兴山县-昭君镇-香溪社区,12,1,1,1,1,,街道（乡镇）,13997660911,兴山县民政局,"0717-2582780
",
115,兴山县,峡口镇居委会居家养老服务中心,兴山县-峡口镇-峡口居委会,10,1,1,1,1,,街道（乡镇）,15071829391,兴山县民政局,"0717-2582780
",
116,兴山县,水月寺镇居委会居家养老服务站,兴山县-水月寺镇-水月寺居委会,5,0,0,1,1,,社区,13872529179,兴山县民政局,"0717-2582780
",
117,兴山县,古夫镇龙珠社区居家养老服务中心,兴山县-古夫镇-龙珠社区,36,1,1,1,1,,街道（乡镇）,13997660911,秭归县民政局,0717-2616759 ,
118,秭归县,茅坪镇综合养老服务中心,秭归县-茅坪镇,10,1,1,1,1,,街道（乡镇）,18995909666,秭归县民政局,0717-2616759 ,
119,秭归县,社区居家养老服务站,秭归县-茅坪镇,10,0,1,1,1,,社区,15272196676,秭归县民政局,0717-2616759 ,
120,秭归县,茅坪镇橘颂社区社区居家养老服务站,秭归县-茅坪镇-橘颂社区,8,0,1,1,1,,社区,15897517000,秭归县民政局,0717-2616759 ,
121,秭归县,茅坪镇龙舟社区社区居家养老服务站,秭归县-茅坪镇-龙舟社区,10,1,1,1,1,,社区,无,秭归县民政局,0717-2616759 ,
122,秭归县,归州镇归州社区居家养老服务站,秭归县-归州镇-归州居委会,4,0,1,1,1,,社区,13872596765,秭归县民政局,0717-2616759 ,
123,秭归县,秭归县屈原镇综合养老服务中心,秭归县-屈原镇,10,1,1,1,1,,街道（乡镇）,13622875878,秭归县民政局,0717-2616759 ,
124,秭归县,秭归县沙镇溪镇综合养老服务中心,秭归县-沙镇溪镇,10,1,1,1,1,,街道（乡镇）,13972012788,秭归县民政局,0717-2616759 ,
125,秭归县,秭归县两河口镇综合养老服务中心,秭归县-两河口镇,30,0,1,1,1,,社区,13997713795,秭归县民政局,0717-2616759 ,
126,秭归县,茅坪镇滨湖社区社区居家养老服务站,秭归县-茅坪镇-滨湖社区,6,0,1,1,1,,社区,13618688733,秭归县民政局,0717-2616759 ,
127,秭归县,茅坪镇丹阳社区居家养老服务站,秭归县-茅坪镇-丹阳社区,8,0,1,1,1,,社区,13986825838,秭归县民政局,0717-2616759 ,
128,秭归县,茅坪镇长宁社区居家养老服务站,秭归县-茅坪镇-长宁社区,8,0,1,1,1,,社区,13886677958,秭归县民政局,0717-2616759 ,
129,秭归县,茅坪镇建平社区社区居家养老服务站,秭归县-茅坪镇-建平社区,4,1,1,1,1,,社区,13972553302,秭归县民政局,0717-2616759 ,
130,秭归县,茅坪镇西楚社区居家养老服务站,秭归县-茅坪镇-西楚社区,6,0,1,1,1,,社区,18272263203,秭归县民政局,0717-2616759 ,
131,秭归县,屈原镇新滩社区居家养老服务站,秭归县-屈原镇-新滩社区,4,0,1,1,1,,社区,18572352827,秭归县民政局,0717-2616759 ,
132,秭归县,郭家坝镇卜庄河社区居家养老服务站,秭归县-郭家坝镇-卜庄河社区,2,0,1,1,1,,社区,15171818905,秭归县民政局,0717-2616759 ,
133,秭归县,沙镇溪社区居家养老服务站,秭归县-沙镇溪镇-沙镇溪居委会,4,0,1,1,1,,社区,15997606265,秭归县民政局,0717-2616759 ,
134,秭归县,秭归县杨林桥镇综合养老服务中心,秭归县-杨林桥镇,10,1,1,1,1,,街道（乡镇）,15872583420,秭归县民政局,0717-2616759 ,
135,长阳土家族自治县,丹水社区社区居家养老服务站,长阳土家族自治县-龙舟坪镇-丹水社区,5,1,1,1,1,,社区,15334055948,长阳土家族自治县民政局,0717-5105559,
136,长阳土家族自治县,桃山社区社区居家养老服务站,长阳土家族自治县-资丘镇-桃山社区,5,1,1,1,1,,社区,13477193922,长阳土家族自治县民政局,0717-5105559,
137,长阳土家族自治县,都镇湾镇养老服务综合体,长阳土家族自治县-都镇湾镇-庄溪村,10,1,1,1,1,,街道（乡镇）,18307173222,长阳土家族自治县民政局,0717-5105559,
138,长阳土家族自治县,贺家坪镇养老服务综合体,长阳土家族自治县-贺家坪镇-七里坪村,10,1,1,1,1,,街道（乡镇）,15586364461,长阳土家族自治县民政局,0717-5105559,
139,长阳土家族自治县,高家堰镇养老服务综合体,长阳土家族自治县-高家堰镇-向日岭村,10,1,1,1,1,,街道（乡镇）,13986830701,长阳土家族自治县民政局,0717-5105559,
140,长阳土家族自治县,渔峡口镇养老服务综合体,长阳土家族自治县-渔峡口镇-渔坪村,10,1,1,1,1,,街道（乡镇）,13477157478,长阳土家族自治县民政局,0717-5105559,
141,长阳土家族自治县,东部城区社区居家养老服务中心,长阳土家族自治县-龙舟坪镇-湖口社区,15,1,1,1,1,,街道（乡镇）,13872496919,长阳土家族自治县民政局,0717-5105559,
142,长阳土家族自治县,花坪社区居家养老服务站,长阳土家族自治县-龙舟坪镇-花坪社区,22,1,1,1,1,,社区,15171855985,长阳土家族自治县民政局,0717-5105559,
143,长阳土家族自治县,湖口社区居家养老服务站,长阳土家族自治县-龙舟坪镇-湖口社区,5,0,1,1,1,,社区,13487211556,长阳土家族自治县民政局,0717-5105559,
144,长阳土家族自治县,板桥铺社区居家养老服务站,长阳土家族自治县-龙舟坪镇-板桥铺社区,5,1,1,1,1,,社区,13545739988,长阳土家族自治县民政局,0717-5105559,
145,长阳土家族自治县,板桥铺社区居家养老服务站江南片区,长阳土家族自治县-龙舟坪镇-板桥铺社区,5,1,1,1,1,,社区,18671738655,长阳土家族自治县民政局,0717-5105559,
146,长阳土家族自治县,白氏坪社区居家养老服务站,长阳土家族自治县-龙舟坪镇-白氏坪社区,5,1,1,1,1,,社区,15171855985,长阳土家族自治县民政局,0717-5105559,
147,长阳土家族自治县,后山社区居家养老服务站,长阳土家族自治县-龙舟坪镇-后山社区,5,1,1,1,1,,社区,15171855985,长阳土家族自治县民政局,0717-5105559,
148,长阳土家族自治县,枫竹园社区居家养老服务站,长阳土家族自治县-龙舟坪镇-枫竹园社区,5,1,1,1,1,,社区,15071809900,长阳土家族自治县民政局,0717-5105559,
149,长阳土家族自治县,何家坪社区居家养老服务站,长阳土家族自治县-龙舟坪镇-何家坪社区,5,1,1,1,1,,社区,13886686658,长阳土家族自治县民政局,0717-5105559,
150,长阳土家族自治县,鸣凤社区居家养老服务站,长阳土家族自治县-龙舟坪镇-鸣凤社区,5,1,1,1,1,,社区,18986838381,长阳土家族自治县民政局,0717-5105559,
151,长阳土家族自治县,花坪社区居家养老服务站向王街,长阳土家族自治县-龙舟坪镇-花坪社区,5,1,1,1,1,,社区,15071809900,长阳土家族自治县民政局,0717-5105559,
152,长阳土家族自治县,四冲湾社区居家养老服务站,长阳土家族自治县-龙舟坪镇-四冲湾社区,5,1,1,1,1,,社区,13997722959,长阳土家族自治县民政局,0717-5105559,
153,长阳土家族自治县,龙门社区居家养老服务站,长阳土家族自治县-龙舟坪镇-龙门社区,5,1,1,1,1,,社区,13972015767,长阳土家族自治县民政局,0717-5105559,
154,长阳土家族自治县,西寺坪社区居家养老服务站,长阳土家族自治县-龙舟坪镇-西寺坪社区,5,1,1,1,1,,社区,13972558982,长阳土家族自治县民政局,0717-5105559,
155,长阳土家族自治县,津洋口社区居家养老服务站,长阳土家族自治县-龙舟坪镇-津洋口社区,5,1,1,1,1,,社区,13669076845,长阳土家族自治县民政局,0717-5105559,
156,长阳土家族自治县,中部城区养老服务综合体,长阳土家族自治县-龙舟坪镇-花坪社区,10,1,1,1,1,,街道（乡镇）,13972023108,长阳土家族自治县民政局,0717-5105559,
157,长阳土家族自治县,龙舟坪镇养老服务综合体,长阳土家族自治县-龙舟坪镇-四冲湾社区,20,1,1,1,1,,街道（乡镇）,15072559815,长阳土家族自治县民政局,0717-5105559,
158,五峰土家族自治县,傅家堰乡社区居家养老服务中心,五峰土家族自治县-傅家堰乡-堰窝子社区,10,1,1,1,1,,街道（乡镇）,13647178789,五峰县土家族自治县民政局,0717-5821156,
159,五峰土家族自治县,渔洋关镇桥河社区居家养老中心,五峰土家族自治县-渔洋关镇-桥河社区,4,0,0,1,0,,社区,18995896868,五峰县土家族自治县民政局,0717-5821156,
160,五峰土家族自治县,五峰镇正街社区居家养老中心,五峰土家族自治县-五峰镇-正街社区,5,0,0,1,0,,社区,18871732996,五峰县土家族自治县民政局,0717-5821156,
161,五峰土家族自治县,渔洋关镇社区居家养老服务中心,五峰土家族自治县-渔洋关镇-三房坪社区,10,1,1,1,1,,街道（乡镇）,13986799958,五峰县土家族自治县民政局,0717-5821156,
162,五峰土家族自治县,五峰镇长坪社区居家养老服务中心,五峰土家族自治县-五峰镇-长坪社区,3,0,0,1,0,,社区,13477125789,五峰县土家族自治县民政局,0717-5821156,
163,五峰土家族自治县,五峰镇社区居家养老服务中心,五峰土家族自治县-五峰镇-北门社区,12,1,1,1,1,,街道（乡镇）,15090912429,五峰县土家族自治县民政局,0717-5821156,
164,五峰土家族自治县,长乐坪镇长乐社区居家养老中心,五峰土家族自治县-长乐坪镇-长乐社区,3,1,1,1,0,,社区,13872683168,五峰县土家族自治县民政局,0717-5821156,
165,五峰土家族自治县,渔洋关镇大房坪社区幸福院,五峰土家族自治县-渔洋关镇-大房坪社区,21,0,0,1,0,,社区,13872566319,五峰县土家族自治县民政局,0717-5821156,
166,五峰土家族自治县,五峰镇北门社区居家养老中心,五峰土家族自治县-五峰镇-北门社区,5,0,0,1,0,,社区,15090912429,五峰县土家族自治县民政局,0717-5821156,
167,五峰土家族自治县,牛庄乡集镇社区居家养老中心,五峰土家族自治县-牛庄乡-集镇社区,5,0,0,1,0,,社区,18995878648,五峰县土家族自治县民政局,0717-5821156,
168,夷陵区,三斗坪镇社区居家养老服务站,夷陵区-三斗坪镇-三斗坪社区,2,0,0,0,0,,社区,13085165626,夷陵区民政局,0717-7819238,
169,夷陵区,东城试验区黄金卡社区居家养老服务站,夷陵区-东城试验区-黄金卡社区,4,0,0,0,0,,社区,18671788543,夷陵区民政局,0717-7819238,
170,夷陵区,龙泉镇龙镇社区居家养老服务站,夷陵区-龙泉镇-龙镇社区,2,0,0,0,0,,社区,13972552401,夷陵区民政局,0717-7819238,
171,夷陵区,东城试验区绿洲社区居家养老服务站,夷陵区-东城试验区-绿洲社区,3,1,1,1,1,,社区,13886719726,夷陵区民政局,0717-7819238,
172,夷陵区,东城试验区锦湖社区居家养老服务站,夷陵区-东城试验区-锦湖社区,5,1,1,1,1,,社区,15090902055,夷陵区民政局,0717-7819238,
173,夷陵区,东城试验区锦江社区居家养老服务站,夷陵区-东城试验区-锦江社区,5,0,1,1,1,,社区,17771723809,夷陵区民政局,0717-7819238,
174,夷陵区,邓村乡茶园观社区居家养老服务站,夷陵区-邓村乡-茶园观社区,3,0,0,1,0,,社区,15871563469,夷陵区民政局,0717-7819238,
175,夷陵区,东城试验区平云社区居家养老服务站,夷陵区-东城试验区-平云社区,4,1,0,1,0,,社区,15071820669,夷陵区民政局,0717-7819238,
176,夷陵区,东城试验区润城社区聚居家养老服务站,夷陵区-东城试验区-润城社区,3,1,0,1,0,,社区,13972597330,夷陵区民政局,0717-7819238,
177,夷陵区,东城试验区东城社区居家养老服务站,夷陵区-东城试验区-东城社区,3,1,0,1,0,,社区,13972539893,夷陵区民政局,0717-7819238,
178,夷陵区,乐天溪镇乐天溪社区居家养老服务站,夷陵区-乐天溪镇-乐天溪镇社区居委会,2,0,0,0,0,,社区,13972594028,夷陵区民政局,0717-7819238,
179,夷陵区,龙泉镇社区居家养老服务中心,夷陵区-龙泉镇-宋家嘴村,12,0,1,1,1,,街道（乡镇）,15871601068,夷陵区民政局,0717-7819238,
180,夷陵区,小溪塔街道南津关社区居家养老服务站,夷陵区-小溪塔街办-南津关社区,2,0,0,0,0,,社区,13477838456,夷陵区民政局,0717-7819238,
181,夷陵区,小溪塔街道平湖社区居家养老服务站,夷陵区-小溪塔街办-平湖社区,2,1,1,1,1,,社区,13477153646,夷陵区民政局,0717-7819238,
182,夷陵区,小溪塔街道望江社区居家养老服务站,夷陵区-小溪塔街办-望江社区,2,1,1,1,1,,社区,15971630881,夷陵区民政局,0717-7819238,
183,夷陵区,小溪塔街道营盘社区居家养老服务站,夷陵区-小溪塔街办-营盘社区,2,1,1,1,1,,社区,13177085312,夷陵区民政局,0717-7819238,
184,夷陵区,小溪塔街道丁家坝社区居家养老服务中心,夷陵区-小溪塔街办-丁家坝社区,11,1,1,1,0,,街道（乡镇）,13908609596,夷陵区民政局,0717-7819238,
185,夷陵区,小溪塔街道冯家湾社区居家养老服务站,夷陵区-小溪塔街办-冯家湾社区,2,1,0,0,0,,社区,15072532267,夷陵区民政局,0717-7819238,
186,夷陵区,小溪塔街道东湖社区居家养老服务站,夷陵区-小溪塔街办-东湖社区,4,1,1,1,1,,社区,13886660732,夷陵区民政局,0717-7819238,
187,夷陵区,小溪塔街道谭家榜社区居家养老服务站,夷陵区-小溪塔街办-谭家榜社区,2,0,1,1,1,,社区,15571779660,夷陵区民政局,0717-7819238,
188,夷陵区,太平溪镇伍相庙社区居家养老服务站,夷陵区-太平溪镇-伍相庙村,2,0,0,0,0,,社区,13872450053,夷陵区民政局,0717-7819238,
189,夷陵区,雾渡河镇茅坪河社区居家养老服务中心,夷陵区-雾渡河镇-茅坪河居委会,10,1,1,1,1,,街道（乡镇）,18062987520,夷陵区民政局,0717-7819238,
190,夷陵区,鸦鹊岭镇鸦鹊岭社区居家养老服务中心,夷陵区-鸦鹊岭镇-居委会,12,1,1,1,0,,街道（乡镇）,13487224871,夷陵区民政局,0717-7819238,
191,夷陵区,分乡镇分乡场社区居家养老服务中心,夷陵区-分乡镇-分乡场村,10,1,1,1,1,,街道（乡镇）,15629343888,夷陵区民政局,0717-7819238,
192,夷陵区,樟村坪镇樟村坪社区居家养老服务站,夷陵区-樟村坪镇-樟村坪居委会,2,0,0,0,0,,社区,15926975000,夷陵区民政局,0717-7819238,
193,夷陵区,黄花镇黄花场社区居家养老服务中心,夷陵区-黄花镇-黄花场村,10,0,1,1,0,,街道（乡镇）,13581480665,夷陵区民政局,0717-7819238,
194,夷陵区,小溪塔街道峡江社区居家养老服务站,夷陵区-小溪塔街办-峡江社区,2,1,1,1,0,,社区,13972048828,夷陵区民政局,0717-7819238,
195,夷陵区,小溪塔街道朝阳社区居家养老服务站,夷陵区-小溪塔街办-朝阳社区,5,0,1,1,1,,社区,18871735226,夷陵区民政局,0717-7819238,
196,夷陵区,小溪塔街道港虹社区居家养老服务站,夷陵区-小溪塔街办-港虹社区,5,1,0,1,0,,社区,13477150086,夷陵区民政局,0717-7819238,
197,夷陵区,小溪塔街道长江市场社区居家养老服务站,夷陵区-小溪塔街办-长江市场社区,5,1,1,1,1,,社区,13886707050,夷陵区民政局,0717-7819238,
198,夷陵区,小溪塔街道兴安社区居家养老服务中心,夷陵区-小溪塔街办-兴安社区,18,1,1,1,1,,街道（乡镇）,13972021060,夷陵区民政局,0717-7819238,
199,夷陵区,三斗坪镇社区居家养老服务中心,夷陵区-三斗坪镇-高家村,10,0,1,1,0,,街道（乡镇）,13872633388,夷陵区民政局,0717-7819238,
200,西陵区,窑湾街道社区居家养老服务中心,西陵区-窑湾街办-唐家湾社区,10,1,1,1,1,,街道（乡镇）,18671784361,西陵区民政局,0717-6918238,
201,西陵区,尚书巷社区居家养老服务站,西陵区-学院街办-尚书巷社区,2,1,1,1,0,,社区,13972006990,西陵区民政局,0717-6918238,
202,西陵区,东门外正街社区居家养老服务站,西陵区-学院街办-东门外正街社区,1,0,0,1,0,,社区,18827299403,西陵区民政局,0717-6918238,
203,西陵区,环城东路社区居家养老服务站,西陵区-学院街办-环城东路社区,1,1,0,1,0,,社区,13339782492,西陵区民政局,0717-6918238,
204,西陵区,环城北路社区居家养老服务站,西陵区-学院街办-环城北路社区,2,1,0,1,0,,社区,13477150462,西陵区民政局,0717-6918238,
205,西陵区,解放路社区居家养老服务站,西陵区-学院街办-解放路社区,2,1,0,1,0,,社区,13972587200,西陵区民政局,0717-6918238,
206,西陵区,西坝街道社区居家养老服务中心,西陵区-西坝街办-丫口社区,10,1,0,1,0,,街道（乡镇）,18372341000,西陵区民政局,0717-6918238,
207,西陵区,甲街社区居家养老服务站,西陵区-西坝街办-甲街社区,1,0,0,1,1,,社区,18707200640,西陵区民政局,0717-6918238,
208,西陵区,光明路社区居家养老服务站,西陵区-西坝街办-光明路社区,1,0,1,1,1,,社区,15271450061,西陵区民政局,0717-6918238,
209,西陵区,桥北社区居家养老服务中心,西陵区-西坝街办-桥北社区,1,0,0,1,0,,街道（乡镇）,15586365365,西陵区民政局,0717-6918238,
210,西陵区,幸福路社区居家养老服务站,西陵区-西坝街办-幸福路社区,1,0,0,1,0,,社区,13117273263,西陵区民政局,0717-6918238,
211,西陵区,平湖馨苑居家养老服务中心,西陵区-夜明珠街办-平湖馨苑社区,10,1,1,1,1,,街道（乡镇）,15872456019,西陵区民政局,0717-6918238,
212,西陵区,金安岭社区居家养老服务站,西陵区-夜明珠街办-金安岭社区,1,0,0,1,1,,社区,18671763888,西陵区民政局,0717-6918238,
213,西陵区,肖家岗社区居家养老服务站,西陵区-夜明珠街办-肖家岗社区,1,0,0,1,1,,社区,13487272171,西陵区民政局,0717-6918238,
214,西陵区,大堰湾社区居家养老服务站,西陵区-夜明珠街办-大堰湾社区,1,0,0,1,1,,社区,15171871758,西陵区民政局,0717-6918238,
215,西陵区,英雄山社区居家养老服务站,西陵区-夜明珠街办-英雄山社区,2,1,0,1,1,,社区,15571721550,西陵区民政局,0717-6918238,
216,西陵区,常家湾社区居家养老服务站,西陵区-夜明珠街办-常家湾社区,1,1,0,1,1,,社区,13227292689,西陵区民政局,0717-6918238,
217,西陵区,夜明珠社区居家养老服务站,西陵区-夜明珠街办-夜明珠社区,1,1,0,1,1,,社区,18607200705,西陵区民政局,0717-6918238,
218,西陵区,黄河路社区居家养老服务站,西陵区-窑湾街办-黄河路社区,1,0,0,1,1,,社区,13227251777,西陵区民政局,0717-6918238,
219,西陵区,金斗山社区居家养老服务站,西陵区-窑湾街办-金斗山社区,2,0,0,1,1,,社区,15997522988,西陵区民政局,0717-6918238,
220,西陵区,朝阳路社区居家养老服务站,西陵区-窑湾街办-朝阳路社区,1,0,0,1,1,,社区,18771770329,西陵区民政局,0717-6918238,
221,西陵区,清波路社区居家养老服务中心,西陵区-葛洲坝街办-清波路社区,10,1,1,1,1,,街道（乡镇）,18907209825,西陵区民政局,0717-6918238,
222,西陵区,锦绣社区居家养老服务站,西陵区-葛洲坝街办-锦绣社区,5,1,1,1,1,,社区,18671781313,西陵区民政局,0717-6918238,
223,西陵区,东方社区居家养老服务站,西陵区-葛洲坝街办-东方社区,10,1,1,1,1,,社区,18608600055,西陵区民政局,0717-6918238,
224,西陵区,石子岭社区居家养老服务站,西陵区-葛洲坝街办-石子岭社区,2,0,1,1,1,,社区,18907209825,西陵区民政局,0717-6918238,
225,西陵区,西峡社区居家养老服务站,西陵区-葛洲坝街办-西峡社区,2,0,1,1,1,,社区,15171775108,西陵区民政局,0717-6918238,
226,西陵区,东湖社区居家养老服务站,西陵区-葛洲坝街办-东湖社区,1,1,1,1,1,,社区,15972727177,西陵区民政局,0717-6918238,
227,西陵区,长樵溪社区居家养老服务站,西陵区-葛洲坝街办-长樵溪社区,2,0,1,1,1,,社区,15872520791,西陵区民政局,0717-6918238,
228,西陵区,果园路社区居家养老服务中心,西陵区-云集街办-果园路社区,4,1,1,1,1,,街道（乡镇）,18671720419,西陵区民政局,0717-6918238,
229,西陵区,白龙井社区居家养老服务站,西陵区-云集街办-白龙井社区,10,1,1,1,1,,社区,13687277725,西陵区民政局,0717-6918238,
230,西陵区,桃花岭社区居家养老服务站,西陵区-云集街办-桃花岭社区,10,1,1,1,0,,社区,15608600766,西陵区民政局,0717-6918238,
231,西陵区,山庄路社区居家养老服务站,西陵区-云集街办-山庄路社区,4,1,1,1,1,,社区,18572390959,西陵区民政局,0717-6918238,
232,西陵区,小林园社区居家养老服务站,西陵区-云集街办-小林园社区,4,1,1,1,1,,社区,17762879414,西陵区民政局,0717-6918238,
233,西陵区,夷陵路社区居家养老服务站,西陵区-云集街办-夷陵路社区,2,0,0,1,0,,社区,13545730121,西陵区民政局,0717-6918238,
234,西陵区,赵家湾社区居家养老服务站,西陵区-云集街办-赵家湾社区,1,1,1,1,1,,社区,18071324818,西陵区民政局,0717-6918238,
235,西陵区,二马路社区居家养老服务站,西陵区-云集街办-二马路社区,1,1,0,0,0,,社区,13477838369,西陵区民政局,0717-6918238,
236,西陵区,北苑街道东山花园社区居家养老服务中心,西陵区-北苑管理区-东山花园社区,10,1,1,1,1,,街道（乡镇）,13886680647,西陵区民政局,0717-6918238,
237,西陵区,北苑街道城东社区居家养老服务站,西陵区-北苑管理区-城东社区,8,1,1,1,1,,社区,13886680647,西陵区民政局,0717-6918238,
238,西陵区,北苑街道东山花园社区居家养老服务站（原厦门路社区）,西陵区-北苑管理区-东山花园社区,0,0,1,1,1,,社区,13908602688,西陵区民政局,0717-6918238,
239,西陵区,南苑社区居家养老服务站,西陵区-南苑管理区-南苑社区,0,0,0,0,0,,社区,13707203031,西陵区民政局,0717-6918238,
240,西陵区,长江社区居家养老服务站,西陵区-南苑管理区-长江社区,0,0,0,0,0,,社区,13477013201,西陵区民政局,0717-6918238,
241,西陵区,东苑街道汕头路社区居家养老服务站,西陵区-东苑管理区-汕头路社区,4,0,1,1,1,,社区,15308601693,西陵区民政局,0717-6918238,
242,西陵区,东苑街道珠海路社区居家养老服务站,西陵区-东苑管理区-珠海路社区,1,1,1,1,1,,社区,15671072978,西陵区民政局,0717-6918238,
243,西陵区,东苑街道青岛路社区居家养老服务站,西陵区-东苑管理区-青岛路社区,10,0,1,1,1,,社区,19986651413,西陵区民政局,0717-6918238,
244,西陵区,土街头社区居家养老服务站,西陵区-西陵街办-土街头社区,9,1,1,1,1,,社区,15872456019,西陵区民政局,0717-6918238,
245,西陵区,铁路坝社区居家养老服务站,西陵区-西陵街办-铁路坝社区,1,1,1,1,1,,社区,13997690277,西陵区民政局,0717-6918238,https://data.yichang.gov.cn/karma/pic/1ab53979-871f-44d7-a3b3-03cb7e0aa7a8.png
246,西陵区,营盘路社区居家养老服务站,西陵区-西陵街办-营盘路社区,6,1,1,1,0,,社区,13687277725,西陵区民政局,0717-6918238,
247,西陵区,刘家大堰社区居家养老服务站,西陵区-西陵街办-刘家大堰社区,2,1,1,1,1,,社区,188717777715,西陵区民政局,0717-6918238,
248,西陵区,绿萝路社区居家养老服务站,西陵区-西陵街办-绿萝路社区,1,1,0,1,1,,社区,18827280596,西陵区民政局,0717-6918238,
249,西陵区,常刘路社区居家养老服务站,西陵区-西陵街办-常刘路社区,1,0,0,1,1,,社区,13972604079,西陵区民政局,0717-6918238,
250,西陵区,船柴社区居家养老服务站,西陵区-西陵街办-船柴社区,0,0,1,1,1,,社区,13986815646,西陵区民政局,0717-6918238,
251,西陵区,香锦社区居家养老服务站,西陵区-西陵街办-香锦社区,1,0,0,1,0,,社区,18972029399,西陵区民政局,0717-6918238,
252,西陵区,石板溪社区居家养老服务站,西陵区-西陵街办-石板溪社区,1,1,1,1,1,,社区,13986791666,西陵区民政局,0717-6918238,
253,西陵区,四方堰社区居家养老服务中心,西陵区-学院街办-四方堰社区,10,1,1,1,1,,街道（乡镇）,13117286728,西陵区民政局,0717-6918238,
254,西陵区,墨池巷社区居家养老服务站,西陵区-学院街办-墨池巷社区,10,1,1,1,1,,社区,13807207469,西陵区民政局,0717-6918238,
255,西陵区,气象台社区居家养老服务站,西陵区-学院街办-气象台社区,10,1,0,1,1,,社区,13117292988,西陵区民政局,0717-6918238,
256,西陵区,镇平路社区居家养老服务站,西陵区-夜明珠街办-镇平路社区,1,0,0,1,1,,社区,13807205016,西陵区民政局,0717-6918238,
257,西陵区,镇境山社区居家养老服务站,西陵区-夜明珠街办-镇境山社区,1,0,0,1,1,,社区,13997743616,西陵区民政局,0717-6918238,
258,西陵区,西陵街道社区居家养老服务中心,西陵区-西陵街办-樵湖岭社区,10,1,1,1,0,,街道（乡镇）,13997656896,西陵区民政局,0717-6918238,
259,西陵区,运河佳苑居家养老服务站,西陵区-南苑管理区-苏家榜社区,4,1,1,1,1,,社区,18071319310,西陵区民政局,0717-6918238,
260,伍家岗区,大公桥街道隆康路社区居家养老服务站,伍家岗区-大公桥街办-新隆康路社区,3,0,1,1,1,,社区,17671933133,伍家岗区民政局,0717-6591521,
261,伍家岗区,大公桥街道胜利四路社区居家养老服务站,伍家岗区-大公桥街办-胜利四路社区,2,0,0,1,1,,社区,18071311056,伍家岗区民政局,0717-6591521,
262,伍家岗区,大公桥街道胜利二路社区居家养老服务站,伍家岗区-大公桥街办-胜利二路社区,2,0,0,1,1,,社区,18986783799,伍家岗区民政局,0717-6591521,
263,伍家岗区,大公桥街道金家台社区居家养老服务站,伍家岗区-大公桥街办-金家台社区,2,0,0,1,1,,社区,17671937887,伍家岗区民政局,0717-6591521,
264,伍家岗区,伍家乡福久源社区居家养老服务站,伍家岗区-伍家乡-福久源社区,2,0,1,1,1,,社区,18071310798,伍家岗区民政局,0717-6591521,
265,伍家岗区,伍家乡鑫鼎社区居家养老服务站,伍家岗区-伍家乡-鑫鼎社区,2,1,0,1,1,,社区,17707173930,伍家岗区民政局,0717-6591521,
266,伍家岗区,伍家乡枫香树社区居家养老服务站,伍家岗区-伍家乡-枫香树社区,2,0,1,1,1,,社区,18071310080,伍家岗区民政局,0717-6591521,
267,伍家岗区,伍家乡张家湾社区居家养老服务站,伍家岗区-伍家乡-张家湾社区,5,0,1,1,1,,社区,18071310483,伍家岗区民政局,0717-6591521,
268,伍家岗区,伍家乡东站路社区居家养老服务站,伍家岗区-伍家乡-东站路社区,5,0,1,1,1,,社区,18071310922,伍家岗区民政局,0717-6591521,
269,伍家岗区,伍家乡柏临河路社区居家养老服务站,伍家岗区-伍家乡-柏临河路社区,5,0,1,1,1,,社区,18071316450,伍家岗区民政局,0717-6591521,
270,伍家岗区,伍家乡花溪路社区居家养老服务站,伍家岗区-伍家乡-花溪路社区,2,1,1,1,1,,社区,18071313474,伍家岗区民政局,0717-6591521,
271,伍家岗区,伍家乡三峡物流园社区居家养老服务站,伍家岗区-伍家乡-三峡物流园社区,2,0,1,1,1,,社区,13277232205,伍家岗区民政局,0717-6591521,
272,伍家岗区,伍家乡金巴岭社区居家养老服务站,伍家岗区-伍家乡-金巴岭社区,1,0,1,1,1,,社区,18071313887,伍家岗区民政局,0717-6591521,
273,伍家岗区,万寿桥街道港务社区居家养老服务中心,伍家岗区-万寿桥街办-港务社区,15,1,1,1,1,,街道（乡镇）,13469823967,伍家岗区民政局,0717-6591521,
274,伍家岗区,万寿桥街道杨岔路社区居家养老服务站,伍家岗区-万寿桥街办-杨岔路社区,2,1,1,1,1,,社区,15997644147,伍家岗区民政局,0717-6591521,
275,伍家岗区,万寿桥街道建设社区居家养老服务站,伍家岗区-万寿桥街办-建设社区,2,1,1,1,1,,社区,15997644147,伍家岗区民政局,0717-6591521,
276,伍家岗区,万寿桥街道万达社区居家养老服务站,伍家岗区-万寿桥街办-万达社区,1,0,0,1,0,,社区,13997700793,伍家岗区民政局,0717-6591521,
277,伍家岗区,万寿桥街道张家店社区居家养老服务站,伍家岗区-万寿桥街办-张家店社区,10,1,0,1,1,,社区,18671785722,伍家岗区民政局,0717-6591521,
278,伍家岗区,宝塔河街道张家坡社区居家养老服务中心,伍家岗区-宝塔河街办-张家坡社区,5,1,0,1,1,,街道（乡镇）,13545854401,伍家岗区民政局,0717-6591521,
279,伍家岗区,宝塔河街道宝联社区居家养老服务站,伍家岗区-宝塔河街办-宝联社区,5,0,0,0,0,,社区,18071311198,伍家岗区民政局,0717-6591521,
280,伍家岗区,宝塔河街道岳湾路社区居家养老服务站,伍家岗区-宝塔河街办-岳湾路社区,5,0,0,0,0,,社区,18071311210,伍家岗区民政局,0717-6591521,
281,伍家岗区,宝塔河街道岳家冲社区居家养老服务站,伍家岗区-宝塔河街办-岳家冲社区,5,0,0,0,0,,社区,18071311124,伍家岗区民政局,0717-6591521,
282,伍家岗区,宝塔河街道合益路社区居家养老服务站,伍家岗区-宝塔河街办-合益路社区,5,0,0,0,0,,社区,18071311164,伍家岗区民政局,0717-6591521,
283,伍家岗区,宝塔河街道中南路社区居家养老服务站,伍家岗区-宝塔河街办-中南路社区,5,0,0,0,0,,社区,18071310730,伍家岗区民政局,0717-6591521,
284,伍家岗区,宝塔河街道白家冲社区居家养老服务站,伍家岗区-宝塔河街办-白家冲社区,5,0,0,0,0,,社区,15872549424,伍家岗区民政局,0717-6591521,
285,伍家岗区,宝塔河街道松林路社区居家养老服务站,伍家岗区-宝塔河街办-松林路社区,5,0,0,0,0,,社区,18071311208,伍家岗区民政局,0717-6591521,
286,伍家岗区,宝塔河街道胡家冲社区居家养老服务站,伍家岗区-宝塔河街办-胡家冲社区,5,0,0,0,0,,社区,19971885530,伍家岗区民政局,0717-6591521,
287,伍家岗区,宝塔河街道艾家嘴社区居家养老服务站,伍家岗区-宝塔河街办-艾家嘴社区,5,0,0,0,0,,社区,18071311187,伍家岗区民政局,0717-6591521,
288,伍家岗区,宝塔河街道竹涛山社区居家养老服务站,伍家岗区-宝塔河街办-竹涛山社区,5,0,0,0,0,,社区,18071317713,伍家岗区民政局,0717-6591521,
289,伍家岗区,宝塔河街道古塔社区居家养老服务站,伍家岗区-宝塔河街办-古塔社区,5,0,0,0,0,,社区,18071311091,伍家岗区民政局,0717-6591521,
290,伍家岗区,宝塔河街道魏家湾社区居家养老服务站,伍家岗区-宝塔河街办-魏家湾社区,5,0,0,0,0,,社区,18071315241,伍家岗区民政局,0717-6591521,
291,伍家岗区,宝塔河街道东星社区居家养老服务站,伍家岗区-宝塔河街办-东星社区,5,0,0,0,0,,社区,18071311334,伍家岗区民政局,0717-6591521,
292,伍家岗区,宝塔河街道徐家坝社区居家养老服务站,伍家岗区-宝塔河街办-徐家坝社区,5,0,0,0,0,,社区,18071301036,伍家岗区民政局,0717-6591521,
293,伍家岗区,宝塔河街道韩家坝社区居家养老服务站,伍家岗区-宝塔河街办-韩家坝社区,5,0,0,0,0,,社区,18071311226,伍家岗区民政局,0717-6591521,
294,伍家岗区,伍家岗街道白沙路社区居家养老服务中心,伍家岗区-伍家岗街办-白沙路社区,17,1,1,1,1,,街道（乡镇）,（2199128,伍家岗区民政局,0717-6591521,
295,伍家岗区,伍家岗街道沈家店社区居家养老服务站,伍家岗区-伍家岗街办-沈家店社区,2,1,1,1,1,,社区,13912896851,伍家岗区民政局,0717-6591521,
296,伍家岗区,伍家岗街道八一路社区居家养老服务站,伍家岗区-伍家岗街办-八一路社区,2,0,1,0,0,,社区,6553009,伍家岗区民政局,0717-6591521,
297,伍家岗区,伍家岗街道桔城路社区居家养老服务站,伍家岗区-伍家岗街办-桔城路社区,2,0,1,0,1,,社区,15671011773,伍家岗区民政局,0717-6591521,
298,伍家岗区,伍家岗街道龙盘湖社区居家养老服务站,伍家岗区-伍家岗街办-龙盘湖社区,2,0,1,1,0,,社区,6572018,伍家岗区民政局,0717-6591521,
299,伍家岗区,伍家岗街道江山社区居家养老服务站,伍家岗区-伍家岗街办-江山社区,2,1,1,1,0,,社区,15629352777,伍家岗区民政局,0717-6591521,
300,伍家岗区,伍家岗街道白沙脑社区居家养老服务站,伍家岗区-伍家岗街办-白沙脑社区,2,1,0,0,0,,社区,18671763970,伍家岗区民政局,0717-6591521,
301,伍家岗区,伍家岗街道白马山社区居家养老服务站,伍家岗区-伍家岗街办-白马山社区,2,1,1,1,1,,社区,19971889467,伍家岗区民政局,0717-6591521,
302,伍家岗区,伍家岗街道东艳路社区居家养老服务站,伍家岗区-伍家岗街办-东艳路社区,2,1,0,0,0,,社区,15572721689,伍家岗区民政局,0717-6591521,
303,伍家岗区,伍家岗街道临江溪社区居家养老服务站,伍家岗区-伍家岗街办-临江溪社区,2,0,0,0,0,,社区,18972026577,伍家岗区民政局,0717-6591521,
304,伍家岗区,伍家岗街道伍临路社区居家养老服务站,伍家岗区-伍家岗街办-伍临路社区,2,0,1,0,0,,社区,13872625200,伍家岗区民政局,0717-6591521,
305,伍家岗区,伍家岗街道李家湖社区居家养老服务站,伍家岗区-伍家岗街办-李家湖社区,2,0,0,0,0,,社区,18771823193,伍家岗区民政局,0717-6591521,
306,伍家岗区,伍家岗街道花艳社区居家养老服务站,伍家岗区-伍家岗街办-花艳社区,2,0,1,0,0,,社区,18972588981,伍家岗区民政局,0717-6591521,
307,伍家岗区,伍家岗街道王家河社区居家养老服务站,伍家岗区-伍家岗街办-王家河社区,2,0,1,0,0,,社区,13972607583,伍家岗区民政局,0717-6591521,
308,伍家岗区,大公桥街道北山坡社区居家养老服务中心,伍家岗区-大公桥街办-北山坡社区,13,1,1,1,1,,街道（乡镇）,13886727189,伍家岗区民政局,0717-6591521,
309,点军区,联棚乡双溪社区居家养老服务中心,点军区-联棚乡-双溪村,5,1,1,1,1,,街道（乡镇）,19071730948,点军区民政局,0717-6677080,
310,点军区,点军区梅子溪社区社区居家养老服务中心,点军区-点军街办-梅子溪社区,2,1,1,1,1,,街道（乡镇）,17762998980,点军区民政局,0717-6677080,
311,点军区,点军街办至喜社区居家养老服务站,点军区-点军街办-至喜社区,0,1,1,1,0,,社区,18062392906,点军区民政局,0717-6677080,
312,点军区,桥边镇广华寺社区居家养老服务中心,点军区-桥边镇-广化寺社区,4,1,1,1,1,,街道（乡镇）,13197332033,点军区民政局,0717-6677080,
313,猇亭区,宜昌市猇亭区长江社区居家养老服务站,猇亭区-古老背街办-长江新村社区,2,1,0,1,1,,社区,18062999400,猇亭区民政局,0717-6512557,
314,猇亭区,宜昌市猇亭区桐岭新村社区居家养老服务站,猇亭区-古老背街办-桐岭新村社区,4,1,1,1,1,,社区,18062999400,猇亭区民政局,0717-6512557,
315,猇亭区,猇亭区云池街道石板冲社区居家养老服务站,猇亭区-云池街办-石板冲社区,0,0,0,0,0,,社区,13997662498,猇亭区民政局,0717-6512557,
316,猇亭区,猇亭区云池街道黄龙寺社区居家养老服务站,猇亭区-云池街办-黄龙寺社区,0,0,0,0,0,,社区,15997566533,猇亭区民政局,0717-6512557,
317,猇亭区,猇亭区虎牙街道虎牙社区居家养老服务站,猇亭区-虎牙街办-虎牙社区,0,0,1,0,1,,社区,18608607234,猇亭区民政局,0717-6512557,
318,猇亭区,双桥社区居家养老服务中心,猇亭区-古老背街办-双桥社区,0,0,0,0,0,,社区,13774195607,猇亭区民政局,0717-6512557,
319,猇亭区,蔡家畈社区居家养老服务站,猇亭区-古老背街办-蔡家畈社区,0,0,0,0,0,,社区,13687275155,猇亭区民政局,0717-6512557,
320,猇亭区,宜昌市猇亭区桐岭社区居家养老服务站,猇亭区-古老背街办-桐岭社区,6,1,1,1,1,,社区,18062999400,猇亭区民政局,0717-6512557,
321,猇亭区,宜昌市猇亭区古老背街办古老背社区居家养老服务站,猇亭区-古老背街办-古老背社区,2,0,0,1,1,,社区,18062999400,猇亭区民政局,0717-6512557,
322,猇亭区,宜昌市猇亭区云池街道下马槽社区居家养老服务中心,猇亭区-云池街办-下马槽社区,10,0,0,1,1,,街道（乡镇）,18062999400,猇亭区民政局,0717-6512557,
323,猇亭区,猇亭区云池街道云池社区居家养老服务站,猇亭区-云池街办-云池社区,2,1,1,1,1,,社区,13872631298,猇亭区民政局,0717-6512557,
324,猇亭区,猇亭区云池街道新金岭社区居家养老服务站,猇亭区-云池街办-新金岭社区,2,0,0,1,1,,社区,18995918099,猇亭区民政局,0717-6512557,
325,猇亭区,宜昌市猇亭区虎牙街道鸡山社区居家养老服务中心,猇亭区-虎牙街办-鸡山社区,14,0,0,1,0,,街道（乡镇）,13872588959,猇亭区民政局,0717-6512557,
326,猇亭区,宜昌市猇亭区虎牙街道六泉湖社区居家养老服务站,猇亭区-虎牙街办-六泉湖社区,10,1,1,1,1,,社区,13986768306,猇亭区民政局,0717-6512557,
327,猇亭区,宜昌市猇亭区古老背街道七里新村社区居家养老服务中心,猇亭区-古老背街办-七里新村社区,16,0,1,1,1,,街道（乡镇）,18071311740,猇亭区民政局,0717-6512557,
328,猇亭区,宜昌市猇亭区虎牙街道磨盘溪社区居家养老服务站,猇亭区-虎牙街办-磨盘社区,0,1,0,1,0,,社区,15629346687,猇亭区民政局,0717-6512557,
329,高新区,东锦苑社区居家养老服务中心,高新区-生物产业园-东锦苑社区,14,1,1,1,1,,街道（乡镇）,15871603008,宜昌高新区公共服务局,0717-6331781,
