xh,xxzzsb,szq,szjdsqc,dtmc,kfsj,xxdz,lxdh,jyzy,lon,lat
1,城区线下办事地点,西陵区,云集街道,宜昌市市民之家,周一至周五上午9:00-12:00，下午13:00-17:00,宜昌市西陵区体育场路46号,0717-6599111,乘坐B18、B17、B213公交车到市民之家站下车。,111.317981,30.692599
2,城区线下办事地点,西陵区,宜昌市西陵区政务服务中心,宜昌市西陵区政务服务中心大厅,周一至周五上午9:00-12:00，下午13:00-17:00（法定节假日除外）,宜昌市西陵区东山大道102号,0717-6675567,乘坐B3、B9、B34、B100、B213公交车到BRT绿萝路站下车，步行100米可达。自驾车请导航“西陵区东山大道102号西陵区政务服务中心”。,111.302355023471,30.711161876997
3,城区线下办事地点,西陵区,云集街道,宜昌市西陵区云集街道便民服务中心,"周一至周五上午8:30-12:00,下午14:00-17:30（其中7月1日至8月31日实行夏季作息时间,上午8:30-12:00,下午14:30-18:00），法定节假日除外。",宜昌市西陵区果园二路8号云集街道便民服务中心一楼,0717-6920121,乘坐B9路、B6路公交车到果园二路站，往果园二路方向走500米即到。,111.30109461101,30.7045011327101
4,城区线下办事地点,西陵区,山庄路社区,宜昌市西陵区云集街道山庄路社区便民服务站,"周一至周五上午8:30-12:00,下午14:00-17:30（其中7月1日至8月31日实行夏季作息时间,上午8:30-12:00,下午14:30-18:00），法定节假日除外。",宜昌市西陵区山庄路16号山庄路社区便民服务站1楼,0717-6444880,乘坐公交B9路、B6、B17路到BRT山庄路站，步行215米即到。,111.306224923608,30.7046282848673
5,城区线下办事地点,西陵区,二马路社区,宜昌市西陵区云集街道二马路社区便民服务站,"周一至周五上午8:30-12:00,下午14:00-17:30（其中7月1日至8月31日实行夏季作息时间,上午8:30-12:00,下午14:30-18:00），法定节假日除外。",宜昌市西陵区红星路11号二马路社区便民服务站1楼,0717-6225970,乘坐2路、8路公交车市政府站下车 ，红星路小学路口旁,111.295554042285,30.6973499099201
6,城区线下办事地点,西陵区,果园路社区,宜昌市西陵区云集街道果园路社区便民服务站,"周一至周五上午8:30-12:00,下午14:00-17:30（其中7月1日至8月31日实行夏季作息时间,上午8:30-12:00,下午14:30-18:00），法定节假日除外。",宜昌市西陵区果园二路8号果园路社区便民服务站1楼,0717-6445094,乘坐公交1路、11路到老干部活动中心站下车，往果园二路方向走200米即到。乘坐9路17路6路27路532路果园二路站下车，果园二路方向前行200米,111.303742815653,30.701874603255
7,城区线下办事地点,西陵区,小林园社区,宜昌市西陵区云集街道小林园社区便民服务站,"周一至周五上午8:30-12:00,下午14:00-17:30（其中7月1日至8月31日实行夏季作息时间,上午8:30-12:00,下午14:30-18:00），法定节假日除外。",宜昌市西陵区培元路25号小林园社区便民服务站1楼,0717-6222636,乘坐B3路、7路公交车到夷陵饭店公交车站，往一医院方向走500米即到。乘坐B6路、7路、18路、30路、89路、91路到夷陵饭店公交车站，往一医院方向走500米即到。,111.295681242345,30.6996143405808
8,城区线下办事地点,西陵区,桃花岭社区,宜昌市西陵区云集街道桃花岭社区便民服务站,"周一至周五上午8:30-12:00,下午14:00-17:30（其中7月1日至8月31日实行夏季作息时间,上午8:30-12:00,下午14:30-18:00），法定节假日除外。",宜昌市西陵区桃花岭6号桃花岭社区便民服务站1楼,0717-6222812,乘坐18路、20路公交到隆康电信城站，下车沿上坡路走100米即到。,111.300468312408,30.6984876049732
9,城区线下办事地点,西陵区,夷陵路社区,宜昌市西陵区云集街道夷陵路社区便民服务站,"周一至周五上午8:30-12:00,下午14:00-17:30（其中7月1日至8月31日实行夏季作息时间,上午8:30-12:00,下午14:30-18:00），法定节假日除外。",宜昌市西陵区夷陵大道104号夷陵路社区便民服务站1楼,0717-6231026,乘坐1路、30路公交车到老干部活动中心站点。乘坐1路、11路、25路、30路、103路、512路公交车到老博物馆站点下，步行50米即到。,111.302329421764,30.7006402996572
10,城区线下办事地点,西陵区,体育场路社区,宜昌市西陵区云集街道体育场路社区便民服务站,"周一至周五上午8:30-12:00,下午14:00-17:30（其中7月1日至8月31日实行夏季作息时间,上午8:30-12:00,下午14:30-18:00），法定节假日除外。",宜昌市西陵区胜利三路26号体育场路社区便民服务站1楼,0717-6346770,乘坐公交18路、91路、11路到710站，往新滨江乐园小区方向走500米即到,111.31559478906,30.6939432648319
11,城区线下办事地点,西陵区,白龙井社区,宜昌市西陵区云集街道白龙井社区便民服务站,"周一至周五上午8:30-12:00,下午14:00-17:30（其中7月1日至8月31日实行夏季作息时间,上午8:30-12:00,下午14:30-18:00），法定节假日除外。",宜昌市西陵区白龙井路15号白龙井社区便民服务站1楼,0171-6445287,乘坐B213路、B312路、89路公交车在肿瘤医院站下，往东山中学方向走500米，在军休大院小区内即到。,111.313177628594,30.7094227602391
12,城区线下办事地点,西陵区,赵家湾社区,宜昌市西陵区云集街道赵家湾社区便民服务站,"周一至周五上午8:30-12:00,下午14:00-17:30（其中7月1日至8月31日实行夏季作息时间,上午8:30-12:00,下午14:30-18:00），法定节假日除外。",宜昌市西陵区金家台路18号赵家湾社区便民服务站1楼,0717-6445731,乘坐公交B6、B9路到果园二路站，沿东山大道方向走500米到东山大道127号，沿金家台路8号走500米至金家台路9号，沿金家台路16号走200米即到。11路、18路、89路91路到三峡晚报站下车，从白龙便利商店旁进金家台路前行200米。,111.31018869667,30.7000175525065
13,城区线下办事地点,西陵区,西坝街道,宜昌市西陵区西坝街道便民服务中心,"周一至周五上午8:30-12:00,下午14:00-17:30（其中7月1日至8月31日实行夏季作息时间,上午8:30-12:00,下午14:30-18:00），法定节假日除外。",宜昌市西陵区和平路10号,0717-6278010,乘坐公交8路至二十一中站下车后步行300米即到；乘坐公交22路到西坝转盘站，下车后步行384米即到。自驾车请导航“西陵区西坝和平路10号西坝街道便民服务中心。,111.283485756911,30.7288028263886
14,城区线下办事地点,西陵区,甲街社区,宜昌市西陵区西坝街道甲街社区便民服务站,"周一至周五上午8:30-12:00,下午14:00-17:30（其中7月1日至8月31日实行夏季作息时间,上午8:30-12:00,下午14:30-18:00），法定节假日除外。",宜昌市西陵区和平路24号,0717-6276231,乘坐公交35路、8路到西坝二路站，往西坝二路方向走600米或乘坐公交22路到西坝转盘站，往和平路方向走684米即到。驾车请从三江桥下桥左转往前直行500米即到。,111.281904829044,30.7220999274896
15,城区线下办事地点,西陵区,光明路社区,宜昌市西陵区西坝街道光明路社区便民服务站,"周一至周五上午8:30-12:00,下午14:00-17:30（其中7月1日至8月31日实行夏季作息时间,上午8:30-12:00,下午14:30-18:00），法定节假日除外。",宜昌市西陵区建设路12号,0717-6718925,乘坐8路公交车到国贸超市水岸天成站，往前直行约200米即到。驾车请导航“西陵区建设路12号光明路社区便民服务站”。,111.288403350765,30.7302621328515
16,城区线下办事地点,西陵区,桥北社区,宜昌市西陵区西坝街道桥北社区便民服务站,"周一至周五上午8:30-12:00,下午14:00-17:30（其中7月1日至8月31日实行夏季作息时间,上午8:30-12:00,下午14:30-18:00），法定节假日除外。",宜昌市西陵区西坝二路2-2号,0717-6977100,驾车请从三江桥下桥左转前行800米到十字路口左转上行200米即到达。公交车请坐8路、35路到二十一中站，下车后向西坝二路步行200米到达西坝街道社区便民服务中心乘坐电梯上3楼即可到达桥北社区便民服务站。,111.28758418597,30.7275668530356
17,城区线下办事地点,西陵区,丫口社区,宜昌市西陵区西坝街道丫口社区便民服务站,"周一至周五上午8:30-12:00,下午14:00-17:30（其中7月1日至8月31日实行夏季作息时间,上午8:30-12:00,下午14:30-18:00），法定节假日除外。",宜昌市西陵区西坝路28号,0717-6218520,驾车请从三江桥左转下桥至西坝路右转200米即到。（请导航西坝路28号丫口社区便民服务站）。公交车请坐8路到二十一中站，下车后步行500米即可到达丫口社区、22路公交车请到西坝转盘站，下车后步行50米，即可到达丫口社区便民服务站。,111.286021134383,30.721730570239
18,城区线下办事地点,西陵区,幸福路社区,宜昌市西陵区西坝街道幸福路社区便民服务站,"周一至周五上午8:30-12:00,下午14:00-17:30（其中7月1日至8月31日实行夏季作息时间,上午8:30-12:00,下午14:30-18:00），法定节假日除外。",宜昌市西陵区西坝路15号,0717-6993189,驾车请从三江桥下桥直行至江边右转沿西坝路直行至西坝路15号院外即到。公交乘坐8路车至西坝路15号斜对面江边车站下车，下车后至马路对面左转，步行20米后即到幸福路社区便民服务站。,111.289255034219,30.72709344446
19,城区线下办事地点,西陵区,夜明珠街道,宜昌市西陵区夜明珠街道便民服务中心,"周一至周五上午8:30-12:00,下午14:00-17:30，法定节假日除外。",宜昌市西陵区朝阳路96号,0717-6928509,乘坐公交50路到葛洲坝检察院站下车即到。,111.31818855639,30.7481725176124
20,城区线下办事地点,西陵区,常家湾社区,宜昌市西陵区夜明珠街道常家湾社区便民服务站,"周一至周五上午8:30-12:00,下午14:00-17:30（其中7月1日至8月31日实行夏季作息时间,上午8:30-12:00,下午14:30-18:00），法定节假日除外。",宜昌市西陵区肖家岗路18-1,0717-6300097,乘坐213路常刘路下，乘9路，16路，34路，50路，100路，34路葛洲坝下。驾车请导航“常家湾社区”。,111.302156497953,30.7274714730377
21,城区线下办事地点,西陵区,肖家岗社区,宜昌市西陵区夜明珠街道肖家岗社区便民服务站,"周一至周五上午8:30-12:00,下午14:00-17:30（其中7月1日至8月31日实行夏季作息时间,上午8:30-12:00,下午14:30-18:00），法定节假日除外。",宜昌市西陵区东山大道21-7号,0717-6797172,乘坐公交B34路、B100路到葛洲坝站下，往伍家岗方向走300米即到。,111.300657315887,30.724425782043
22,城区线下办事地点,西陵区,夜明珠社区,宜昌市西陵区夜明珠街道夜明珠社区便民服务站,"周一至周五上午8:30-12:00,下午14:00-17:30（其中7月1日至8月31日实行夏季作息时间,上午8:30-12:00,下午14:30-18:00），法定节假日除外。",宜昌市西陵区夜明珠路57-25,0717-6711300,乘坐公交100路、34路到夜明珠站，往国药葛洲坝中心医院三峡院区方向走100米即到。,111.312634782574,30.7420614090986
23,城区线下办事地点,西陵区,大堰湾社区,宜昌市西陵区夜明珠街道大堰湾社区便民服务站,"周一至周五上午8:30-12:00,下午14:00-17:30（其中7月1日至8月31日实行夏季作息时间,上午8:30-12:00,下午14:30-18:00），法定节假日除外。",宜昌市西陵区列电路2-2号,0717-6713565,乘坐34路、100路、16路公交到望州岗站下，过铁路300米即到。,111.312802496213,30.7351239209019
24,城区线下办事地点,西陵区,镇境山社区,宜昌市西陵区夜明珠街道镇境山社区便民服务站,"周一至周五上午8:30-12:00,下午14:00-17:30（其中7月1日至8月31日实行夏季作息时间,上午8:30-12:00,下午14:30-18:00），法定节假日除外。",宜昌市西陵区鹌鹑包路12号,0717-6798917,乘坐B34路、B100路、B213、B16、B50路公交到望州岗站下，往明珠广场方向走500米即到。,111.308151429604,30.7347709621926
25,城区线下办事地点,西陵区,英雄山社区,宜昌市西陵区夜明珠街道英雄山社区便民服务站,"周一至周五上午8:30-12:00,下午14:00-17:30（其中7月1日至8月31日实行夏季作息时间,上午8:30-12:00,下午14:30-18:00），法定节假日除外。",宜昌市西陵区望洲岗路11号,0717-6978300,乘坐公交100路、34路、16路到镇镜山BRT车站，往望州家园小区方向走800米即到。,111.304476551594,30.7351892614475
26,城区线下办事地点,西陵区,平湖馨苑社区,宜昌市西陵区夜明珠街道平湖馨苑社区便民服务站,"周一至周五上午8:30-12:00,下午14:00-17:30（其中7月1日至8月31日实行夏季作息时间,上午8:30-12:00,下午14:30-18:00），法定节假日除外。",宜昌市西陵区朝阳路105号,0717-6713403,乘坐公交B50路、B232路环1、B612、B222路国药健康专线到平湖馨苑站下车即到。,111.319743523227,30.7475022065265
27,城区线下办事地点,西陵区,上导堤社区,宜昌市西陵区夜明珠街道上导堤社区便民服务站,"周一至周五上午8:30-12:00,下午14:00-17:30（其中7月1日至8月31日实行夏季作息时间,上午8:30-12:00,下午14:30-18:00），法定节假日除外。",宜昌市西陵区上导堤路8号,0717-6713780,乘坐B3路、B212路公交车在通航局站下车后直行左拐300米后即到居委会。,111.299607466238,30.7410384557903
28,城区线下办事地点,西陵区,镇平路社区,宜昌市西陵区夜明珠街道镇平路社区便民服务站,"周一至周五上午8:30-12:00,下午14:00-17:30（其中7月1日至8月31日实行夏季作息时间,上午8:30-12:00,下午14:30-18:00），法定节假日除外。",宜昌市西陵区镇镜山路63号,0717-6718325,乘坐B100、B34、B16路公交车到镇镜山站下车，顺镇镜山路上行500米。,111.301274092451,30.732627055956
29,城区线下办事地点,西陵区,金安岭社区,宜昌市西陵区夜明珠街道金安岭社区便民服务站,"周一至周五上午8:30-12:00,下午14:00-17:30（其中7月1日至8月31日实行夏季作息时间,上午8:30-12:00,下午14:30-18:00），法定节假日除外。",宜昌市西陵区常刘路21-2-102号,0717-6263618,乘坐公交车B213路到常刘路小学站下，常刘路小学右侧前行50米金安小筑对面。,111.30441897021,30.7280837969963
30,城区线下办事地点,西陵区,学院街道,宜昌市西陵区学院街道便民服务中心,"周一至周五上午8:30-12:00,下午14:00-17:30（其中7月1日至8月31日实行夏季作息时间,上午8:30-12:00,下午14:30-18:00），法定节假日除外。",宜昌市西陵区新民街34号,0717-6486669,乘坐2路、7路、11路、B215路、B552-1路公交车到现代城市广场站下车，步行50米至现代城市广场后即到。,111.285555183315,30.7066269889652
31,城区线下办事地点,西陵区,墨池巷社区,宜昌市西陵区学院街道墨池巷社区便民服务站,"周一至周五上午8:30-12:00,下午14:00-17:30（其中7月1日至8月31日实行夏季作息时间,上午8:30-12:00,下午14:30-18:00），法定节假日除外。",宜昌市西陵一路2号美岸长堤5号楼,0717-6323138,乘坐2路、7路、11路、B215路、B552-1路公交车到现代城市广场站下车，步行50米至美岸长堤5号楼即到。,111.284912176231,30.7071254940891
32,城区线下办事地点,西陵区,中书街社区,宜昌市西陵区学院街道中书街社区便民服务站,"周一至周五上午8:30-12:00,下午14:00-17:30（其中7月1日至8月31日实行夏季作息时间,上午8:30-12:00,下午14:30-18:00），法定节假日除外。",宜昌市西陵区献福路9号,0717-6323128,乘坐2路、B6路、T1路公交车到东门站下车，步行100米至献福苑小区门口即到。,111.286290266714,30.7054512766048
33,城区线下办事地点,西陵区,解放路社区,宜昌市西陵区学院街道解放路社区便民服务站,"周一至周五上午8:30-12:00,下午14:00-17:30（其中7月1日至8月31日实行夏季作息时间,上午8:30-12:00,下午14:30-18:00），法定节假日除外。",宜昌市西陵区四新横路15号,0717-6323133,乘坐2路、B6路、T1路、12路、B18路、30路公交车到步行街站下车，或乘坐B34路公交车到四中站下车，步行100米至四新横路（原小龙坎火锅）即到。,111.292460278109,30.7041502601896
34,城区线下办事地点,西陵区,环城东路社区,宜昌市西陵区学院街道环城东路社区便民服务站,"周一至周五上午8:30-12:00,下午14:00-17:30（其中7月1日至8月31日实行夏季作息时间,上午8:30-12:00,下午14:30-18:00），法定节假日除外。",宜昌市西陵区肖家巷21号,0717-6752760,乘坐11路、12路、7路、25路、B6路、B18路、B215路、B552-1路公交车到二医院站下车，步行100米至清真寺旁即到。,111.291355272501,30.707846233817
35,城区线下办事地点,西陵区,东门外正街社区,宜昌市西陵区学院街道东门外正街社区便民服务站,"周一至周五上午8:30-12:00,下午14:00-17:30（其中7月1日至8月31日实行夏季作息时间,上午8:30-12:00,下午14:30-18:00），法定节假日除外。",宜昌市西陵区珍珠路56号,0717-6599989,乘坐7路、25路、B6路、B16路、B18路、B34路公交车到电脑城站下车，步行100米至星苑小区旁即到。,111.290972774015,30.7137649429936
36,城区线下办事地点,西陵区,气象台社区,宜昌市西陵区学院街道气象台社区便民服务站,"周一至周五上午8:30-12:00,下午14:00-17:30（其中7月1日至8月31日实行夏季作息时间,上午8:30-12:00,下午14:30-18:00），法定节假日除外。",宜昌市西陵区气象台3号,0717-6323125,乘坐7路、25路、B6路、B16路、B18路、B34路公交车到电脑城站下车，步行300米至金丹花园小区旁即到。,111.310087996623,30.7036308578159
37,城区线下办事地点,西陵区,翁家堰社区,宜昌市西陵区学院街道翁家堰社区便民服务站,"周一至周五上午8:30-12:00,下午14:00-17:30（其中7月1日至8月31日实行夏季作息时间,上午8:30-12:00,下午14:30-18:00），法定节假日除外。",宜昌市西陵区石板溪6号,0717-6323136,乘坐B1路、B22路、11路、B18路、7路、B215路公交车到香格里拉花园站下车，步行200米至石板溪小区即到，或乘坐8路公交车到CBD商务中心站下车，步行400米至石板溪小区即到即到。,111.354889726305,30.7014109261698
38,城区线下办事地点,西陵区,四方堰社区,宜昌市西陵区学院街道四方堰社区便民服务站,"周一至周五上午8:30-12:00,下午14:00-17:30（其中7月1日至8月31日实行夏季作息时间,上午8:30-12:00,下午14:30-18:00），法定节假日除外。",宜昌市西陵区方堰路31号,0717-6323132,乘坐B6路、25路、11路公交车到四方堰站下车，步行200米至四方堰小区旁即到。,111.28944278007,30.7143901619278
39,城区线下办事地点,西陵区,环城北路社区,宜昌市西陵区学院街道环城北路社区便民服务站,"周一至周五上午8:30-12:00,下午14:00-17:30（其中7月1日至8月31日实行夏季作息时间,上午8:30-12:00,下午14:30-18:00），法定节假日除外。",宜昌市西陵区育才路21号,0717-6756508,乘坐B6路、25路、T1路公交车到北门站下车，步行100米至原西陵区政务服务中心即到。,111.288055976024,30.7117313813677
40,城区线下办事地点,西陵区,尚书巷社区,宜昌市西陵区学院街道尚书巷社区便民服务站,"周一至周五上午8:30-12:00,下午14:00-17:30（其中7月1日至8月31日实行夏季作息时间,上午8:30-12:00,下午14:30-18:00），法定节假日除外。",宜昌市西陵区环城北路40号,0717-6736950,乘坐B6路、25路、T1路公交车到人社服务大楼站下车过街即到。,111.288411255853,30.7097015023068
41,城区线下办事地点,西陵区,葛洲坝街道,宜昌市西陵区葛洲坝街道便民服务中心,"周一至周五上午8:30-12:00,下午14:00-17:30（其中7月1日至8月31日实行夏季作息时间,上午8:30-12:00,下午14:30-18:00），法定节假日除外。",宜昌市西陵区樵湖二路74号,0717-6792006,乘坐公交B1路、B34、B16、B35路公交车到樵湖路站即到。,111.293902956758,30.723982393227
42,城区线下办事地点,西陵区,锦绣社区,宜昌市西陵区葛洲坝街道锦绣社区便民服务站,"周一至周五上午8:30-12:00,下午14:00-17:30（其中7月1日至8月31日实行夏季作息时间,上午8:30-12:00,下午14:30-18:00），法定节假日除外。",宜昌市西陵区樵湖二路21号,0717-6722122,乘坐B16路、B35、B1、B34路公交至樵湖路站下车，往团结路方向步行200米至锦绣社区。,111.295753825431,30.7228363869665
43,城区线下办事地点,西陵区,清波路社区,宜昌市西陵区葛洲坝街道清波路社区便民服务站,"周一至周五上午8:30-12:00,下午14:00-17:30（其中7月1日至8月31日实行夏季作息时间,上午8:30-12:00,下午14:30-18:00），法定节假日除外。",宜昌市西陵区清波路4号,0717-6713319,乘坐公交2路、B212路、B34路到石子岭路站，往机关小区方向走200米即到。,111.297953416302,30.733295609106
44,城区线下办事地点,西陵区,东方社区,宜昌市西陵区葛洲坝街道东方社区便民服务站,"周一至周五上午8:30-12:00,下午14:00-17:30（其中7月1日至8月31日实行夏季作息时间,上午8:30-12:00,下午14:30-18:00），法定节假日除外。",宜昌市西陵区东湖一路56号,0717-6712669,乘坐公交8路到三江桥头站，往益丰大药房后东方花苑门岗方向走50米即到。,111.295391179496,30.7189987258006
45,城区线下办事地点,西陵区,东湖社区,宜昌市西陵区葛洲坝街道东湖社区便民服务站,"周一至周五上午8:30-12:00,下午14:00-17:30（其中7月1日至8月31日实行夏季作息时间,上午8:30-12:00,下午14:30-18:00），法定节假日除外。",宜昌市西陵区团结路15-1号,0717-6718740,乘坐B16路、B35、B1、B34路公交至樵湖路站下车，往团结路方向步行200米至东湖社区。,111.296117639162,30.7229420939307
46,城区线下办事地点,西陵区,长樵溪社区,宜昌市西陵区葛洲坝街道长樵溪社区便民服务站,"周一至周五上午8:30-12:00,下午14:00-17:30（其中7月1日至8月31日实行夏季作息时间,上午8:30-12:00,下午14:30-18:00），法定节假日除外。",宜昌市西陵区夷陵大道2-1-102号,0717-6722224,乘坐1路公交到东湖三路终点站，往西步街走100米,111.298055463808,30.7269313208851
47,城区线下办事地点,西陵区,石子岭社区,宜昌市西陵区葛洲坝街道石子岭社区便民服务站,"周一至周五上午8:30-12:00,下午14:00-17:30（其中7月1日至8月31日实行夏季作息时间,上午8:30-12:00,下午14:30-18:00），法定节假日除外。",宜昌市西陵区樵湖一路28号,0717-6724693,乘坐公交2路、搭乘石子岭路方向到葛洲坝法院公交站下车，往西南方向走200米即到葛洲坝电力大院生活小区西北门，进小区即到。,111.294431968873,30.7275337145118
48,城区线下办事地点,西陵区,西峡社区,宜昌市西陵区葛洲坝街道西峡社区便民服务站,"周一至周五上午8:30-12:00,下午14:00-17:30（其中7月1日至8月31日实行夏季作息时间,上午8:30-12:00,下午14:30-18:00），法定节假日除外。",宜昌市西陵区东山大道48号,0717-6713544,乘坐市内乘坐9路，21路，100路公交在二十二中站下车，往团结路方向走即可。,111.300153366496,30.7213882984283
49,城区线下办事地点,西陵区,西陵街道,宜昌市西陵区西陵街道便民服务中心,"周一至周五上午8:30-12:00,下午14:00-17:30，法定节假日除外。",宜昌市西陵区绿萝路39号,0717-6455313,乘坐7路公交在绿萝路站下车，向绿萝横路方向步行274米即到。,111.306482467797,30.7129740021889
50,城区线下办事地点,西陵区,船柴社区,宜昌市西陵区西陵街道船柴社区便民服务站,"周一至周五上午8:30-12:00,下午14:00-17:30（其中7月1日至8月31日实行夏季作息时间,上午8:30-12:00,下午14:30-18:00），法定节假日除外。",宜昌市西陵区西陵二路83号船柴四合院小区内,0717-6834533,乘坐公交21路，7路，89路，211路到市二中站下车，过马路到四合院内即到。,111.30982667955,30.7183887496309
51,城区线下办事地点,西陵区,香锦社区,宜昌市西陵区西陵街道香锦社区便民服务站,"周一至周五上午8:30-12:00,下午14:00-17:30（其中7月1日至8月31日实行夏季作息时间,上午8:30-12:00,下午14:30-18:00），法定节假日除外。",宜昌市西陵区绿萝路4号（宜昌市卫生计生监督局院内）,0717-6216011,乘坐公交9路、100路到绿萝路BRT车站下车，往绿萝路方向上行200米绿萝路加油站正对面斜坡再上行50米即到。,111.304388248162,30.706534693041
52,城区线下办事地点,西陵区,石板溪社区,宜昌市西陵区西陵街道石板溪社区便民服务站,"周一至周五上午8:30-12:00,下午14:00-17:30（其中7月1日至8月31日实行夏季作息时间,上午8:30-12:00,下午14:30-18:00），法定节假日除外。",宜昌市西陵区西陵二路31号,0717-6855486,乘坐公交22路，215路，312路到香格里拉花园站，往小区出口方向走60米即到。,111.294110914483,30.7147418506303
53,城区线下办事地点,西陵区,樵湖岭社区,宜昌市西陵区西陵街道樵湖岭社区便民服务站,"周一至周五上午8:30-12:00,下午14:00-17:30（其中7月1日至8月31日实行夏季作息时间,上午8:30-12:00,下午14:30-18:00），法定节假日除外。",宜昌市西陵区西陵街道青龙巷5号(西陵区政府背后),0717-6733410,乘坐公交18路、22路、100路到樵湖岭站，往至喜桥方向走10米，从薇薇超市旁巷子往下走150米即到,111.292442761151,30.7165410235078
54,城区线下办事地点,西陵区,土街头社区,宜昌市西陵区西陵街道土街头社区便民服务站,"周一至周五上午8:30-12:00,下午14:00-17:30（其中7月1日至8月31日实行夏季作息时间,上午8:30-12:00,下午14:30-18:00），法定节假日除外。",宜昌市西陵区西陵街道北门外正街61-1号,0717-6755130,乘坐2路公交车到西陵二路路口，过香山汇腾苑，到和谐小区内即到。,111.288791598406,30.7181321533249
55,城区线下办事地点,西陵区,绿萝路社区,宜昌市西陵区西陵街道绿萝路社区便民服务站,"周一至周五上午8:30-12:00,下午14:00-17:30（其中7月1日至8月31日实行夏季作息时间,上午8:30-12:00,下午14:30-18:00），法定节假日除外。",宜昌市西陵区西陵街道绿萝路35号,0717-6444768,乘坐公交7路车到绿萝路站下车，绿萝路建行正对面院内。,111.308272072034,30.7116721567971
56,城区线下办事地点,西陵区,大学路社区,宜昌市西陵区西陵街道大学路社区便民服务站,"周一至周五上午8:30-12:00,下午14:00-17:30（其中7月1日至8月31日实行夏季作息时间,上午8:30-12:00,下午14:30-18:00），法定节假日除外。",宜昌市西陵区云林路32-1号,0717-6392037,乘坐公交17路、23路、89路、613路到三峡大学接待中心站，往三峡大学接待中心方向走200米即到。,111.317363013626,30.7337364713655
57,城区线下办事地点,西陵区,刘家大堰社区,宜昌市西陵区西陵街道刘家大堰社区便民服务站,"周一至周五上午8:30-12:00,下午14:00-17:30（其中7月1日至8月31日实行夏季作息时间,上午8:30-12:00,下午14:30-18:00），法定节假日除外。",宜昌市西陵区刘家大堰26号,0717-6834163,乘坐公交B9路、B21路、B34路、B100路、B3路到刘家大堰站，往长江医院方向路口往里走100米即到。,111.303137088248,30.7169220433016
58,城区线下办事地点,西陵区,营盘路社区,宜昌市西陵区西陵街道营盘路社区便民服务站,"周一至周五上午8:30-12:00,下午14:00-17:30（其中7月1日至8月31日实行夏季作息时间,上午8:30-12:00,下午14:30-18:00），法定节假日除外。",宜昌市西陵区常刘路24号,0717-6217978,"乘坐公交7路、21路到西陵二路体育场路口站，往827方向走500米即到。
地铁:无",111.304788802589,30.7164679861319
59,城区线下办事地点,西陵区,铁路坝社区,宜昌市西陵区西陵街道铁路坝社区便民服务站,"周一至周五上午8:30-12:00,下午14:00-17:30（其中7月1日至8月31日实行夏季作息时间,上午8:30-12:00,下午14:30-18:00），法定节假日除外。",宜昌市西陵区东山大道98,0717-6854886,乘坐9路公交车到绿萝路站下车，从都市家园左侧进来，步行20米即到。,111.302316665825,30.7112546341759
60,城区线下办事地点,西陵区,土城路社区,宜昌市西陵区西陵街道土城路社区便民服务站,"周一至周五上午8:30-12:00,下午14:00-17:30（其中7月1日至8月31日实行夏季作息时间,上午8:30-12:00,下午14:30-18:00），法定节假日除外。",宜昌市西陵区土城路11号,0717-6061316,市内可乘坐7路公交车西陵二路二中站下车沿土城路往三峡电院方向步行1500米即到。,111.315418002536,30.7159925044633
61,城区线下办事地点,西陵区,常刘路社区,宜昌市西陵区西陵街道常刘路社区便民服务站,"周一至周五上午8:30-12:00,下午14:00-17:30（其中7月1日至8月31日实行夏季作息时间,上午8:30-12:00,下午14:30-18:00），法定节假日除外。",宜昌市西陵区华祥北路3号,0717-6490786,乘坐公交B213路、华翔北路到时光里站，往天玺方向走300米即到。,111.292559720529,30.7167493465984
62,城区线下办事地点,西陵区,窑湾街道,宜昌市西陵区窑湾街道便民服务中心,"周一至周五上午8:30-12:00,下午14:00-17:30（其中7月1日至8月31日实行夏季作息时间,上午8:30-12:00,下午14:30-18:00），法定节假日除外。",宜昌市西陵区黄河路8号,0717-6835846,乘坐公交B16路、B232路到窑湾街道办事处站，前行30米即到。,111.315275531282,30.7365224471322
63,城区线下办事地点,西陵区,石板社区,宜昌市西陵区窑湾街道石板社区便民服务站,"周一至周五上午8:30-12:00,下午14:00-17:30（其中7月1日至8月31日实行夏季作息时间,上午8:30-12:00,下午14:30-18:00），法定节假日除外。",宜昌市西陵区朝阳路58号,0717-6074808,乘坐公交12路、68路、在石板村站下车后前行300米即到。,111.352349857306,30.7379831099202
64,城区线下办事地点,西陵区,茶庵社区,宜昌市西陵区窑湾街道茶庵社区便民服务站,"周一至周五上午8:30-12:00,下午14:00-17:30（其中7月1日至8月31日实行夏季作息时间,上午8:30-12:00,下午14:30-18:00），法定节假日除外。",宜昌市西陵区张家岗9号茶庵小区15号楼,0717-6469508,乘坐公交7路到茶庵村便民服务站下车，步行500米即可。,111.32228563799,30.7207945587031
65,城区线下办事地点,西陵区,沙河社区,宜昌市西陵区窑湾街道沙河社区便民服务站,"周一至周五上午8:30-12:00,下午14:00-17:30（其中7月1日至8月31日实行夏季作息时间,上午8:30-12:00,下午14:30-18:00），法定节假日除外。",宜昌市西陵区沙河村4组1号,0717-6791600,乘坐公交50路、B612路、B232路环1到沙河村委会站，前行200米即到。,111.327284438661,30.7501380328048
66,城区线下办事地点,西陵区,东山社区,宜昌市西陵区窑湾街道东山社区便民服务站,"周一至周五上午8:30-12:00,下午14:00-17:30（其中7月1日至8月31日实行夏季作息时间,上午8:30-12:00,下午14:30-18:00），法定节假日除外。",宜昌市西陵区白龙井路26号,0717-6445057,乘坐公交B213、B312、89路在肿瘤医院下车步行500米即到。,111.312568038475,30.7065860030654
67,城区线下办事地点,西陵区,大树湾社区,宜昌市西陵区窑湾街道大树湾社区便民服务站,"周一至周五上午8:30-12:00,下午14:00-17:30（其中7月1日至8月31日实行夏季作息时间,上午8:30-12:00,下午14:30-18:00），法定节假日除外。",宜昌市西陵区朝阳路9号,0717-6349985,驾车请往双汇沿线（大树湾村1号大树湾村村民委员会），公交请乘坐6路BRT公交公司、18路、25路、68禄到金东山商业城下车，步行2千米即可到达大树湾村村民委员会。,111.352331621704,30.7085302523174
68,城区线下办事地点,西陵区,黑虎山社区,宜昌市西陵区窑湾街道黑虎山社区便民服务站,"周一至周五上午8:30-12:00,下午14:00-17:30（其中7月1日至8月31日实行夏季作息时间,上午8:30-12:00,下午14:30-18:00），法定节假日除外。",宜昌市西陵区窑湾街道黑虎山村二组1号,0717-6349618,驾车黑虎山村村民委员会或乘坐B353夷陵中学专线在黑虎山村站下车，下车后往峡州大道方向前行1500米即到黑虎山村村民委员会,111.367550983146,30.7135100418835
69,城区线下办事地点,西陵区,唐家湾社区,宜昌市西陵区窑湾街道唐家湾社区便民服务站,"周一至周五上午8:30-12:00,下午14:00-17:30（其中7月1日至8月31日实行夏季作息时间,上午8:30-12:00,下午14:30-18:00），法定节假日除外。",宜昌市西陵区唐家湾路48号,0717-6065251,乘坐7路到西陵二路峡州大道路口站下车，往唐家大院A区方向步行900米即到。,111.335772796917,30.7404234990602
70,城区线下办事地点,西陵区,峡州社区,宜昌市西陵区窑湾街道峡州社区便民服务站,"周一至周五上午8:30-12:00,下午14:00-17:30（其中7月1日至8月31日实行夏季作息时间,上午8:30-12:00,下午14:30-18:00），法定节假日除外。",宜昌市西陵区唐家湾路38号,0717-6361116,乘16路、613路公交到唐家大院B区站下车，往窑湾派出所方向前行200米。,111.335753842671,30.7412284901975
71,城区线下办事地点,西陵区,望洲社区,宜昌市西陵区窑湾街道望洲社区便民服务站,"周一至周五上午8:30-12:00,下午14:00-17:30（其中7月1日至8月31日实行夏季作息时间,上午8:30-12:00,下午14:30-18:00），法定节假日除外。",宜昌市西陵区黄河路15号,0717-6312042,乘坐公交B16路、B232路到窑湾街道办事处站，前行100米即到。,111.317409995004,30.7371138386119
72,城区线下办事地点,西陵区,黄河路社区,宜昌市西陵区窑湾街道黄河路社区便民服务站,"周一至周五上午8:30-12:00,下午14:00-17:30（其中7月1日至8月31日实行夏季作息时间,上午8:30-12:00,下午14:30-18:00），法定节假日除外。",宜昌市西陵区渭河一路10号,0717-6936608,乘坐公交B16路，到渭河一路路口站下车，往晚霞老年公寓方向前行200米即到。,111.321730754677,30.7382757364281
73,城区线下办事地点,西陵区,金斗山社区,宜昌市西陵区窑湾街道金斗山社区便民服务站,"周一至周五上午8:30-12:00,下午14:00-17:30（其中7月1日至8月31日实行夏季作息时间,上午8:30-12:00,下午14:30-18:00），法定节假日除外。",宜昌市西陵区唐家湾路36号,0717-6216716,乘坐公交16路、613路到唐家大院B区站，往窑湾派出所方向走500米即到。,111.334807657477,30.7437677294668
74,城区线下办事地点,西陵区,朝阳路社区,宜昌市西陵区窑湾街道朝阳路社区便民服务站,"周一至周五上午8:30-12:00,下午14:00-17:30（其中7月1日至8月31日实行夏季作息时间,上午8:30-12:00,下午14:30-18:00），法定节假日除外。",宜昌市西陵区朝阳路58号,0717-6977528,乘坐公交12路、68路、在石板村站下车后前行300米即到。,111.352349857306,30.7379831099202
75,城区线下办事地点,西陵区,茶庵社区,宜昌市西陵区窑湾街道茶庵社区便民服务站,"周一至周五上午8:30-12:00,下午14:00-17:30（其中7月1日至8月31日实行夏季作息时间,上午8:30-12:00,下午14:30-18:00），法定节假日除外。",宜昌市西陵区张家岗9号茶庵小区15号楼,0717-6469508,乘坐公交7路到茶庵村便民服务站下车，步行500米到茶庵小区15号楼即可。,111.32228563799,30.7207945587031
76,城区线下办事地点,西陵区,后坪社区,宜昌市西陵区窑湾街道后坪社区便民服务站,"周一至周五上午8:30-12:00,下午14:00-17:30（其中7月1日至8月31日实行夏季作息时间,上午8:30-12:00,下午14:30-18:00），法定节假日除外。",宜昌市西陵区马兰路2号,0717-6336526,乘坐公交100路、34路到水文站即到。,111.317594776447,30.7513135051212
77,城区线下办事地点,西陵区,东苑街办,东苑街道办事处便民服务中心,周一至周五上午08:30-12:00，下午14:00-17:30（法定节假日除外）。,宜昌西陵区北海路5号综合窗口1号,0717-6218505,乘坐公交到宜昌高新区，右转出隧道前行200米。,111.337171,30.716771
78,城区线下办事地点,西陵区,珠海路社区,珠海路社区便民服务站,周一至周五上午08：30-12：00，下午14：00-17：30（法定节假日除外）,宜昌市珠海路6号,0717-6522126,市内乘坐21路、38路、20路公交车在移动通讯大楼下，经半岛路500米即到。,111.326739,30.710419
79,城区线下办事地点,西陵区,青岛路社区,青岛路社区便民服务站,周一至周五上午08:30-12:00，下午14:00-17:30（法定节假日除外）,宜昌发展大道28号青岛路社区便民服务厅,0717-6212450,市内乘坐31路公交车在珠海路发展大道口站台,111.338356,30.714749
80,城区线下办事地点,西陵区,深圳路社区,深圳路社区便民服务站,周一至周五上午08:30-12:00，下午14:00-17:30（法定节假日除外）。,宜昌深圳路16号,0717-6334469,市内乘坐11路、12路、17路、23路、31路到深圳横路站下车，过马路20米即到。,111.321221,30.706899
81,城区线下办事地点,西陵区,汕头路社区,汕头路社区便民服务站,周一至周五上午08:30-12:00，下午14:00-17:30（法定节假日除外）。,宜昌市汕头路19号,0717-6300877,市内乘坐31路公交车在东苑小区站下车，步行200米即到。,111.337053,30.716898
82,城区线下办事地点,西陵区,南苑街办,南苑街道办事处便民服务中心,周一至周五上午08:30-12:00，下午14:00-17:30（法定节假日除外）,宜昌市珠海路8号,0717-6858618,可搭乘城际公交31路、B68路至珠海路发展大道口站点下车，沿珠海路步行，步行500m左右至南苑科技创业园一楼南苑街道办事处便民服务中心。地铁：无,111.329829,30.710952
83,城区线下办事地点,西陵区,学堂湾社区,学堂湾社区便民服务站,周一至周五上午08:30-12:00，下午14:00-17:30（法定节假日除外）,宜昌市港窑路39-6号,0717-6341171,可搭乘城际公交25路、B68路、109路、119路、B18路至港窑路青岛路口站点下车，或搭乘城际公交18路、25路、B68路、B6路、119路至金东山大市场站点下车，见社区标牌，上坡步行300m左右至学堂湾社区便民服务站地铁：无,111.327794,30.702426
84,城区线下办事地点,西陵区,长江社区,长江社区便民服务站,周一至周五上午08:30-12:00，下午14:00-17:30（法定节假日除外）,宜昌市港窑路54号（杜家坝小区内）,0717-6346996,可搭乘城际公交18路、25路、B68路、B6路、119路至金东山大市场站点下车，沿长机路步行，进入杜家坝小区，步行200m左右至长江社区便民服务站。地铁：公交：可搭乘城际公交18路、25路、B68路、B6路、119路至金东山大市场站点下车，沿长机路步行，进入杜家坝小区，步行200m左右至长江社区便民服务站。,111.330487,30.700511
85,城区线下办事地点,西陵区,王家坝社区,王家坝社区便民服务站,周一至周五上午08:30-12:00，下午14:00-17:30（法定节假日除外）,宜昌市港城路9号(长江幼儿园旁）,0717-6346572,可搭乘城际公交B68路、B6路、B613路至碧水林茵站点下车，沿港城路步行400m左右至王家坝社区便民服务站地铁：无,111.328679,30.693556
86,城区线下办事地点,西陵区,南苑社区,南苑社区便民服务站,周一至周五上午08:30-12:00，下午14:00-17:30（法定节假日除外）,宜昌市城东大道55号(爱心幼儿园对面）,0717-6331151,可搭乘城际公交B38路、B613路、B21路、107路、91路、B20路至南苑东区站点下车，先沿南苑路后沿运河路，步行600m左右至南苑社区便民服务站地铁：无,111.323286,30.699211
87,城区线下办事地点,西陵区,苏家榜社区,苏家榜社区便民服务站,周一至周五上午08:30-12:00，下午14:00-17:30（法定节假日除外）,宜昌市港窑路22-4号,0717-6487131,可搭乘城际公交6、18、20、21、68、107路至三医院站点下车，往运河公园方向步行300m左右至苏家榜社区便民服务站地铁：无,111.324831,30.69065
88,城区线下办事地点,西陵区,山河园路社区,山河园路社区便民服务站,周一至周五上午08:30-12:00，下午14:00-17:30（法定节假日除外）,宜昌市城东大道与东运路交汇早安香菜市场二楼,0717-6218228,可搭乘城际公交91路、B6路、B613路、B68路至城东公园（金东方学校）站点下车，沿山河园路前行500m左右至山河园路社区便民服务站地铁：无,111.32429,30.68749
89,城区线下办事地点,西陵区,北苑街办,北苑街道办事处便民服务中心,周一至周五上午08:30-12:00，下午14:00-17:30（法定节假日除外）,湖北省宜昌市汕头路5号东山大厦一楼便民服务中心,0717-6974457,可乘12、38、68、106、107路，在鑫昌大市场上/下车后往东山大厦前行300米。地铁：无,111.331722,30.722207
90,城区线下办事地点,西陵区,城东社区,城东社区便民服务站,周一至周五上午08:30-12:00，下午14:00-17:30（法定节假日除外）,湖北省宜昌市城东大道8号城东社区居委会,0717-6971070,可乘17路、21路、21-1路、613路到宜昌市行政服务中心公汽站下车往交警大队院内步行50米即可地铁：无,111.317458,30.7161
91,城区线下办事地点,西陵区,叶家坝社区,叶家坝社区便民服务站,周一至周五上午08:30-12:00，下午14:00-17:30（法定节假日除外）,湖北省宜昌市西陵二路116号恒大林溪郡靠运河边商铺处,0717-6252898,乘坐12、B38、B68在宜昌高新区站下车，后步行500米至恒大林溪郡靠运河边地铁：无地铁,111.330915,30.724513
92,城区线下办事地点,西陵区,廖家湾社区,廖家湾社区便民服务站,周一至周五上午08:30-12:00，下午14:00-17:30（法定节假日除外）,湖北省宜昌市汕头路6号廖家湾社区便民服务站,0717-6332166,乘坐12、38、68、107、108到鑫昌市场站点下/上车，往北苑路方向上行200米地铁：无,111.331041,30.721763
93,城区线下办事地点,西陵区,东山花园社区,东山花园社区便民服务站,周一至周五上午08:30-12:00，下午14:00-17:30（法定节假日除外）,湖北省宜昌市西陵区城东大道11号东山花园小区4号楼,07176340779,乘坐12、23、17路公交至东山花园站下后，往东山花园小区大门直行200米即到。地铁：无,111.320696,30.714826
94,城区线下办事地点,伍家岗区,伍家岗区,伍家岗区政务服务中心,周一至周五上午09:00-12:00，下午13:00-17:00（法定节假日除外）,湖北省宜昌市伍家岗区夷陵大道336号,0717-6355358,乘坐2路、103路、106路、107路、109路公交到伍家岗区政务服务中心站下车，往政务服务中心方向步行约100米即到。,111.336631127832,30.6692143742265
95,城区线下办事地点,伍家岗区,大公桥街道,大公桥街道便民服务中心,周一至周五上午08:30-12:00，下午14:00-17:30（法定节假日除外）,湖北省宜昌市伍家岗区日新里1号,0717-6222373,乘坐18路、30路到隆康电信城站下车，下车后步行约100米即到。,111.367422255967,30.6507373352604
96,城区线下办事地点,伍家岗区,万寿桥街道,万寿桥街道便民服务中心,周一至周五上午08:30-12:00，下午14:00-17:30（法定节假日除外）,湖北省宜昌市伍家岗区江海路11号,0717-6582060,乘坐1路、2路30路公交至中心医院站下车，往江海路步行约200米即到。,111.315198187177,30.6901138368152
97,城区线下办事地点,伍家岗区,宝塔河街道,宝塔河街道便民服务中心,周一至周五上午08:30-12:00，下午14：00-17:30冬季上午8:30-12:00，下午14：30-18:00夏季（法定节假日除外）,湖北省宜昌市伍家岗区中南路36号,0717-6596528,乘坐b353路专线、b353路、30路中南铁路桥站往城东大道步行202米； b1路、b21路、b9路、b211路沿中南路往城东大道步行1.1公里； b2路、b103路江晖景苑站沿中南路往城东大道步行1.1公里； b68路、b613路、807路上上城站沿城东大道转中南路步行700米即到。,111.337674689343,30.679221118745
98,城区线下办事地点,伍家岗区,伍家岗街道,伍家岗街道便民服务中心,周一至周五上午08:30-12:00，下午14:00-17:30（法定节假日除外）,湖北省宜昌市伍家岗区桔城路9号,0717-6561477,乘坐B1、B9至桔城路站下车，往加气站方向行走150米即到。,111.369097865234,30.6565992347759
99,城区线下办事地点,伍家岗区,伍家乡,伍家乡便民服务中心,周一至周五上午08:30-12:00，下午14：00-17:30（法定节假日除外）,湖北省宜昌市伍家岗区东山大道441号,0717-6579911,乘坐B1路、B5路、B9路、21路、B211路、313路、333路、413路公交到十五中站下车，下车后正对面步行约100米即到。,111.359880172735,30.6529675307706
100,城区线下办事地点,伍家岗区,隆康路社区,隆康路社区便民服务站,周一至周五上午08:30-12:00，下午14:00-17:30（法定节假日除外）,湖北省宜昌市伍家岗区一马路18号,0717-6222927,乘坐20路、28路、22路到青少年宫站下车，下车后即到（原市疾控中心接种门诊）。,111.298368343617,30.6965700899624
101,城区线下办事地点,伍家岗区,北山坡社区,北山坡社区便民服务站,周一至周五上午08:30-12:00，下午14:00-17:30（法定节假日除外）,湖北省宜昌市伍家岗区夷陵大道148号,0717-6491150,乘坐30路、103路、1路到胜利四路站下车，下车后步行约100米即到（原妇幼背后）。,111.306311340598,30.6947967036725
102,城区线下办事地点,伍家岗区,金家台社区,金家台社区便民服务站,周一至周五上午08:30-12:00，下午14:00-17:30（法定节假日除外）,湖北省宜昌市伍家岗区东山大道149号,0717-6447855,乘坐9路、6路、17路、27路、20路到北山坡站下车，下车后步行约300米即到（北山花园小区旁）。,111.309869798214,30.6965227338416
103,城区线下办事地点,伍家岗区,胜利二路社区,胜利二路社区便民服务站,周一至周五上午08:30-12:00，下午14:00-17:30（法定节假日除外）,湖北省宜昌市伍家岗区沿江大道130号御江一品8号商铺,0717-6973212,乘坐B3路、2路、通勤1号线、8路到大公桥站下车，或乘坐B1路、B1K路、312路、32路、30路、25路、103路下车后向胜利三路步行约500米即到。,111.304398668506,30.6915229599495
104,城区线下办事地点,伍家岗区,胜利四路社区,胜利四路社区便民服务站,周一至周五上午08:30-12:00，下午14:00-17:30（法定节假日除外）,湖北省宜昌市伍家岗区沿江大道125-8号,0717-6236067,乘坐2路、8路到大公桥站下车，步行200米即到。,111.302888167791,30.6935006661034
105,城区线下办事地点,伍家岗区,建设社区,建设社区便民服务站,周一至周五上午08：30-12:00，下午14：00-17:30（法定节假日除外）,湖北省宜昌市伍家岗区体育场路50-1号,0717-6485741,乘坐6路、港务新村站下车，往温馨岛向步行约100米即到。,111.318450412446,30.6903410059494
106,城区线下办事地点,伍家岗区,港务社区,港务社区便民服务站,周一至周五上午08：30-12:00，下午14：00-17:30（法定节假日除外）,湖北省宜昌市伍家岗区港务新村379号,0717-6492578；0717-6366320,乘坐1路、2路、25路、30路公交到市十中站下车，往港前路上行150米即到。,111.317068010096,30.6864549884748
107,城区线下办事地点,伍家岗区,万达社区,万达社区便民服务站,周一至周五上午08：30-12:00，下午14：00-17:30（法定节假日除外）,湖北省宜昌市伍家岗区沿江大道158号国际广场裙楼2楼,0717-6210350,乘坐1路，103路，30路公交至十中下车，往沿江方向行至港沙路路口扶手电梯上二楼即到。,111.317293933932,30.6836090085658
108,城区线下办事地点,伍家岗区,张家店社区,张家店社区便民服务站,周一至周五上午08：30-12:00，下午14：00-17:30（法定节假日除外）,湖北省宜昌市伍家岗区胜利三路18-28号,0717-6482225,乘坐BRT6路、9路、20路、82路公交到石码坡下车，往北山坡方向步行约300米即到。,111.309957293171,30.6939383738205
109,城区线下办事地点,伍家岗区,杨岔路社区,杨岔路社区便民服务站,周一至周五上午08：30-12:00，下午14：00-17:30（法定节假日除外）,湖北省宜昌市伍家岗区沿江大道169号,0717-6358616,乘坐2路、30路，万寿桥站下车，往廊桥水岸步行300米即到。,111.322555219474,30.6806258989878
110,城区线下办事地点,伍家岗区,魏家湾社区,魏家湾社区便民服务站,周一至周五上午08:30-12:00，下午14：00-17:30冬季上午8:30-12:00，下午14：30-18:00夏季（法定节假日除外）,湖北省宜昌市伍家岗区城东大道112号7-104号,0717-6218138,乘坐30路、b353路专线、b353路在长江文化广场站下车，步行200米到文化广场7号楼1楼即到。,111.338229662487,30.6814346554347
111,城区线下办事地点,伍家岗区,白家冲社区,白家冲社区便民服务站,周一至周五上午08:30-12:00，下午14：00-17:30冬季上午8:30-12:00，下午14：30-18:00夏季（法定节假日除外）,湖北省宜昌市伍家岗区宝塔河街道城东大道103号,0717-6212126,乘坐BRT30路公交到依山郡下车，往依山郡方向步行约300米即到。,111.346499552842,30.682125928684
112,城区线下办事地点,伍家岗区,徐家坝社区,徐家坝社区便民服务站,周一至周五上午08:30-12:00，下午14：00-17:30冬季上午8:30-12:00，下午14：30-18:00夏季（法定节假日除外）,湖北省宜昌市伍家岗区合益路88号,0717-6333118,乘坐90路、363路到合益路社区站下车，向右步行50米即到。,111.34471237403,30.6710814195497
113,城区线下办事地点,伍家岗区,岳家冲社区,岳家冲社区便民服务站,周一至周五上午08:30-12:00，下午14：00-17:30冬季上午8:30-12:00，下午14：30-18:00夏季（法定节假日除外）,湖北省宜昌市伍家岗区中南路45号民安家园4号楼,0717-6693280,乘坐B353路专线、B353、B6路在民安家园站下车，步行500米至民安家园4号楼1楼即到。,111.341214013052,30.6967898686354
114,城区线下办事地点,伍家岗区,艾家嘴社区,艾家嘴社区便民服务站,周一至周五上午08:30-12:00，下午14：00-17:30冬季上午8:30-12:00，下午14：30-18:00夏季（法定节假日除外）,湖北省宜昌市伍家岗区民惠路1号,0717-6354942,乘坐1路、2路、9路、21路在东山大道王家河公交站下车即到。,111.349565289886,30.6645006661949
115,城区线下办事地点,伍家岗区,胡家冲社区,胡家冲社区便民服务站,周一至周五上午08:30-12:00，下午14：00-17:30冬季上午8:30-12:00，下午14：30-18:00夏季（法定节假日除外）,湖北省宜昌市伍家岗区中南路52号,0717-6222900,乘坐B353路、B353专线、B6路、T8路，在岳湾路站下车，沿东风路方向步行20米即到。,111.341118163854,30.6937789111845
116,城区线下办事地点,伍家岗区,宝联社区,宝联社区便民服务站,周一至周五上午08:30-12:00，下午14：00-17:30冬季上午8:30-12:00，下午14：30-18:00夏季（法定节假日除外）,湖北省宜昌市伍家岗区东山大道323号,0717-6354452,乘坐1路、9路、21路、353路、在东山大道杨岔路公交站下车，往动物检疫站上坡步行20米右拐即到（农机小区院内）。,111.332102500264,30.6759956832307
117,城区线下办事地点,伍家岗区,松林路社区,松林路社区便民服务站,周一至周五上午08:30-12:00，下午14：00-17:30冬季上午8:30-12:00，下午14：30-18:00夏季（法定节假日除外）,湖北省宜昌市伍家岗区中南一路29号,0717-6972070,乘坐B353路专线在大树湾下车，沿听涛路下坡300米进入听涛苑小区，进入小区前行200米即到。,111.363906018709,30.6986188795934
118,城区线下办事地点,伍家岗区,东星社区,东星社区便民服务站,周一至周五上午08:30-12:00，下午14：00-17:30冬季上午8:30-12:00，下午14：30-18:00夏季（法定节假日除外）,湖北省宜昌市伍家岗区中南路29号,0717-6696828,乘坐30路、b353路专线在中南铁路桥站下车，步行100米到峰景商铺内街，东辰贝贝对面二楼即到。,111.336576960009,30.6780467774379
119,城区线下办事地点,伍家岗区,岳湾路社区,岳湾路社区便民服务站,周一至周五上午08:30-12:00，下午14：00-17:30冬季上午8:30-12:00，下午14：30-18:00夏季（法定节假日除外）,湖北省宜昌市伍家岗区中南路55号,0717-6213661,乘坐30路、91路到上上城一期，建设银行马路正对面巷子里面500米即到。,111.34262399338,30.6852608596292
120,城区线下办事地点,伍家岗区,张家坡社区,张家坡社区便民服务站,周一至周五上午08:30-12:00，下午14：00-17:30冬季上午8:30-12:00，下午14：30-18:00夏季（法定节假日除外）,湖北省宜昌市伍家区东山大道300号,0717-6352691,乘坐B9路、B1路、B21路公交车可到运河公园站下往睦邻广场走50米即到。,111.322315102411,30.6849839096705
121,城区线下办事地点,伍家岗区,古塔社区,古塔社区便民服务站,周一至周五上午08:30-12:00，下午14：00-17:30冬季上午8:30-12:00，下午14：30-18:00夏季（法定节假日除外）,湖北省宜昌市伍家岗区夷陵大道346号,0717-6357849,乘坐2路、103路、106路、107路、109路公交到伍家岗区政务服务中心站下车，往兴润兴公馆方向步行约200米即到。,111.33852861856,30.6675684584811
122,城区线下办事地点,伍家岗区,中南路社区,中南路社区便民服务站,周一至周五上午08:30-12:00，下午14：00-17:30冬季上午8:30-12:00，下午14：30-18:00夏季（法定节假日除外）,湖北省宜昌市伍家岗区中南一路12号1栋,0717-6368473,乘坐30路在松林路站下车，步行50米即到；乘坐91路在松林路竹涛路口站下车，步行100米即到。,111.34549488796,30.6869556175087
123,城区线下办事地点,伍家岗区,韩家坝社区,韩家坝社区便民服务站,周一至周五上午08:30-12:00，下午14：00-17:30冬季上午8:30-12:00，下午14：30-18:00夏季（法定节假日除外）,湖北省宜昌市伍家岗区东山大道339号,0717-6694855,乘坐b1、b9、b21、b373、b90路中南路站下车即到。,111.334666713342,30.6730359423634
124,城区线下办事地点,伍家岗区,合益路社区,合益路社区便民服务站,周一至周五上午08:30-12:00，下午14：00-17:30冬季上午8:30-12:00，下午14：30-18:00夏季（法定节假日除外）,湖北省宜昌市伍家岗区民益路1号,0717-6350786,乘坐1路、9路、21路、211路公交车至中南路BRT站，乘坐2路、103路公交车至江辉景苑站，沿民益路步行15分钟即到。,111.340344453318,30.6753296796365
125,城区线下办事地点,伍家岗区,竹涛山社区,竹涛山便民服务站,周一至周五上午08:30-12:00，下午14：00-17:30冬季上午8:30-12:00，下午14：30-18:00夏季（法定节假日除外）,湖北省宜昌市伍家岗区城东大道87号,0717-6553766,乘坐b6路、68路、91路、三峡环球港站下车即到。,111.336108044533,30.6861496252162
126,城区线下办事地点,伍家岗区,桔城路社区,桔城路社区便民服务站,周一至周五上午08:30-12:00，下午14:00-17:30（法定节假日除外）,湖北省宜昌市伍家岗区桔城路9-12号,0717-6224003,乘坐B1路、B9路公交车至五一广场站下车，往东站方向前行300米即到桔城小区内桔城路社区。,111.369097865234,30.6565992347759
127,城区线下办事地点,伍家岗区,白马山社区,白马山社区便民服务站,周一至周五上午08:30-12:00，下午14:00-17:30（法定节假日除外）,湖北省宜昌市伍家岗区东山大道435号,0717-6567858,乘坐1路、9路到东艳路站（上行）或市十五中（下行）下车，行至山水华庭小区北门，东艳路小学斜对面。,111.357765292073,30.6535204502881
128,城区线下办事地点,伍家岗区,东艳路社区,东艳路社区便民服务站,周一至周五上午08:30-12:00，下午14:00-17:30（法定节假日除外）,湖北省宜昌市伍家岗区东艳路9号,0717-6556780,乘坐1路、9路、21路、413路公交在BRT伍家实验初中（葛洲坝方向）转乘313在东艳路白洋路口站下车回转步行50米；或者在BRT王家河（东站方向）转乘373在东艳路白洋路口站下车，前行100米过马路即到。,111.355459251999,30.6627982879239
129,城区线下办事地点,伍家岗区,白沙脑社区,白沙脑社区便民服务站,周一至周五上午08:30-12:00，下午14:00-17:30（法定节假日除外）,湖北省宜昌市伍家岗区东艳路1号,0717-6565268,乘坐B1.B9.B21.B333.B413路到BRT东艳路站下车，往东艳路方向步行150米即到。,111.355213026458,30.6559698321315
130,城区线下办事地点,伍家岗区,王家河社区,王家河社区便民服务站,周一至周五上午08:30-12:00，下午14:00-17:30（法定节假日除外）,湖北省宜昌市伍家岗区夷陵大道388号,0717-6563524,乘坐1路、9路到brt王家河站下车，往伍家岗方向走200米即到。,111.348872516677,30.6577594714728
131,城区线下办事地点,伍家岗区,江山社区,江山社区便民服务站,周一至周五上午08:30-12:00，下午14:00-17:30（法定节假日除外）,湖北宜昌市伍家岗区沿江大道218号,0717-6399980,乘坐80路到江山多娇2期广场下车，步行100米至江山多娇伍家菜场旁。,111.356825484849,30.6507883645537
132,城区线下办事地点,伍家岗区,伍家岗社区,伍家岗社区便民服务站,周一至周五上午08:30-12:00，下午14:00-17:30（法定节假日除外）,湖北省宜昌市伍家岗白沙路8-24号,0717-6568808,乘坐2路公交车江山多娇下车，往江边方向走50米，然后左拐直走100米。,111.360752337555,30.6485559434587
133,城区线下办事地点,伍家岗区,伍临路社区,伍临路社区便民服务站,周一至周五上午08:30-12:00，下午14:00-17:30（法定节假日除外）,湖北省宜昌市伍家岗白沙路二路2号,0717-6558816,乘坐通勤1号车江临路下车，往前方向走500米即到。,111.367422255967,30.6507373352604
134,城区线下办事地点,伍家岗区,沈家店社区,沈家店社区便民服务站,周一至周五上午08:30-12:00，下午14:00-17:30（法定节假日除外）,湖北省宜昌市伍家岗区旭棉东路城中半岛菜市场旁,0717-6559504,乘坐211.21.2.413路公交到共勤村站下行300米即到。,111.370055548739,30.6380443324653
135,城区线下办事地点,伍家岗区,临江溪社区,临江溪社区便民服务站,周一至周五上午08:30-12:00，下午14:00-17:30（法定节假日除外）,湖北省宜昌市伍家岗区伍临路38号,0717-6286669,乘坐103、413、37路到金都批发市场站上行100米即到。,111.3713062595,30.6350834954031
136,城区线下办事地点,伍家岗区,龙盘湖社区,龙盘湖社区便民服务站,周一至周五上午08:30-12:00，下午14:00-17:30（法定节假日除外）,湖北省宜昌市伍家岗区伍临路47-12号,0717-6572018,乘坐103、413、37路到临江溪公交站上行100米即到。,111.373927660566,30.6384987085924
137,城区线下办事地点,伍家岗区,李家湖社区,李家湖社区便民服务站,周一至周五上午08:30-12:00，下午14:00-17:30（法定节假日除外）,湖北省宜昌市伍家岗区沿江大道228号,0717-6566886,乘坐B333路公交到江天一色下车，向江边方向前行200米；K2、B21路公交，李家湖路下车，向江边方向前行1000米即到。,111.36274540799,30.645438063032
138,城区线下办事地点,伍家岗区,花艳社区,花艳社区便民服务站,周一至周五上午08:30-12:00，下午14:00-17:30（法定节假日除外）,湖北省宜昌市伍家岗区东临路11号,0717-6566568,乘坐B80、323、109路公交至铁路和谐佳苑小区站下车，往东站方向前进300米，然后右转100米至铁路和谐佳苑小区15号楼即到。,111.423741549858,30.6629365578345
139,城区线下办事地点,伍家岗区,八一路社区,八一路社区便民服务站,周一至周五上午08:30-12:00，下午14:00-17:30（法定节假日除外）,湖北省宜昌市伍家岗区伍临路13号,0717-6555200,乘坐2路，37路，103，413路到共勤村下车往回走500米即到。,111.368013161331,30.6456028881311
140,城区线下办事地点,伍家岗区,福久源社区,福久源社区便民服务站,周一至周五上午08:30-12:00，下午14：00-17:30（法定节假日除外）,湖北省宜昌市伍家岗区桔城路6号,0717-6254616,乘坐B1、B1k、B9、323、107路公交车，下车后步行500米即到。,111.370030665676,30.6558691770305
141,城区线下办事地点,伍家岗区,花溪路社区,花溪路社区便民服务站,周一至周五上午08:30-12:00，下午14：00-17:30（法定节假日除外）,湖北省宜昌市伍家岗区花溪路68号,0717-6212365,乘坐343路 313路 到恒大山水城小区下车，下车后步行到7号楼侧门右拐50米即到。,111.398683018222,30.6406554483511
142,城区线下办事地点,伍家岗区,东站路社区,东站路社区便民服务站,周一至周五上午08:30-12:00，下午14：00-17:30（法定节假日除外）,湖北省宜昌市伍家岗区东站路19号,0717-6214100,乘坐343路在东站路社区公交站台下车，往东站路方向走200米即到。,111.38095936068,30.6526499442854
143,城区线下办事地点,伍家岗区,张家湾社区,张家湾社区便民服务站,周一至周五上午08:30-12:00，下午14：00-17:30（法定节假日除外）,湖北省宜昌市伍家岗区城东大道115号,0717-6386996,乘坐B68、B613、B363在张家湾隧道公交站下车，步行200米即到。,111.357459688539,30.6743117575215
144,城区线下办事地点,伍家岗区,枫香树社区,枫香树社区便民服务站,周一至周五上午08:30-12:00，下午14：00-17:30（法定节假日除外）,湖北省宜昌市伍家岗区合益路205号,0717-6353088,乘坐30路、90路公交到城东花园站下车，下车后步行约100米即到,111.356453586368,30.6800874230398
145,城区线下办事地点,伍家岗区,柏临河路社区,柏临河路社区便民服务站,周一至周五上午08:30-12:00，下午14：00-17:30（法定节假日除外）,湖北省宜昌市伍家岗区东站路8号,0717-6517505,乘坐1路公交车到桔城路站下，转343到东山大道延伸段站下车步行200米至温馨家园B区商铺即到。,111.380751941938,30.6483361315939
146,城区线下办事地点,伍家岗区,三峡物流园社区,三峡物流园社区便民服务站,周一至周五上午08:30-12:00，下午14：00-17:30（法定节假日除外）,湖北省宜昌市伍家岗区东站路178号,0717-6490880,乘坐317路、107路、三峡物流园专线公交到宜城春晓站下车，下车后步行约100米即到。,111.387789177472,30.6666662407971
147,城区线下办事地点,伍家岗区,鑫鼎社区,鑫鼎社区便民服务站,周一至周五上午08:30-12:00，下午14：00-17:30（法定节假日除外）,湖北省宜昌市伍家岗区伍临路21号,0717-6320016,乘坐B21路、B211路、B37路、B413路、2路、32路、103路、T1路（通勤1）公交到伍临路共勤村站下车，下车后步行约100米即到；乘坐B37路、B313路公交到八一路勤兴花园站下车，下车后步行约100米即到。,111.371275986604,30.6421206839884
148,城区线下办事地点,伍家岗区,共前村,共前村便民服务站,周一至周五上午08:30-12:00，下午14：00-17:30（法定节假日除外）,湖北省宜昌市伍家岗区汪家冲路18号,0717-6037647,乘坐B1、B9路公交到桔城路站下车，下车后步行300米即到。,111.367422255967,30.6507373352604
149,城区线下办事地点,伍家岗区,共勤村,共勤村便民服务站,周一至周五上午08:30-12:00，下午14：00-17:30（法定节假日除外）,湖北省宜昌市伍家岗区八一路16号,0717-6695998,乘坐2路到八一路社区门口向八一路方向走500米 ；乘坐313路勤兴花园A区向伍临路方向走500米 、乘坐37路勤兴花园A区，向八一路方向走500米即到。,111.373207882434,30.6437145285425
150,城区线下办事地点,伍家岗区,共联村,共联村便民服务站,周一至周五上午08:30-12:00，下午14：00-17:30（法定节假日除外）,湖北省宜昌市伍家岗区伍临路与花溪路交叉口100米处,0717-6572041,乘坐103路、413路、37路公交到共联村委会站，下车后过马路前行约100米即到。,111.379486126169,30.6277438833842
151,城区线下办事地点,伍家岗区,共谊村,共谊村便民服务站,周一至周五上午08:30-12:00，下午14：00-17:30（法定节假日除外）,湖北省宜昌市伍家岗区东站路8号,0717-6214916,乘坐1路公交车到桔城路下，转343到东站路站下车步行100米至共谊村党群服务中心。,111.380751941938,30.6483361315939
152,城区线下办事地点,伍家岗区,共升村,共升村便民服务站,周一至周五上午08:30-12:00，下午14：00-17:30（法定节假日除外）,湖北省宜昌市伍家岗区东临路55号,0717-6262034,乘坐80路、109路、323到共升村站下车，往对面步行80米即到。,111.42974831918,30.6659278239126
153,城区线下办事地点,伍家岗区,共和村,共和村便民服务站,周一至周五上午08:30-12:00，下午14：00-17:30（法定节假日除外）,湖北省宜昌市伍家岗区东临路33号,0717-6560659,乘坐B80、5路、109路公交到十七中下车，步行100米左右即到,111.426744934519,30.6644322025638
154,城区线下办事地点,伍家岗区,共同村,共同村便民服务站,周一至周五上午08:30-12:00，下午14：00-17:30（法定节假日除外）,湖北省宜昌市伍家岗区桔乡路501号,0717-6579906,乘坐107路、317路公交到共同村沁苑小区站下车，下车后往共同科技企业创业园步行约100米即到。,111.391870718387,30.6776013097613
155,城区线下办事地点,伍家岗区,共强村,共强村便民服务站,周一至周五上午08:30-12:00，下午14：00-17:30（法定节假日除外）,湖北省宜昌市伍家岗区同强路8号,0717-6263261,乘坐1路、9路在“宜昌东站”公交站台下车，往同强路方向走350米。,111.379642744237,30.6583863512124
156,城区线下办事地点,伍家岗区,火光村,火光村便民服务站,周一至周五上午08:30-12:00，下午14：00-17:30（法定节假日除外）,湖北省宜昌市伍家岗区东艳路8-1号,0717-6552258,乘坐B333、B313终点站下车即到。,111.356267906619,30.6623153943985
157,城区线下办事地点,伍家岗区,合益村,合益村便民服务站,周一至周五上午08:30-12:00，下午14：00-17:30（法定节假日除外）,湖北省宜昌市伍家岗区民益路2号,0717-6351070,乘坐B1路、B9路、21路、B211路、90路公交到中南路站下车，下车后步行约300米即到。,111.341117085887,30.6762207117283
158,城区线下办事地点,伍家岗区,旭光村,旭光村便民服务站,周一至周五上午08:30-12:00，下午14：00-17:30（法定节假日除外）,湖北省宜昌市伍家岗区城东大道89号,0717-6370350,乘坐30路、68路、353路到旭光村委会站，下车后过马路到旭东馨苑小区内小天使幼儿园旁即到。,111.339807805607,30.6879670385454
159,城区线下办事地点,伍家岗区,联丰村,联丰村便民服务站,周一至周五上午08:30-12:00，下午14：00-17:30（法定节假日除外）,湖北省宜昌市伍家岗区合益路203号,0717-6369872,乘坐30路、90路公交到田家炳中小学站下车，下车后步行约150米即到。,111.355443351991,30.6795987932862
160,城区线下办事地点,伍家岗区,前坪村,前坪村便民服务站,周一至周五上午08:30-12:00，下午14：00-17:30（法定节假日除外）,湖北省宜昌市伍家岗区柏临河路39号,0717-6214806,乘坐343路、313路公交到恒大山水城小区下车，下车后往伍家工业园方向步行200米右拐300米即到。,111.398100058952,30.634139361523
161,城区线下办事地点,伍家岗区,灵宝村,灵宝村便民服务站,周一至周五上午08:30-12:00，下午14：00-17:30（法定节假日除外）,湖北省宜昌市伍家岗区灵宝村1-2号,0717-6520337,乘坐323公交至灵宝村村委会站下车即到。,111.367422255967,30.6507373352604
162,城区线下办事地点,伍家岗区,南湾村,南湾村便民服务站,周一至周五上午08:30-12:00，下午14：00-17:30（法定节假日除外）,湖北省宜昌市伍家岗区南湾村1组,0717-6520306,乘坐323路到终点站即到；109路到南湾村委会站即到。,111.367422255967,30.6507373352604
163,城区线下办事地点,伍家岗区,汉宜村,汉宜村便民服务站,周一至周五上午08:30-12:00，下午14：00-17:30（法定节假日除外）,湖北省宜昌市伍家岗区杨岔路碧翠苑小区旁,0717-6354254,乘坐B1路、B2路、B9路、21路、B211路公交到杨岔路站下车，下车后往二水厂步行约500米即到。,111.329897429729,30.6827837323062
164,城区线下办事地点,夷陵区,夷陵区,夷陵区政务服务中心,周一至周五（法定节假日除外）上午8:30-12:00，下午14:00-17:00,湖北省夷陵区发展大道111号,0717-7838222,公交：乘坐12路、38路、68路、107路在夷陵万达站点下车，往夷陵国际方向步行20米即到,111.354493753236,30.7686769178434
165,城区线下办事地点,夷陵区,夷陵区邓村乡,邓村乡便民服务中心,周一至周五（法定节假日除外）上午8:30-12:00，下午14:30-17:30,宜昌市夷陵区邓村乡邓大路42号,0717-7500062,公交:乘坐小溪塔至邓村巴士，在邓村乡便民服务中心下车即到。,110.981613244522,30.9886830968687
166,城区线下办事地点,夷陵区,夷陵区邓村乡茶园观社区,茶园观社区便民服务站,周一至周五（法定节假日除外）上午8:30-12:00，下午14:30-17:30,宜昌市夷陵区邓村乡邓红路28号,13617177534,公交：乘坐小溪塔至邓村坪巴士，在茶园观社区下车即到。,110.981613244522,30.9886830968687
167,城区线下办事地点,夷陵区,夷陵区邓村乡杨家湾村,杨家湾村便民服务站,周一至周五（法定节假日除外）上午8:30-12:00，下午14:30-17:30,宜昌市夷陵区邓村乡杨家湾村三组,18972583442,暂无公共交通，请自行前往。,110.900746345225,30.9695703404263
168,城区线下办事地点,夷陵区,夷陵区邓村乡大水田村,大水田村便民服务站,周一至周五（法定节假日除外）上午8:30-12:00，下午14:30-17:30,宜昌市夷陵区邓村乡大水田村一组,15897571088,暂无公共交通，请自行前往。,110.947812792929,30.9687065151179
169,城区线下办事地点,夷陵区,夷陵区邓村乡高台头村,高台头村便民服务站,周一至周五（法定节假日除外）上午8:30-12:00，下午14:30-17:30,宜昌市夷陵区邓村乡高台头村五组,13207220597,公交:乘坐小溪塔至江坪巴士，在高台头村委会下车即到。,111.002892754595,31.0341620713087
170,城区线下办事地点,夷陵区,夷陵区邓村乡竹林湾村,竹林湾村便民服务站,周一至周五（法定节假日除外）上午8:30-12:00，下午14:30-17:30,宜昌市夷陵区邓村乡竹林湾村十六组,15997645675,公交:乘坐小溪塔至竹林湾巴士，在竹林湾村委会下车即到。,110.978894882218,31.0097484937056
171,城区线下办事地点,夷陵区,夷陵区邓村乡白水头村,白水头村便民服务站,周一至周五（法定节假日除外）上午8:30-12:00，下午14:30-17:30,宜昌市夷陵区邓村乡白水头村四组,17771287880,公交:乘坐小溪塔至江坪巴士，在白水头村委会站下车即到。,110.981613244522,30.9886830968687
172,城区线下办事地点,夷陵区,夷陵区邓村乡黄金河村,黄金河村便民服务站,周一至周五（法定节假日除外）上午8:30-12:00，下午14:30-17:30,宜昌市夷陵区邓村乡黄金河村九组,13972001222,公交:乘坐小溪塔至田家坪巴士，在黄金河村委会站下车即到,110.941123920271,31.0220626070644
173,城区线下办事地点,夷陵区,夷陵区邓村乡红桂香村,红桂香村便民服务站,周一至周五（法定节假日除外）上午8:30-12:00，下午14:30-17:30,宜昌市夷陵区邓村乡红桂香村七组,13872562524,公交:乘坐小溪塔至红桂香巴士，在红桂香村委会站下车即到,110.981613244522,30.9886830968687
174,城区线下办事地点,夷陵区,夷陵区邓村乡谭家垭村,谭家垭村便民服务站,周一至周五（法定节假日除外）上午8:30-12:00，下午14:30-17:30,宜昌市夷陵区邓村乡谭家垭村九组,18007205325,公交:乘坐小溪塔至谭家垭巴士，在谭家垭村委会下车即到。,110.913938770114,30.9977008432422
175,城区线下办事地点,夷陵区,夷陵区邓村乡庙垭村,庙垭村便民服务站,周一至周五（法定节假日除外）上午8:30-12:00，下午14:30-17:30,宜昌市夷陵区邓村乡庙垭村八组,17771725072,暂无公共交通，请自行前往。,110.920424985049,30.9669918461038
176,城区线下办事地点,夷陵区,夷陵区邓村乡小渔村,小渔村村便民服务站,周一至周五（法定节假日除外）上午8:30-12:00，下午14:30-17:30,宜昌市夷陵区邓村乡小渔村村六组,18995890678,暂无公共交通，请自行前往。,110.966013810019,30.9636098702849
177,城区线下办事地点,夷陵区,夷陵区邓村乡古城坪村,古城坪村便民服务站,周一至周五（法定节假日除外）上午8:30-12:00，下午14:30-17:30,宜昌市夷陵区邓村乡古城坪村一组,13872543922,公交:乘坐小溪塔至古城坪巴士，在古城坪村委会下车即到。,111.062119294496,30.9833554873918
178,城区线下办事地点,夷陵区,夷陵区邓村乡袁家坪村,袁家坪村便民服务站,周一至周五（法定节假日除外）上午8:30-12:00，下午14:30-17:30,宜昌市夷陵区邓村乡袁家坪村四组,15872566467,公交:乘坐小溪塔至袁家坪巴士，在袁家坪村委会下车即到。,111.027326754297,30.9842076464646
179,城区线下办事地点,夷陵区,夷陵区邓村乡中包山村,中包山村便民服务站,周一至周五（法定节假日除外）上午8:30-12:00，下午14:30-17:30,宜昌市夷陵区邓村乡中包山村九组,17671254312,暂无公共交通，请自行前往。,110.981613244522,30.9886830968687
180,城区线下办事地点,夷陵区,夷陵区邓村乡常家垭村,常家垭村便民服务站,周一至周五（法定节假日除外）上午8:30-12:00，下午14:30-17:30,宜昌市夷陵区邓村乡常家垭村十二组,15997684648,暂无公共交通，请自行前往。,111.087120035144,30.9811740489822
181,城区线下办事地点,夷陵区,夷陵区邓村乡江坪村,江坪村便民服务站,周一至周五（法定节假日除外）上午8:30-12:00，下午14:30-17:30,宜昌市夷陵区邓村乡江坪村七组,18986785979,公交：乘坐小溪塔至江坪巴士，在江坪村委下车即到。,111.029178611106,31.0477200589306
182,城区线下办事地点,夷陵区,夷陵区邓村乡邓村坪村,邓村坪便民服务站,周一至周五（法定节假日除外）上午8:30-12:00，下午14:30-17:30,宜昌市夷陵区邓村乡邓大路42号,15347035530,公交：乘坐小溪塔至邓村坪巴士，在邓村坪村委下车即到。,110.981613244522,30.9886830968687
183,城区线下办事地点,夷陵区,夷陵区太平溪镇,太平溪镇便民服务中心,周一至周五（法定节假日除外）上午8:30-12:00，下午14:30-17:30,宜昌市夷陵区太平溪镇高峡大道58号,0717-7511811,公交:乘坐小溪塔至太平溪巴士，到刘家河政府门口下车即到。,111.021814572027,30.8478920867933
184,城区线下办事地点,夷陵区,夷陵区太平溪镇伍相庙社区,伍相庙社区便民服务站,周一至周五（法定节假日除外）上午8:30-12:00，下午14:30-17:30,宜昌市夷陵区太平溪镇高峡大道140号,0717-7718035,暂无公共交通，请自行前往。,111.015453311388,30.8539299045787
185,城区线下办事地点,夷陵区,夷陵区太平溪镇美人沱村,美人沱村便民服务站,周一至周五（法定节假日除外）上午8:30-12:00，下午14:30-17:30,宜昌市夷陵区太平溪镇美人沱村二组49号,15171728479,暂无公共交通，请自行前往。,110.945297537501,30.8867193220675
186,城区线下办事地点,夷陵区,夷陵区太平溪镇韩家湾村,韩家湾村便民服务站,周一至周五（法定节假日除外）上午8:30-12:00，下午14:30-17:30,宜昌市夷陵区太平溪镇韩家湾村一组15号,13872529231,暂无公共交通，请自行前往。,111.021747109283,30.8477518715478
187,城区线下办事地点,夷陵区,夷陵区太平溪镇太平溪村,太平溪村便民服务站,周一至周五（法定节假日除外）上午8:30-12:00，下午14:30-17:30,宜昌市夷陵区太平溪镇烟竹园路14号,0717-7202091,暂无公共交通，请自行前往。,111.016825922208,30.8529527962249
188,城区线下办事地点,夷陵区,夷陵区太平溪镇古村坪村,古村坪村便民服务站,周一至周五（法定节假日除外）上午8:30-12:00，下午14:30-17:30,宜昌市夷陵区太平溪镇古村坪村一组110号,13396143088,暂无公共交通，请自行前往。,110.991833715462,30.9376760283341
189,城区线下办事地点,夷陵区,夷陵区太平溪镇长岭村,长岭村便民服务站,周一至周五（法定节假日除外）上午8:30-12:00，下午14:30-17:30,宜昌市夷陵区太平溪镇长岭村五组97号,15972729466,暂无公共交通，请自行前往。,111.019532426879,30.9081196757359
190,城区线下办事地点,夷陵区,夷陵区太平溪镇黄家冲村,黄家冲村便民服务站,周一至周五（法定节假日除外）上午8:30-12:00，下午14:30-17:30,宜昌市夷陵区太平溪镇黄家冲村四组45号,13545723933,暂无公共交通，请自行前往。,110.978321044659,30.8223068586619
191,城区线下办事地点,夷陵区,夷陵区太平溪镇小溪口村,小溪口村便民服务站,周一至周五（法定节假日除外）上午8:30-12:00，下午14:30-17:30,宜昌市夷陵区太平溪镇小溪口村三组24号,13487224822,暂无公共交通，请自行前往。,110.941282291532,30.9261019876138
192,城区线下办事地点,夷陵区,夷陵区太平溪镇许家冲村,许家冲村便民服务站,周一至周五（法定节假日除外）上午8:30-12:00，下午14:30-17:30,宜昌市夷陵区太平溪镇许家冲村一组许西路2号,13997654754,暂无公共交通，请自行前往。,111.034013021869,30.8467428427429
193,城区线下办事地点,夷陵区,夷陵区太平溪镇落佛村,落佛村村便民服务站,周一至周五（法定节假日除外）上午8:30-12:00，下午14:30-17:30,宜昌市夷陵区太平溪镇落佛村二组42号,0717-7202085,暂无公共交通，请自行前往。,111.02337528802,30.8646989767723
194,城区线下办事地点,夷陵区,夷陵区太平溪镇龙潭坪村,龙潭坪村便民服务站,周一至周五（法定节假日除外）上午8:30-12:00，下午14:30-17:30,宜昌市夷陵区太平溪镇龙潭坪村三组103号,15071816985,暂无公共交通，请自行前往。,111.008123857071,30.8788178588686
195,城区线下办事地点,夷陵区,夷陵区太平溪镇富城坪村,富城坪村便民服务站,周一至周五（法定节假日除外）上午8:30-12:00，下午14:30-17:30,宜昌市夷陵区太平溪镇富城坪村三组82号,0717-7510098,暂无公共交通，请自行前往。,111.031200966301,30.8796218346816
196,城区线下办事地点,夷陵区,夷陵区三斗坪镇,三斗坪镇便民服务中心,周一至周五（法定节假日除外）上午8:30-12:00，下午14:30-17:30,宜昌市夷陵区三斗坪镇集镇黛狮路88号,0717-6611418,公交:乘坐小溪塔到三斗坪巴士，到三斗坪政府下车即到。,111.080212604756,30.8393297411468
197,城区线下办事地点,夷陵区,夷陵区三斗坪镇三斗坪社区,三斗坪社区便民服务站,周一至周五（法定节假日除外）上午8:30-12:00，下午14:30-17:30,宜昌市夷陵区三斗坪镇黛狮路84号,17771726385,公交:乘坐暮阳、黄牛岩班车，到黄牛广场下车，往东方向走100米即到。,111.080779166041,30.8398871623792
198,城区线下办事地点,夷陵区,夷陵区三斗坪镇黄陵庙村,黄陵庙村便民服务站,周一至周五（法定节假日除外）上午8:30-12:00，下午14:30-17:30,宜昌市夷陵区三斗坪镇黄陵庙村一组,17771722749,公交:乘坐小溪塔至三斗坪巴士，到黄陵庙村委会门口下车,111.087984294875,30.8462465404973
199,城区线下办事地点,夷陵区,夷陵区三斗坪镇黄牛岩村,黄牛岩村便民服务站,周一至周五（法定节假日除外）上午8:30-12:00，下午14:30-17:30,宜昌市夷陵区三斗坪镇黄牛岩村四组,0717-7538088,暂无公共交通，请自行前往。,111.062951754212,30.7984613423685
200,城区线下办事地点,夷陵区,夷陵区三斗坪镇南沱村,南沱村便民服务站,周一至周五（法定节假日除外）上午8:30-12:00，下午14:30-17:30,宜昌市夷陵区三斗坪镇南沱村二组,15572781596,暂无公共交通，请自行前往。,110.95434248585,30.8068544479267
201,城区线下办事地点,夷陵区,夷陵区三斗坪镇园艺村,园艺村便民服务站,周一至周五（法定节假日除外）上午8:30-12:00，下午14:30-17:30,宜昌市夷陵区三斗坪镇黛狮路116号,17771729415,暂无公共交通，请自行前往。,111.078469173422,30.8383221732359
202,城区线下办事地点,夷陵区,夷陵区三斗坪镇中堡村,中堡村便民服务站,周一至周五（法定节假日除外）上午8:30-12:00，下午14:30-17:30,宜昌市夷陵区三斗坪镇中堡村四组,0717-7538116,暂无公共交通，请自行前往。,111.008749257367,30.8134080200925
203,城区线下办事地点,夷陵区,夷陵区三斗坪镇高家冲村,高家冲村便民服务站,周一至周五（法定节假日除外）上午8:30-12:00，下午14:30-17:30,宜昌市夷陵区三斗坪镇高家冲村二组,0717-7892918,暂无公共交通，请自行前往。,111.031273908708,30.8100960870314
204,城区线下办事地点,夷陵区,夷陵区三斗坪镇秋千坪村,秋千坪村便民服务站,周一至周五（法定节假日除外）上午8:30-12:00，下午14:30-17:30,宜昌市夷陵区三斗坪镇秋千坪村一组76号,0717-7538600,暂无公共交通，请自行前往。,111.024423430889,30.7748261133523
205,城区线下办事地点,夷陵区,夷陵区三斗坪镇花鸡坡村,花鸡坡村便民服务站,周一至周五（法定节假日除外）上午8:30-12:00，下午14:30-17:30,宜昌市夷陵区三斗坪镇花鸡坡村四组,17771725145,暂无公共交通，请自行前往。,111.043278773713,30.7789486004489
206,城区线下办事地点,夷陵区,夷陵区三斗坪镇东岳庙村,东岳庙村便民服务站,周一至周五（法定节假日除外）上午8:30-12:00，下午14:30-17:30,湖北省宜昌市夷陵区三斗坪镇东岳庙村三组,13972049948,暂无公共交通，请自行前往。,111.053935192317,30.8200806182908
207,城区线下办事地点,夷陵区,夷陵区三斗坪镇石牌村,石牌村便民服务站,周一至周五（法定节假日除外）上午8:30-12:00，下午14:30-17:30,宜昌市夷陵区三斗坪镇石牌村三组,0717-6613859,暂无公共交通，请自行前往。,111.156924661408,30.7864093775384
208,城区线下办事地点,夷陵区,夷陵区三斗坪镇暮阳村,暮阳村便民服务站,周一至周五（法定节假日除外）上午8:30-12:00，下午14:30-17:30,湖北省宜昌市夷陵区三斗坪镇暮阳村五组,19172260801,暂无公共交通，请自行前往。,111.049175790064,30.7547319910974
209,城区线下办事地点,夷陵区,夷陵区三斗坪镇柏果埫村,柏果埫村便民服务站,周一至周五（法定节假日除外）上午8:30-12:00，下午14:30-17:30,宜昌市夷陵区三斗坪镇柏果埫村二组,15872629190,暂无公共交通，请自行前往。,110.95434248585,30.8068544479267
210,城区线下办事地点,夷陵区,夷陵区三斗坪镇雾河村,雾河村便民服务站,周一至周五（法定节假日除外）上午8:30-12:00，下午14:30-17:30,宜昌市夷陵区三斗坪镇雾河村二组,13217273638,暂无公共交通，请自行前往。,110.95434248585,30.8068544479267
211,城区线下办事地点,夷陵区,夷陵区乐天溪镇,乐天溪镇便民服务中心,周一至周五（法定节假日除外）上午8:30-12:00，下午14:30-17:30,宜昌市夷陵区乐天溪镇江峡三道,0717-7560991,乘坐客运班车至朱家湾站下车向东北方向走336米即到。,111.075266534618,30.8490013223821
212,城区线下办事地点,夷陵区,夷陵区乐天溪镇乐天溪社区,乐天溪社区便民服务站,周一至周五（法定节假日除外）上午8:30-12:00，下午14:30-17:30,宜昌市夷陵区乐天溪镇朱家湾村一组,0717-7560969,暂无公共交通，请自行前往。,111.076813416706,30.8537144409212
213,城区线下办事地点,夷陵区,夷陵区乐天溪镇陈家冲村,陈家冲村便民服务站,周一至周五（法定节假日除外）上午8:30-12:00，下午14:30-17:30,宜昌市夷陵区乐天溪镇陈家冲村陈瓦路78号,15171813594,暂无公共交通，请自行前往。,111.054690128267,30.8476566893838
214,城区线下办事地点,夷陵区,夷陵区乐天溪镇瓦窑坪村,瓦窑坪村便民服务站,周一至周五（法定节假日除外）上午8:30-12:00，下午14:30-17:30,宜昌市夷陵区乐天溪镇瓦窑坪村江峡二路116号,19186209511,暂无公共交通，请自行前往。,111.065213238333,30.8492691925801
215,城区线下办事地点,夷陵区,夷陵区乐天溪镇朱家湾村,朱家湾村便民服务站,周一至周五（法定节假日除外）上午8:30-12:00，下午14:30-17:30,宜昌市夷陵区乐天溪镇朱家湾村一组,0717-7560961,暂无公共交通，请自行前往。,111.076813416706,30.8537144409212
216,城区线下办事地点,夷陵区,夷陵区乐天溪镇乐天溪村,乐天溪村便民服务站,周一至周五（法定节假日除外）上午8:30-12:00，下午14:30-17:30,宜昌市夷陵区乐天溪镇乐天溪村六组,13487293365,暂无公共交通，请自行前往。,111.077406567834,30.8516944066032
217,城区线下办事地点,夷陵区,夷陵区乐天溪镇下岸溪村,下岸溪村便民服务站,周一至周五（法定节假日除外）上午8:30-12:00，下午14:30-17:30,宜昌市夷陵区乐天溪镇下岸溪村一组,13872460078,暂无公共交通，请自行前往。,111.120089015157,30.8598575210742
218,城区线下办事地点,夷陵区,夷陵区乐天溪镇八户店村,八户店村便民服务站,周一至周五（法定节假日除外）上午8:30-12:00，下午14:30-17:30,宜昌市夷陵区乐天溪镇八户店村黄家湾居民点,0717-7590148,暂无公共交通，请自行前往。,111.095313210209,30.867453610826
219,城区线下办事地点,夷陵区,夷陵区乐天溪镇沙坪村,沙坪村便民服务站,周一至周五（法定节假日除外）上午8:30-12:00，下午14:30-17:30,宜昌市夷陵区乐天溪镇沙坪村二组,17798329367,暂无公共交通，请自行前往。,111.074933532765,30.898029048314
220,城区线下办事地点,夷陵区,夷陵区乐天溪镇唐家坝村,唐家坝村便民服务站,周一至周五（法定节假日除外）上午8:30-12:00，下午14:30-17:30,宜昌市夷陵区乐天溪镇唐家坝村三组,18071300685,暂无公共交通，请自行前往。,111.195660313642,30.9067719298361
221,城区线下办事地点,夷陵区,夷陵区乐天溪镇王家坪村,王家坪村便民服务站,周一至周五（法定节假日除外）上午8:30-12:00，下午14:30-17:30,宜昌市夷陵区乐天溪镇王家坪村四组,0717-7598009,暂无公共交通，请自行前往。,111.192842059766,30.8159002099292
222,城区线下办事地点,夷陵区,夷陵区乐天溪镇兆吉坪村,兆吉坪村便民服务站,周一至周五（法定节假日除外）上午8:30-12:00，下午14:30-17:30,宜昌市夷陵区乐天溪镇兆吉坪村四组,0717-7598209,暂无公共交通，请自行前往。,111.222398466977,30.8275058425565
223,城区线下办事地点,夷陵区,夷陵区乐天溪镇莲沱村,莲沱村便民服务站,周一至周五（法定节假日除外）上午8:30-12:00，下午14:30-17:30,宜昌市夷陵区乐天溪镇莲沱村五组,17771725013,暂无公共交通，请自行前往。,111.159413326993,30.852394289068
224,城区线下办事地点,夷陵区,夷陵区鸦鹊岭镇,鸦鹊岭镇便民服务中心,周一至周五（法定节假日除外）上午8:30-12:00，下午14:30-17:30,宜昌市夷陵区鸦鹊岭镇桔乡大道410号,0717-7733195,公交:乘坐109路，在鸦鹊岭镇政府下车，往桔乡大道走50米即到。,111.606272977506,30.645874281903
225,城区线下办事地点,夷陵区,夷陵区鸦鹊岭镇鸦鹊岭社区,鸦鹊岭社区便民服务站,周一至周五（法定节假日除外）上午8:30-12:00，下午14:30-17:30,宜昌市夷陵区鸦鹊岭镇梅林大道,0717-7741825,公交:乘坐109，到鸦鹊岭中心卫生院下车，往梅林广场方向走100米即到。,111.604122883268,30.6487785510023
226,城区线下办事地点,夷陵区,夷陵区鸦鹊岭镇新场村,新场村便民服务站,周一至周五（法定节假日除外）上午8:30-12:00，下午14:30-17:30,宜昌市夷陵区鸦鹊岭镇新场村二组,13197320501,公交:乘坐109路公交，到老严超市站下车，往宜昌市方向走100米即到。,111.494414807607,30.6320407641839
227,城区线下办事地点,夷陵区,夷陵区鸦鹊岭镇田畈村,田畈村便民服务站,周一至周五（法定节假日除外）上午8:30-12:00，下午14:30-17:30,宜昌市夷陵区鸦鹊岭镇田畈村三组,0717-7742558,公交:乘坐108路公交车到田畈村委会下车,111.58449562652,30.6543994140999
228,城区线下办事地点,夷陵区,夷陵区鸦鹊岭镇白河村,白河村便民服务站,周一至周五（法定节假日除外）上午8:30-12:00，下午14:30-17:30,宜昌市夷陵区鸦鹊岭镇白河村一组,15926976289,公交:坐109在红土小学下车，顺汉宜路往当阳方向走600米到白河预制厂有指示牌进入白河村,111.604538080075,30.6727413299197
229,城区线下办事地点,夷陵区,夷陵区鸦鹊岭镇东山村,东山村便民服务站,周一至周五（法定节假日除外）上午8:30-12:00，下午14:30-17:30,宜昌市夷陵区鸦鹊岭镇东山村五组,0717-7733317,公交:乘坐小溪塔到瑶华村级公交车在大垱粮站下车，上行200米即到。,111.633357427615,30.6170315571312
230,城区线下办事地点,夷陵区,夷陵区鸦鹊岭镇童畈村,童畈村便民服务站,周一至周五（法定节假日除外）上午8:30-12:00，下午14:30-17:30,宜昌市夷陵区鸦鹊岭镇童畈村二组,0717-7733203,公交:乘坐109路公交，到镇政府下车，往当阳方向走2公里即到。,111.623007780343,30.6450294167348
231,城区线下办事地点,夷陵区,夷陵区鸦鹊岭镇长寿村,长寿村便民服务站,周一至周五（法定节假日除外）上午8:30-12:00，下午14:30-17:30,宜昌市夷陵区鸦鹊岭镇长寿村二组,13487296212,公交：乘坐109路公交，到梅店加油站下车，往猇亭方向走2.5公里即到。,111.531128553799,30.5977735378914
232,城区线下办事地点,夷陵区,夷陵区鸦鹊岭镇黄金堂村,黄金堂村便民服务站,周一至周五（法定节假日除外）上午8:30-12:00，下午14:30-17:30,宜昌市夷陵区鸦鹊岭镇黄金堂村一组,13277259973,公交:乘坐109公交，到鸦白站下车，往安福寺方向走1000米即到。,111.581727677752,30.6278893248395
233,城区线下办事地点,夷陵区,夷陵区鸦鹊岭镇海云村,海云村便民服务站,周一至周五（法定节假日除外）上午8:30-12:00，下午14:30-17:30,宜昌市夷陵区鸦鹊岭镇海云村一组,0717-7721136,公交:乘坐108公交车，到鞭炮厂站下车，往刘泽明方向走2公里即到。,111.568910025921,30.6889598931255
234,城区线下办事地点,夷陵区,夷陵区鸦鹊岭镇金和村,金和村便民服务站,周一至周五（法定节假日除外）上午8:30-12:00，下午14:30-17:30,宜昌市夷陵区鸦鹊岭镇金和村四组,13886704333,公交:乘坐109路公交，在金和村村委会站点下车即到。,111.518609229229,30.6360718495375
235,城区线下办事地点,夷陵区,夷陵区鸦鹊岭镇云台村,云台村便民服务站,周一至周五（法定节假日除外）上午8:30-12:00，下午14:30-17:30,宜昌市夷陵区鸦鹊岭镇云台村三组,0717-7732333,公交:乘坐109公交车到鸦白路口下车，延鸦来路枝江方向3.5公里到云台村便民服务站,111.585968757725,30.6027609584417
236,城区线下办事地点,夷陵区,夷陵区鸦鹊岭镇五龙村,五龙村便民服务站,周一至周五（法定节假日除外）上午8:30-12:00，下午14:30-17:30,宜昌市夷陵区鸦鹊岭镇五龙村三组,15327610841,公交:乘坐109路公交，到梅店路口下车，往梅黄路方向步行2公里即可进入五龙村。,111.555583124698,30.6142069001451
237,城区线下办事地点,夷陵区,夷陵区鸦鹊岭镇东西泉村,东西泉村便民服务站,周一至周五（法定节假日除外）上午8:30-12:00，下午14:30-17:30,宜昌市夷陵区鸦鹊岭镇东西泉村四组,0717-7720200,公交：乘坐108，到东西泉村站下车，往董海路方向走280米即到。,111.542108452217,30.6772883863072
238,城区线下办事地点,夷陵区,夷陵区鸦鹊岭镇三合村,三合村便民服务站,周一至周五（法定节假日除外）上午8:30-12:00，下午14:30-17:30,宜昌市夷陵区鸦鹊岭镇三合村一组,13114461460,公交:乘坐108公汽，到红土小学下车，乘坐出租车到三合村委会。,111.625947035972,30.6742408620923
239,城区线下办事地点,夷陵区,夷陵区鸦鹊岭镇凤凰观村,凤凰观村便民服务站,周一至周五（法定节假日除外）上午8:30-12:00，下午14:30-17:30,宜昌市夷陵区鸦鹊岭镇凤凰观村二组,0717-7720068,公交：在鸦鹊岭国贸超市站点乘坐108路公交，到凤凰观村路口下车，然后步行至村委会,111.579791739547,30.6953175514856
240,城区线下办事地点,夷陵区,夷陵区鸦鹊岭镇龙潭村,龙潭村便民服务站,周一至周五（法定节假日除外）上午8:30-12:00，下午14:30-17:30,宜昌市夷陵区鸦鹊岭镇龙潭村四组,0717-7207008,公交:乘坐109路公交，到胡家包桥下车，往龙潭村方向走4公里即到。,111.605254927872,30.6464186982864
241,城区线下办事地点,夷陵区,夷陵区鸦鹊岭镇牧童村,牧童村便民服务站,周一至周五（法定节假日除外）上午8:30-12:00，下午14:30-17:30,宜昌市夷陵区鸦鹊岭镇牧童村,0717-7723897,公交:乘坐109路公交车，到老严超市站下车，往宜昌市方向步行5公里即到。,111.50229627066,30.5935921701564
242,城区线下办事地点,夷陵区,夷陵区鸦鹊岭镇梅店村,梅店村便民服务站,周一至周五（法定节假日除外）上午8:30-12:00，下午14:30-17:30,宜昌市夷陵区鸦鹊岭镇梅店村二组,13872681679,公交:乘坐109路公交车在梅店村委会下车。,111.562334519419,30.6338710133979
243,城区线下办事地点,夷陵区,夷陵区鸦鹊岭镇长湖村,长湖村便民服务站,周一至周五（法定节假日除外）上午8:30-12:00，下午14:30-17:30,宜昌市夷陵区鸦鹊岭镇长湖村四组,13872655601,公交:乘坐109路公交，到梅店路口下车，往梅黄路方向开车15公里即可进入长湖村。,111.514269784802,30.7443183391109
244,城区线下办事地点,夷陵区,夷陵区鸦鹊岭镇梅林村,梅林村便民服务站,周一至周五（法定节假日除外）上午8:30-12:00，下午14:30-17:30,宜昌市夷陵区鸦鹊岭镇梅林大道,15090852071,公交:乘坐109路公交车，在梅林广场站点下车即可,111.604122883268,30.6487785510023
245,城区线下办事地点,夷陵区,夷陵区龙泉镇,龙泉镇政务服务中心,周一至周五（法定节假日除外）上午8:30-12:00，下午14:00-17:00,宜昌市夷陵区龙泉镇万龙路8号,0717-7226135,公交:乘坐108、66路在龙泉中学站下车，步行公路斜对面即到；乘坐107路至稻花香桥头下车步行到龙泉初中斜对面即到。,111.50187568402,30.731516773997
246,城区线下办事地点,夷陵区,夷陵区龙泉镇龙镇社区,龙镇社区便民服务站,周一至周五（法定节假日除外）上午8:30-12:00，下午14:30-17:30,宜昌市龙泉镇龙镇社区桔园路130号,13972552401,公交:坐107公交车到电信门口下车，然后沿葛武北路前行500米，右转沿龙泉大道前行300米到达龙泉卫生院，龙泉卫生院西北方100米到达即可。,111.498477843428,30.7317033351732
247,城区线下办事地点,夷陵区,夷陵区龙泉镇青龙村,青龙村便民服务站,周一至周五（法定节假日除外）上午8:30-12:00，下午14:30-17:30,宜昌市夷陵区龙泉镇青龙村一组,19908608213,暂无公共交通，请自行前往。,111.521067532088,30.7471100580023
248,城区线下办事地点,夷陵区,夷陵区龙泉镇法官泉村,法官泉村便民服务站,周一至周五（法定节假日除外）上午8:30-12:00，下午14:30-17:30,宜昌市夷陵区龙泉镇法官泉村二组,19171366553,暂无公共交通，请自行前往。,111.513544942086,30.7539597777808
249,城区线下办事地点,夷陵区,夷陵区龙泉镇万家畈村,万家畈村便民服务站,周一至周五（法定节假日除外）上午8:30-12:00，下午14:30-17:30,宜昌市夷陵区龙泉镇万家畈村四组,0717-7761797,暂无公共交通，请自行前往。,111.485685074661,30.7554413542534
250,城区线下办事地点,夷陵区,夷陵区龙泉镇双泉村,双泉村便民服务站,周一至周五（法定节假日除外）上午8:30-12:00，下午14:30-17:30,宜昌市夷陵区龙泉镇双泉村二组,0717-7795718,暂无公共交通，请自行前往。,111.56664845197,30.8169730673882
251,城区线下办事地点,夷陵区,夷陵区龙泉镇宋家嘴村,宋家嘴村便民服务站,周一至周五（法定节假日除外）上午8:30-12:00，下午14:30-17:30,宜昌市夷陵区龙泉镇宋家嘴村,15872578269,公交:宋家嘴村龙兴客运站对面沿河往右走100米,111.549778543984,30.7955712403784
252,城区线下办事地点,夷陵区,夷陵区龙泉镇雷家畈村,雷家畈村便民服务站,周一至周五（法定节假日除外）上午8:30-12:00，下午14:30-17:30,宜昌市夷陵区龙泉镇雷家畈村三组,18571032527,暂无公共交通，请自行前往。,111.538739896386,30.8288689016547
253,城区线下办事地点,夷陵区,夷陵区龙泉镇罗家畈村,罗家畈村便民服务站,周一至周五（法定节假日除外）上午8:30-12:00，下午14:30-17:30,宜昌市夷陵区龙泉镇罗家畈村二组,0717-7795514,暂无公共交通，请自行前往。,111.52742609781,30.8199799811326
254,城区线下办事地点,夷陵区,夷陵区龙泉镇香烟寺村,香烟寺村便民服务站,周一至周五（法定节假日除外）上午8:30-12:00，下午14:30-17:30,宜昌市夷陵区龙泉镇香烟寺村三组,0717-7795520,暂无公共交通，请自行前往。,111.541254253508,30.7746242002151
255,城区线下办事地点,夷陵区,夷陵区龙泉镇白庙村,白庙村便民服务站,周一至周五（法定节假日除外）上午8:30-12:00，下午14:30-17:30,宜昌市夷陵区龙泉镇白庙村三组,13972523669,暂无公共交通，请自行前往。,111.390552904204,30.7320981079739
256,城区线下办事地点,夷陵区,夷陵区龙泉镇李家台村,李家台村便民服务站,周一至周五（法定节假日除外）上午8:30-12:00，下午14:30-17:30,宜昌市夷陵区龙泉镇李家台村三组,19107213920,暂无公共交通，请自行前往。,111.391377907984,30.7033637421493
257,城区线下办事地点,夷陵区,夷陵区龙泉镇跑马岗村,跑马岗村便民服务站,周一至周五（法定节假日除外）上午8:30-12:00，下午14:30-17:30,宜昌市夷陵区龙泉镇跑马岗村一组,15872583357,暂无公共交通，请自行前往。,111.482628679994,30.7163115105454
258,城区线下办事地点,夷陵区,夷陵区龙泉镇水府庙村,水府庙村便民服务站,周一至周五（法定节假日除外）上午8:30-12:00，下午14:30-17:30,宜昌市夷陵区龙泉镇水府庙村三组,0717-7790317,暂无公共交通，请自行前往。,111.469065973573,30.6960565465147
259,城区线下办事地点,夷陵区,夷陵区龙泉镇钟家畈村,钟家畈村便民服务站,周一至周五（法定节假日除外）上午8:30-12:00，下午14:30-17:30,宜昌市夷陵区龙泉镇钟家畈村五组,18727255713,公交:乘107公交在钟家畈村委会口前到达,111.462853113005,30.6889854364018
260,城区线下办事地点,夷陵区,夷陵区龙泉镇柏家坪村,柏家坪村便民服务站,周一至周五（法定节假日除外）上午8:30-12:00，下午14:30-17:30,宜昌市夷陵区龙泉镇柏家坪村一组,15972693111,暂无公共交通，请自行前往。,111.504715048076,30.852687494109
261,城区线下办事地点,夷陵区,夷陵区龙泉镇龙泉村,龙泉村便民服务站,周一至周五（法定节假日除外）上午8:30-12:00，下午14:30-17:30,宜昌市夷陵区龙泉村四组,18671798341,公交:乘坐107公交或者108到稻花香151桥下，右转步行200米,111.498477843428,30.7317033351732
262,城区线下办事地点,夷陵区,夷陵区小溪塔街道,小溪塔街道便民服务中心,周一至周五（法定节假日除外）上午8:30-12:00，下午14:30-17:30,宜昌市夷陵区集锦路7号,0717-7201269,公交:乘坐100或68路，在人寿桥站点下车，往集锦路方向，到人寿桥路与集锦路交叉路口即到。,111.32407739816,30.7712843102246
263,城区线下办事地点,夷陵区,夷陵区小溪塔街道望江社区,望江社区便民服务站,周一至周五（法定节假日除外）上午8:30-12:00，下午14:30-17:30,宜昌市夷陵区三峡路14号,0717-7850480,公交:可乘34路公交车在三峡路BRT车站下车。,111.305845209869,30.766459585243
264,城区线下办事地点,夷陵区,夷陵区小溪塔街道丁家坝社区,丁家坝社区便民服务站,周一至周五（法定节假日除外）上午8:30-12:00，下午14:30-17:30,宜昌市夷陵区小溪塔丁家坝松湖街3号,0717-7890925,公交:乘坐34路，69路在夷陵新都站下车，沿松湖路3号直行到达交叉路口处,111.325885148169,30.7816490209358
265,城区线下办事地点,夷陵区,夷陵区小溪塔街道冯家湾社区,冯家湾社区便民服务站,周一至周五（法定节假日除外）上午8:30-12:00，下午14:30-17:30,宜昌市夷陵区人和路20号,0717-7853626,公交:可乘坐100路，在冯家湾小学（马兰校区）公交站下车，往人寿桥南路前行700米到达。,111.315661443329,30.7663203359957
266,城区线下办事地点,夷陵区,夷陵区小溪塔街道兴安社区,兴安社区便民服务站,周一至周五（法定节假日除外）上午8:30-12:00，下午14:30-17:30,宜昌市夷陵区小溪塔街道兴安街5号,0717-7821407,公交:乘坐100、68路，到BRT兴安站下车，往南方向走50米即到,111.327401937022,30.7728353536879
267,城区线下办事地点,夷陵区,夷陵区小溪塔街道新合村,新合村便民服务站,周一至周五（法定节假日除外）上午8:30-12:00，下午14:30-17:30,宜昌市夷陵区小溪塔街道新合村二组,0717-7950226,公交:无公交线路，须步行或自行乘车前往湖北省宜昌市夷陵区小溪塔街道新合村便民服务站下车即可,111.326616728176,30.7743467337883
268,城区线下办事地点,夷陵区,夷陵区小溪塔街道姜家庙村,姜家庙村便民服务站,周一至周五（法定节假日除外）上午8:30-12:00，下午14:30-17:30,宜昌市夷陵区小溪塔街道姜家庙村二组,0717-7971168,公交:暂无公共交通，请自行前往。,111.26696708638,30.8197724263491
269,城区线下办事地点,夷陵区,夷陵区小溪塔街道仓屋榜村,仓屋榜村便民服务站,周一至周五（法定节假日除外）上午8:30-12:00，下午14:30-17:30,宜昌市夷陵区小溪塔街道仓屋榜村三组,0717-7660669,公交:暂无公共交通工具，请自驾至仓屋榜村便民服务站,111.435691318792,30.7560170339147
270,城区线下办事地点,夷陵区,夷陵区小溪塔街道文仙洞村,文仙洞村便民服务站,周一至周五（法定节假日除外）上午8:30-12:00，下午14:30-17:30,宜昌市夷陵区小溪塔街道文仙洞村二组,0717-7973198,公交:暂无公共交通，请自行驾车至松文路（020乡道）与小南路交叉路口,111.281106145615,30.7950759118113
271,城区线下办事地点,夷陵区,夷陵区小溪塔街道岩花村,岩花村便民服务站,周一至周五（法定节假日除外）上午8:30-12:00，下午14:30-17:30,宜昌市夷陵区小溪塔街道岩花村二组,19908606523,公交:可乘65路公交车在岩花村委会上/下车。,111.326616728176,30.7743467337883
272,城区线下办事地点,夷陵区,夷陵区小溪塔街道官庄村,官庄村便民服务站,周一至周五（法定节假日除外）上午8:30-12:00，下午14:30-17:30,宜昌市夷陵区小溪塔街道官庄村一组,0717-7871333,公交:可乘65路公交至杨家院站上/下车，向西步行500米,111.326616728176,30.7743467337883
273,城区线下办事地点,夷陵区,夷陵区小溪塔街道廖家林村,廖家林村便民服务站,周一至周五（法定节假日除外）上午8:30-12:00，下午14:30-17:30,宜昌市夷陵区小溪塔街道廖家林村二组2-2,0717-7892661,公交:乘坐小溪塔至廖家林巴士，沿小金公路，到廖家林村村委会门口下车。,111.319244245025,30.8209008304178
274,城区线下办事地点,夷陵区,夷陵区小溪塔街道柏木坪村,柏木坪村便民服务站,周一至周五（法定节假日除外）上午8:30-12:00，下午14:30-17:30,宜昌市夷陵区小溪塔街道柏木坪村二组63号,0717-7970096,公交:乘坐小溪塔至杜家河班车到柏木坪村委会下车,111.304749636469,30.8841523620466
275,城区线下办事地点,夷陵区,夷陵区小溪塔街道东湖社区,东湖社区便民服务站,周一至周五（法定节假日除外）上午8:30-12:00，下午14:30-17:30,宜昌市夷陵区小溪塔街道月宫路4号,0717-7822479,公交:可乘100、68、63路，在平湖广场站点上/下车,111.334039606266,30.7736007430249
276,城区线下办事地点,夷陵区,夷陵区小溪塔街道营盘社区,营盘社区便民服务站,周一至周五（法定节假日除外）上午8:30-12:00，下午14:30-17:30,宜昌市夷陵区金发路4号,0717-7828425,公交:可乘38、68路，在黄金路站点上/下车。,111.345813786416,30.7827316497029
277,城区线下办事地点,夷陵区,夷陵区小溪塔街道平湖社区,平湖社区便民服务站,周一至周五（法定节假日除外）上午8:30-12:00，下午14:30-17:30,宜昌市夷陵区小溪塔街道平云一路20号,0717-7821674,公交:乘坐公交63路、68路、100路均可在平云一路站台下车，往平云一路（河边）方面行走约300米即到。,111.336776653324,30.7843620073846
278,城区线下办事地点,夷陵区,夷陵区小溪塔街道谭家榜社区,谭家榜社区便民服务站,周一至周五（法定节假日除外）上午8:30-12:00，下午14:30-17:30,宜昌市夷陵区夷兴大道263号,0717-7228828,公交:乘坐B63、乡村巴士16路车到谭家榜社区站下车前行50米即可。,111.359053641836,30.7964557991198
279,城区线下办事地点,夷陵区,夷陵区小溪塔街道龙泉山村,龙泉山村便民服务站,周一至周五（法定节假日除外）上午8:30-12:00，下午14:30-17:30,宜昌市夷陵区小溪塔街道龙泉山村一组,0717-8862065,公交:乘坐B10路公交车三游洞站下车，往正前方步行500米即到,111.268675753291,30.905658334418
280,城区线下办事地点,夷陵区,夷陵区小溪塔街道前坪村,前坪村便民服务站,周一至周五（法定节假日除外）上午8:30-12:00，下午14:30-17:30,宜昌市夷陵区小溪塔街道前坪村三组,0717-8861926,公交:乘坐10路，在嫘祖纪念馆站下车，往中国石油平湖加油站步行200米即到。,111.294544167231,30.7606204065276
281,城区线下办事地点,夷陵区,夷陵区小溪塔街道南津关村,南津关村便民服务站,周一至周五（法定节假日除外）上午8:30-12:00，下午14:30-17:30,宜昌市夷陵区南津关路22号,0717-8862090,公交:乘坐10路公交车，到鹦鹉酒楼下车即到。,111.286592816009,30.766528860698
282,城区线下办事地点,夷陵区,夷陵区小溪塔街道南津关社区,南津关社区便民服务站,周一至周五（法定节假日除外）上午8:30-12:00，下午14:30-17:30,宜昌市夷陵区南津关路27号,0717-8861731,公交:乘坐B10，在英武酒楼站下车，往南津关村一组方向前行400米即到。,111.286910559501,30.7672465252944
283,城区线下办事地点,夷陵区,夷陵区小溪塔街道长江市场社区,长江市场社区便民服务站,周一至周五（法定节假日除外）上午8:30-12:00，下午14:30-17:30,宜昌市夷陵区峡江路90号  ,0717-7832818,公交：乘坐34/63/68路，到长江市场服装城站点下车 ，沿南站往江边方向走130米即到（状元楼大酒店旁）,111.308189158436,30.7726704377382
284,城区线下办事地点,夷陵区,夷陵区小溪塔街道朝阳社区,朝阳社区便民服务站,周一至周五（法定节假日除外）上午8:30-12:00，下午14:30-17:30,夷兴大道108号,0717-7829298,公交:乘坐公交100路，68路，63路在夷陵体育馆站下车，往黄金路方向走110米。,111.344030649978,30.7843011215504
285,城区线下办事地点,夷陵区,夷陵区小溪塔街道港虹社区,港虹社区便民服务站,周一至周五（法定节假日除外）上午8:30-12:00，下午14:30-17:30,宜昌市夷陵区港虹路8号（预计2025年2月搬到宜昌市夷陵区湖光路3号）,0717-7839099,公交:乘坐34号公交车在港虹路站下车即到或乘坐100号公交车在虾子沟站下车，向三游洞方向前行300米，湖北省宜昌市夷陵区港虹路8号（三峡茶城3号门）。搬迁之后的交通方式：宜昌市夷陵区湖光路3号，公交:乘坐81号公交车在夷陵区公共就业和人才服务局下车向冯家湾小学方向前行50米即到；乘坐100号公交车在冯家湾小学（马兰小区）下车，向夷陵区公共就业和人才服务局方向前行100米即到,111.308170208681,30.7619421073439
286,城区线下办事地点,夷陵区,夷陵区小溪塔街道峡江社区,峡江社区便民服务站,周一至周五（法定节假日除外）上午8:30-12:00，下午14:30-17:30,宜昌市夷陵区锦江东路1号,0717-7892558,公交：乘坐34路至梅龙镇下车前行100米至十字路口即可；乘坐68路至灯具城下车往三峡高中方向前行150米至十字路口即可,111.309889111783,30.7748493065742
287,城区线下办事地点,夷陵区,夷陵区东城试验区,东城试验区便民服务中心,周一至周五（法定节假日除外）上午8:30-12:00，下午14:30-17:30,宜昌市夷兴大道253号,0717-7832725,公交:乘坐63路公交，至工业园区站下车，往谭家榜方向走50米即到。,111.354975065329,30.7949221244467
288,城区线下办事地点,夷陵区,夷陵区东城试验区陈埫坪村,陈埫坪村便民服务站,周一至周五（法定节假日除外）上午8:30-12:00，下午14:30-17:30,宜昌市夷陵区东城试验区陈埫坪村四组,0717-7803800,公交：可乘108路、65路、66路在陈埫坪站下车，在路口处往右走200米即到。,111.332529734365,30.7748333272981
289,城区线下办事地点,夷陵区,夷陵区东城试验区蔡家河村,蔡家河村便民服务站,周一至周五（法定节假日除外）上午8:30-12:00，下午14:30-17:30,宜昌市夷陵区东城试验区蔡家河村三组,0717-7220500,暂无公共交通，请自行前往。,111.34592867969,30.8155958037079
290,城区线下办事地点,夷陵区,夷陵区东城试验区锦湖社区,锦湖社区便民服务站,周一至周五（法定节假日除外）上午8:30-12:00，下午14:30-17:30,宜昌市夷陵区东方大道2号,0717-7808058,暂无公共交通，请自行前往。,111.36189929403,30.7625899319523
291,城区线下办事地点,夷陵区,夷陵区东城试验区黄金卡社区,黄金卡社区便民服务站,周一至周五（法定节假日除外）上午8:30-12:00，下午14:30-17:30,宜昌市夷陵区发展大道129号,0717-7802933,公交:乘坐38路、68路公交车至萧氏茶叶站下车，步行100米至对面即到,111.349097632038,30.7829064762633
292,城区线下办事地点,夷陵区,夷陵区东城试验区鄢家河村,鄢家河村便民服务站,周一至周五（法定节假日除外）上午8:30-12:00，下午14:30-17:30,宜昌市夷陵区东试验区鄢家河村六组,0717-7801732,公交:乘坐63路公交车到鄢家河小学下车前行500米即到（导航地址：鄢家河村委会）,111.365350224477,30.798035126281
293,城区线下办事地点,夷陵区,夷陵区东城试验区润城社区,润城社区便民服务站,周一至周五（法定节假日除外）上午8:30-12:00，下午14:30-17:30,宜昌市夷陵区锦江大道99号东湖雅居A区商铺（润城社区）,0717-7801860,公交:乘坐81路、23路到锦江大道东湖大道口站下，往东湖雅居小区方向前行100米即到。,111.349996117209,30.758133596592
294,城区线下办事地点,夷陵区,夷陵区东城试验区南村坪村,南村坪村便民服务站,周一至周五（法定节假日除外）上午8:30-12:00，下午14:30-17:30,宜昌市夷陵区东城试验区南村坪村三组,0717-7202618,公交:乘坐公汽南蔡下专线到南村坪村委会站下车,111.348804065797,30.8051380132572
295,城区线下办事地点,夷陵区,夷陵区东城试验区新桥边村,新桥边村便民服务站,周一至周五（法定节假日除外）上午8:30-12:00，下午14:30-17:30,宜昌市夷陵区东城试验区新桥边村二组,0717-7805001,暂无公共交通，请自行前往。,111.388984911936,31.0116513386381
296,城区线下办事地点,夷陵区,夷陵区东城试验区绿洲社区,绿洲社区便民服务站,周一至周五（法定节假日除外）上午8:30-12:00，下午14:30-17:30,宜昌市夷陵区发展大道117号,0717-7806088,公交:乘坐38路、68路、69路、106路、107路在东湖初中站下车，下车后沿梅子垭路恒大绿洲段下行至恒大绿洲西门旁即到。,111.351210626259,30.7732894528568
297,城区线下办事地点,夷陵区,夷陵区东城试验区梅子垭村,梅子垭村便民服务站,周一至周五（法定节假日除外）上午8:30-12:00，下午14:30-17:30,宜昌市夷陵区东城试验区扬子坪路6号,0717-7826512,公交:可乘坐616公交至机关幼儿园梅子垭分园站下车即到，也可乘坐68路、38路公交至梅岭新村站下车，往梅岭峰方向，梅子垭路和发展大道交叉口向上步行1000米即到。,111.357867159918,30.7749690734899
298,城区线下办事地点,夷陵区,夷陵区东城试验区东城社区,东城社区便民服务站,周一至周五（法定节假日除外）上午8:30-12:00，下午14:30-17:30,宜昌市夷陵区东湖大道69号,0717-7822750,公交:可乘坐69路在东城社区站下车，前行200米到达,111.337472929925,30.7711344406211
299,城区线下办事地点,夷陵区,夷陵区东城试验区下坪村,下坪村便民服务站,周一至周五（法定节假日除外）上午8:30-12:00，下午14:30-17:30,宜昌市夷陵区东城试验区下坪村四组,0717-7803456,公交：可乘坐61路至下坪村四组公交站下车即到。,111.174148232273,31.0425601516656
300,城区线下办事地点,夷陵区,夷陵区东城试验区郭家湾村,郭家湾村便民服务站,周一至周五（法定节假日除外）上午8:30-12:00，下午14:30-17:30,宜昌市夷陵区东城路40号,0717-7809789,公交:可乘B616路至郭家湾村委会,111.374419427075,30.7518183718515
301,城区线下办事地点,夷陵区,夷陵区东城试验区姜家湾村,姜家湾村便民服务站,周一至周五（法定节假日除外）上午8:30-12:00，下午14:30-17:30,宜昌市夷陵区夷兴大道287号,19107206105,公交:乘坐63路公汽到同福花园站下车，过红路灯直行100米到达。,111.378433145925,30.8140646085808
302,城区线下办事地点,夷陵区,夷陵区东城试验区锦江社区,锦江社区便民服务站,周一至周五（法定节假日除外）上午8:30-12:00，下午14:30-17:30,宜昌市夷陵区东湖大道天问幼儿园正对面,0717-7826763,公交:乘坐81路、T7在锦江大道东湖大道口公交站点上/下车,111.332160261308,30.7710561701185
303,城区线下办事地点,夷陵区,夷陵区东城试验区平云社区,平云社区便民服务站,周一至周五（法定节假日除外）上午8:30-12:00，下午14:30-17:30,湖北省宜昌市夷陵区平云三路28-36号平云社区党群服务中心,0717-7890399,公交：乘坐68路、38路在平云二路公交站下或者12路在夷陵客运站站点车，步行300米到达,111.343431120881,30.790031975478
304,城区线下办事地点,夷陵区,夷陵区黄花镇,黄花镇便民服务中心   ,周一至周五（法定节假日除外）上午8:30-12:00，下午14:30-17:30,宜昌市夷陵区黄花镇和谐路1-2号,0717-7952212,公交：乘坐63路公交车至宜保路军田坝路口下车，左转，进入和谐路，前行200米即到。,111.394211073732,30.8648305649469
305,城区线下办事地点,夷陵区,夷陵区黄花镇黄花场社区,黄花场社区便民服务站,周一至周五（法定节假日除外）上午8:30-12:00，下午14:30-17:30,宜昌市夷陵区黄花镇黄花场社区五组58号,0717-7953216,公交：乘坐63路公交车至宜保路付家冲路口下车向黄花场路方向步行351米即到。,111.391152523132,30.8617950009655
306,城区线下办事地点,夷陵区,夷陵区黄花镇新坪村,新坪村便民服务站,周一至周五（法定节假日除外）上午8:30-12:00，下午14:30-17:30,宜昌市夷陵区黄花镇新坪村三组,0717-7957163,暂无公共交通，请自行前往,111.355828455563,30.9013967900344
307,城区线下办事地点,夷陵区,夷陵区黄花镇姜家畈村,姜家畈村便民服务站,周一至周五（法定节假日除外）上午8:30-12:00，下午14:30-17:30,宜昌市夷陵区黄花镇姜家畈村四组,0717-7561899,公交：夷陵客运站---界岭方向乡村客车，在姜家畈村委会下车即到。,111.417945922256,30.8893243307724
308,城区线下办事地点,夷陵区,夷陵区黄花镇杨家河村,杨家河村便民服务站,周一至周五（法定节假日除外）上午8:30-12:00，下午14:30-17:30,宜昌市夷陵区黄花镇杨家河村二组,0717-7958088,暂无公共交通，请自行前往,111.308097890596,31.0066164382095
309,城区线下办事地点,夷陵区,夷陵区黄花镇张家口村,张家口村便民服务站,周一至周五（法定节假日除外）上午8:30-12:00，下午14:30-17:30,宜昌市夷陵区黄花镇张家口村一组,0717-7958965,公交：夷陵客运站乘坐小溪塔至雾渡河乡村巴士，张家口大桥车站下车即到。,111.29695207515,30.9369130445025
310,城区线下办事地点,夷陵区,夷陵区黄花镇军田坝村,军田坝村便民服务站,周一至周五（法定节假日除外）上午8:30-12:00，下午14:30-17:30,宜昌市夷陵区黄花镇军田坝村四组96-3,0717-7951430,公交:乘坐16路，在军田坝村三桥站点下车，往西南方向走200米即到,111.421372059471,30.8584913414833
311,城区线下办事地点,夷陵区,夷陵区黄花镇杜家坪村,杜家坪村便民服务站,周一至周五（法定节假日除外）上午8:30-12:00，下午14:30-17:30,宜昌市夷陵区黄花镇杜家坪村四组,13177060546,暂无公共交通，请自行前往,111.22230100083,30.9920310517639
312,城区线下办事地点,夷陵区,夷陵区黄花镇牛坪村,牛坪村便民服务站,周一至周五（法定节假日除外）上午8:30-12:00，下午14:30-17:30,宜昌市夷陵区黄花镇牛坪村一组,0717-7958928,公交：乘坐小溪塔至登岭的乡村巴士，牛坪皂角树下车前行200米左右即到。,111.213798269686,30.9315887128095
313,城区线下办事地点,夷陵区,夷陵区黄花镇小峰河村,小峰河村便民服务站,周一至周五（法定节假日除外）上午8:30-12:00，下午14:30-17:30,宜昌市夷陵区黄花镇小峰河村三组,0717-7958858,公交：乘坐小峰河村乡村巴士至终端站下车，前行50米即到。,111.249066642313,30.944607415567
314,城区线下办事地点,夷陵区,夷陵区黄花镇香龙山村,香龙山村便民服务站,周一至周五（法定节假日除外）上午8:30-12:00，下午14:30-17:30,宜昌市夷陵区黄花镇香龙山村一组,0717-7108311,公交：夷陵客运站乘坐小溪塔至白果树班车到终点站下车即到。,111.346183169641,31.006582081514
315,城区线下办事地点,夷陵区,夷陵区黄花镇上洋村,上洋村便民服务站,周一至周五（法定节假日除外）上午8:30-12:00，下午14:30-17:30,宜昌市夷陵区黄花镇上洋村三组,0717-7985139,公交：夷陵客运站乘坐小溪塔至白果树班车至上洋村下车即到。,111.39424485002,30.8645436745931
316,城区线下办事地点,夷陵区,夷陵区黄花镇中岭村,中岭村便民服务站,周一至周五（法定节假日除外）上午8:30-12:00，下午14:30-17:30,宜昌市夷陵区黄花镇中岭村五组,0717-7958609,夷陵客运站乘坐中岭村乡村巴士或乘坐雾渡河乡村巴士在中岭村委会下车，前行20米即到。,111.39424485002,30.8645436745931
317,城区线下办事地点,夷陵区,夷陵区分乡镇,分乡镇便民务服务中心,周一至周五（法定节假日除外）上午8:30-12:00，下午14:30-17:30,宜昌市夷陵区分乡镇明珠南路41号,0717-7939200,暂无公共交通，请自行前往。,111.428958008104,30.9085773568345
318,城区线下办事地点,夷陵区,夷陵区分乡镇大中坝村,分乡镇大中坝村便民服务站,周一至周五（法定节假日除外）上午8:30-12:00，下午14:30-17:30,宜昌市夷陵区分乡镇大中坝村一组,13872682350,暂无公共交通，请自行前往。,111.443532537758,30.9503744346256
319,城区线下办事地点,夷陵区,夷陵区分乡镇普溪河村,分乡镇普溪河村便民服务站,周一至周五（法定节假日除外）上午8:30-12:00，下午14:30-17:30,宜昌市夷陵区分乡镇普溪河村七组,0717-7932680,暂无公共交通，请自行前往。,111.438147286056,30.9149925795715
320,城区线下办事地点,夷陵区,夷陵区分乡镇南垭村,分乡镇南垭村便民服务站,周一至周五（法定节假日除外）上午8:30-12:00，下午14:30-17:30,宜昌市夷陵区分乡镇南垭村一组,0717-7939375,公交:宜昌夷陵客运站乘坐小溪塔至界岭乡村巴士至南垭村委会下车即到或者自行至分乡镇南垭村委会。,111.438147286056,30.9149925795715
321,城区线下办事地点,夷陵区,夷陵区分乡镇金竹村,分乡镇金竹村便民服务站,周一至周五（法定节假日除外）上午8:30-12:00，下午14:30-17:30,宜昌市夷陵区分乡镇金竹村六组,15871559168,暂无公共交通，请自行前往。,111.42712858084,31.0004669321865
322,城区线下办事地点,夷陵区,夷陵区分乡镇百里荒村,分乡镇百里荒村便民服务站,周一至周五（法定节假日除外）上午8:30-12:00，下午14:30-17:30,宜昌市夷陵区分乡镇百里荒村四组,0717-7718103,暂无公共交通，请自行前往。,111.519181000686,30.9543668220379
323,城区线下办事地点,夷陵区,夷陵区分乡镇分乡场社区,分乡镇分乡场社区便民服务站,周一至周五（法定节假日除外）上午8:30-12:00，下午14:30-17:30,宜昌市夷陵区分乡镇敬存路99号,15629343888,乘坐小溪塔至界岭、百里荒乡通巴士在分乡场社区下车,111.432155498474,30.9110051926497
324,城区线下办事地点,夷陵区,夷陵区分乡镇棠垭村,分乡镇棠垭村便民服务站,周一至周五（法定节假日除外）上午8:30-12:00，下午14:30-17:30,宜昌市夷陵区分乡镇棠垭村二组,13477166422,暂无公共交通，请自行前往。,111.410289933886,31.0781555954981
325,城区线下办事地点,夷陵区,夷陵区分乡镇界岭村,分乡镇界岭村便民服务站,周一至周五（法定节假日除外）上午8:30-12:00，下午14:30-17:30,宜昌市夷陵区分乡镇界岭村四组,15671054561,公交:乘坐小溪塔至界岭村的中巴车在界岭村指示牌下车往路口内走100米即到,111.438147286056,30.9149925795715
326,城区线下办事地点,夷陵区,夷陵区分乡镇插旗村,分乡镇插旗村便民服务站,周一至周五（法定节假日除外）上午8:30-12:00，下午14:30-17:30,宜昌市夷陵区分乡镇插旗村四组,0717-7937177,暂无公共交通，请自行前往。,111.414738252941,31.0675862733042
327,城区线下办事地点,夷陵区,夷陵区分乡镇天马村,天马村村民委员会便民服务站,周一至周五（法定节假日除外）上午8:30-12:00，下午14:30-17:30,宜昌市夷陵区分乡镇天马村八组,0717-7718099,暂无公共交通，请自行前往。,111.487250372012,30.9962533038466
328,城区线下办事地点,夷陵区,夷陵区雾渡河镇,雾渡河镇便民服务中心,周一至周五（法定节假日除外）上午8:30-12:00，下午14:30-17:30,宜昌市夷陵区雾渡河镇育才路1号,0717-7226022,暂无公共交通，请自行前往。,111.215116083869,31.1150976032726
329,城区线下办事地点,夷陵区,夷陵区雾渡河镇茅坪河社区,雾渡河镇茅坪河社区便民服务站,周一至周五（法定节假日除外）上午8:30-12:00，下午14:30-17:30,宜昌市夷陵区雾渡河镇茅坪河街1号,0717-7610016,暂无公共交通，请自行前往。,111.216545647258,31.1133510454366
330,城区线下办事地点,夷陵区,夷陵区雾渡河镇清江坪村,雾渡河镇清江坪村便民服务站,周一至周五（法定节假日除外）上午8:30-12:00，下午14:30-17:30,宜昌市夷陵区雾渡河镇清江坪村五组,0717-7611806,公交：乘坐小溪塔至雾渡河的客运班车至清江坪村便民服务站下车或自驾。,111.279867651809,31.0511350644909
331,城区线下办事地点,夷陵区,夷陵区雾渡河镇小庙村,雾渡河镇小庙村便民服务站,周一至周五（法定节假日除外）上午8:30-12:00，下午14:30-17:30,宜昌市夷陵区雾渡河镇小庙村一组,17771729613,暂无公共交通，请自行前往。,111.207525042988,31.1210800347466
332,城区线下办事地点,夷陵区,夷陵区雾渡河镇观音堂村,雾渡河镇观音堂村便民服务站,周一至周五（法定节假日除外）上午8:30-12:00，下午14:30-17:30,宜昌市夷陵区雾渡河镇观音堂村十组,17771721659,暂无公共交通，请自行前往。,111.171636300575,31.148764261821
333,城区线下办事地点,夷陵区,夷陵区雾渡河镇龚家河村,雾渡河镇龚家河村便民服务站,周一至周五（法定节假日除外）上午8:30-12:00，下午14:30-17:30,宜昌市夷陵区雾渡河镇龚家河村四组,17683717124,公交:乘坐小溪塔至樟村坪巴士，到龚家河村委会门口下车。,111.195473735588,31.1805100332554
334,城区线下办事地点,夷陵区,夷陵区雾渡河镇交战垭村,雾渡河镇交战垭村便民服务站,周一至周五（法定节假日除外）上午8:30-12:00，下午14:30-17:30,宜昌市夷陵区雾渡河镇交战垭村12组,15872629549,公交：乘坐乡村客运班车至交战垭村便民服务站下车或自驾。,111.257031557948,31.159178912928
335,城区线下办事地点,夷陵区,夷陵区雾渡河镇马卧泥村,雾渡河镇马卧泥村便民服务站,周一至周五（法定节假日除外）上午8:30-12:00，下午14:30-17:30,宜昌市夷陵区雾渡河镇马卧泥村五组,19107235629,暂无公共交通，请自行前往。,111.242260361125,31.2060666729252
336,城区线下办事地点,夷陵区,夷陵区雾渡河镇三隅口村,雾渡河镇三隅口村便民服务站,周一至周五（法定节假日除外）上午8:30-12:00，下午14:30-17:30,宜昌市夷陵区雾渡河镇三隅口村小长岗,18972002449,公交：乘坐乡村客运班车至三隅口村便民服务站下车或自驾。,111.317008721933,31.0359128063889
337,城区线下办事地点,夷陵区,夷陵区雾渡河镇西北口村,雾渡河镇西北口村便民服务站,周一至周五（法定节假日除外）上午8:30-12:00，下午14:30-17:30,宜昌市夷陵区雾渡河镇西北口村二组,17771723706,暂无公共交通，请自行前往。,111.332788805674,31.0763726284962
338,城区线下办事地点,夷陵区,夷陵区樟村坪镇,樟村坪镇便民服务中心,周一至周五（法定节假日除外）上午8:30-12:00，下午14:00-17:00,宜昌市夷陵区樟村坪集镇迎宾路26号,0717-7660096,公交:乘坐客运班车至夷陵区樟村坪镇便民服务中心下车或自驾。,111.214066863034,31.2987726821575
339,城区线下办事地点,夷陵区,夷陵区樟村坪镇樟村坪社区,夷陵区樟村坪镇樟村坪社区便民服务站,周一至周五（法定节假日除外）上午8:30-12:00，下午14:30-17:30,宜昌市夷陵区樟村坪镇正昌路75号,0717-7660733,公交:在宜昌市夷陵区小溪塔客运站乘坐“小溪塔至樟村坪”的巴士到达樟村坪集镇，步行至正昌路75号，即樟村坪社区办公大楼。,111.21627040645,31.3039104120262
340,城区线下办事地点,夷陵区,夷陵区樟村坪镇丁家河村,夷陵区樟村坪镇丁家河村便民服务站,周一至周五（法定节假日除外）上午8:30-12:00，下午14:30-17:30,宜昌市夷陵区樟村坪镇集镇迎宾路原二小,18871711780,公交:乘坐樟村坪镇客车行至樟村坪集镇下车或自驾,111.215137643201,31.2995911278538
341,城区线下办事地点,夷陵区,夷陵区樟村坪镇云霄垭村,夷陵区樟村坪镇云霄垭村便民服务站,周一至周五（法定节假日除外）上午8:30-12:00，下午14:30-17:30,宜昌市夷陵区樟村坪镇云霄垭村三组,13872393191,暂无公共交通，请自行前往。,111.191901713558,31.3377182617925
342,城区线下办事地点,夷陵区,夷陵区樟村坪镇古村村,夷陵区樟村坪镇古村村便民服务站,周一至周五（法定节假日除外）上午8:30-12:00，下午14:30-17:30,宜昌市夷陵区樟村坪镇古村村二组,19172218350,暂无公共交通，请自行前往。,111.225146832685,31.4348636445784
343,城区线下办事地点,夷陵区,夷陵区樟村坪镇栗林河村,夷陵区樟村坪镇栗林河村便民服务站,周一至周五（法定节假日除外）上午8:30-12:00，下午14:30-17:30,宜昌市夷陵区樟村坪镇栗林河村三组,15997506501,暂无公共交通，请自行前往。,111.219986965836,31.3232110300598
344,城区线下办事地点,夷陵区,夷陵区樟村坪镇桃坪河村,夷陵区樟村坪镇桃坪河村便民服务站,周一至周五（法定节假日除外）上午8:30-12:00，下午14:30-17:30,宜昌市夷陵区樟村坪镇桃坪河村六组,0717-7660004,公交:在小溪塔夷陵客运站乘坐“小溪塔至桃坪河”巴士到桃坪河村村民委员会下车或自驾。,111.280028987478,31.2741179037279
345,城区线下办事地点,夷陵区,夷陵区樟村坪镇三堡垭村,夷陵区樟村坪镇三堡垭村便民服务站,周一至周五（法定节假日除外）上午8:30-12:00，下午14:30-17:30,宜昌市夷陵区樟村坪镇三堡垭村二组,15071811078,暂无公共交通，请自行前往。,111.213525633964,31.298932900603
346,城区线下办事地点,夷陵区,夷陵区樟村坪镇董家河村,夷陵区樟村坪镇董家河村便民服务站,周一至周五（法定节假日除外）上午8:30-12:00，下午14:30-17:30,宜昌市夷陵区樟村坪镇董家河村五组,19172242249,公交:在小溪塔夷陵客运站乘坐小溪塔至董家河的客运车,111.142503713903,31.2370047743985
347,城区线下办事地点,夷陵区,夷陵区樟村坪镇砦沟村,夷陵区樟村坪镇砦沟村便民服务站,周一至周五（法定节假日除外）上午8:30-12:00，下午14:30-17:30,宜昌市夷陵区樟村坪镇砦沟村二组,17771288961,暂无公共交通，请自行前往。,111.268473993873,31.2927298469035
348,城区线下办事地点,夷陵区,夷陵区樟村坪镇黄马河村,夷陵区樟村坪镇黄马河村便民服务站,周一至周五（法定节假日除外）上午8:30-12:00，下午14:30-17:30,宜昌市夷陵区樟村坪镇黄马河村三组,19172218591,暂无公共交通，请自行前往。,111.263405484694,31.4272026373188
349,城区线下办事地点,夷陵区,夷陵区樟村坪镇黄家台村,夷陵区樟村坪镇黄家台村便民服务站,周一至周五（法定节假日除外）上午8:30-12:00，下午14:30-17:30,宜昌市夷陵区樟村坪镇黄家台村二组,13618688266,暂无公共交通，请自行前往。,111.225984592404,31.3247441474431
350,城区线下办事地点,夷陵区,夷陵区樟村坪镇秦家坪村,夷陵区樟村坪镇秦家坪村便民服务站,周一至周五（法定节假日除外）上午8:30-12:00，下午14:30-17:30,宜昌市夷陵区樟村坪镇秦家坪村五组,0717-7660850,暂无公共交通，请自行前往。,111.16746663589,31.2332540929572
351,城区线下办事地点,夷陵区,夷陵区樟村坪镇殷家坪村,夷陵区樟村坪镇殷家坪村便民服务站,周一至周五（法定节假日除外）上午8:30-12:00，下午14:30-17:30,宜昌市夷陵区樟村坪镇殷家坪村三组,19107222511,公交:可选择自驾到湖北省宜昌市夷陵区樟村坪镇殷家坪村店子河；乘坐小溪塔至董家河的客运车，在殷家坪村集镇下车，沿店子河路步行8分钟即可。,111.142636213966,31.3061837122451
352,城区线下办事地点,夷陵区,夷陵区樟村坪镇羊角山村,夷陵区樟村坪镇羊角山村便民服务站,周一至周五（法定节假日除外）上午8:30-12:00，下午14:30-17:30,宜昌市夷陵区樟村坪镇羊角山村三组,19186268501,暂无公共交通，请自行前往。,111.13137298999,31.3354415664482
353,城区线下办事地点,夷陵区,夷陵区樟村坪镇犁耳坪村,夷陵区樟村坪镇犁耳坪村便民服务站,周一至周五（法定节假日除外）上午8:30-12:00，下午14:30-17:30,宜昌市夷陵区樟村坪镇犁耳坪村一组,15997625031,暂无公共交通，请自行前往。,111.213525633964,31.298932900603
354,城区线下办事地点,夷陵区,夷陵区下堡坪乡,下堡坪乡便民服务中心,周一至周五（法定节假日除外）上午8:30-12:00，下午14:30-17:30,宜昌市夷陵区下堡坪乡中药材产业园1栋,0717-7631461,暂无公共交通，请自行前往。,111.174397062899,31.0440743519092
355,城区线下办事地点,夷陵区,夷陵区下堡坪乡下堡坪村,夷陵区下堡坪乡下堡坪村便民服务站,周一至周五（法定节假日除外）上午8:30-12:00，下午14:30-17:30,宜昌市夷陵区下堡坪乡集镇秀峰街36号,0717-7630244,暂无公共交通，请自行前往。,111.174456979877,31.0429268694349
356,城区线下办事地点,夷陵区,夷陵区下堡坪乡蛟龙寺村,夷陵区下堡坪乡蛟龙寺村便民服务站,周一至周五（法定节假日除外）上午8:30-12:00，下午14:30-17:30,宜昌市夷陵区下堡坪乡蛟龙寺村三组,0717-7630573,暂无公共交通，请自行前往。,111.168857122988,31.0742863619036
357,城区线下办事地点,夷陵区,夷陵区下堡坪乡九山村,夷陵区下堡坪乡九山村便民服务站,周一至周五（法定节假日除外）上午8:30-12:00，下午14:30-17:30,宜昌市夷陵区下堡坪乡九山村十三组,0717-7630384,暂无公共交通，请自行前往。,111.14774954859,30.9726965804669
358,城区线下办事地点,夷陵区,夷陵区下堡坪乡马宗岭村,夷陵区下堡坪乡马宗岭村便民服务站,周一至周五（法定节假日除外）上午8:30-12:00，下午14:30-17:30,宜昌市夷陵区下堡坪乡马宗岭村一组,0717-7630884,暂无公共交通，请自行前往。,111.207883736378,31.0399683345103
359,城区线下办事地点,夷陵区,夷陵区下堡坪乡赵勉河村,夷陵区下堡坪乡赵勉河村便民服务站,周一至周五（法定节假日除外）上午8:30-12:00，下午14:30-17:30,宜昌市夷陵区下堡坪乡赵勉河村一组24号,0717-7208724,暂无公共交通，请自行前往。,111.074313073149,31.1164568305434
360,城区线下办事地点,夷陵区,夷陵区下堡坪乡秀水村,夷陵区下堡坪乡秀水村便民服务站,周一至周五（法定节假日除外）上午8:30-12:00，下午14:30-17:30,宜昌市夷陵区下堡坪乡秀水村七组,0717-7640456,暂无公共交通，请自行前往。,111.086154446551,31.1241579742628
361,城区线下办事地点,夷陵区,夷陵区下堡坪乡十八湾村,夷陵区下堡坪乡十八湾村便民服务站,周一至周五（法定节假日除外）上午8:30-12:00，下午14:30-17:30,宜昌市夷陵区下堡坪乡十八湾村十组84号,0717-7631486,暂无公共交通，请自行前往。,111.168213666752,31.0859997387934
362,城区线下办事地点,夷陵区,夷陵区下堡坪乡磨坪村,夷陵区下堡坪乡磨坪村便民服务站,周一至周五（法定节假日除外）上午8:30-12:00，下午14:30-17:30,宜昌市夷陵区下堡坪乡磨坪村一组,0717-7630239,暂无公共交通，请自行前往。,111.104547431529,31.0929285115756
363,城区线下办事地点,点军区,点军区,点军区政务服务中心,周一至周五上午08:30-12:00，下午14:00-17:30（法定节假日除外）,宜昌市点军区江南大道53号,0717-6972167,"公交:乘坐27路公交到湖北省宜昌市点军区政务服务中心站下车，往五龙阳光小区方向步行250米即到。
地铁:无",111.28826896426,30.6829073417358
364,城区线下办事地点,点军区,艾家镇,艾家镇便民服务中心,周一至周五上午08:30-12:00，下午14:00-17:30（法定节假日除外）,宜昌市点军区艾家镇集镇7号,0717-7900210,"公交:乘坐512路/513路公汽到湖北省宜昌市点军区艾家镇人民政府下车即到
地铁:无",111.357425912252,30.628142201257
365,城区线下办事地点,点军区,柳林村,柳林村便民服务站,周一至周五上午08:30-12:00，下午14:00-17:30（法定节假日除外）,宜昌市点军区艾家镇柳林村四组12号,13872505962,"公交:无
地铁:无",111.362398572233,30.5985625559354
366,城区线下办事地点,点军区,艾家村,艾家村便民服务站,周一至周五上午08:30-12:00，下午14:00-17:30（法定节假日除外）,宜昌市点军区艾家镇艾家村四组133号,19186286500,"公交:无
地铁:无",111.374006386202,30.6113403561944
367,城区线下办事地点,点军区,刘家村,刘家村便民服务站,周一至周五上午08:30-12:00，下午14:00-17:30（法定节假日除外）,宜昌市点军区艾家镇刘家村五组135号,19186286503,"公交:乘坐512路公交到湖北省宜昌市点军区艾家镇刘家村艾家镇卫生院下车，步行50米即到。
地铁:无",111.354912004282,30.6282398556581
368,城区线下办事地点,点军区,桥河村,桥河村便民服务站,周一至周五上午08:30-12:00，下午14:00-17:30（法定节假日除外）,宜昌市点军区艾家镇桥河村一组1号,16671728872,"公交:乘坐512路/513路公交到湖北省宜昌市点军区艾家镇桥河村一组便民服务站下车向路口右斜上坡100米即到。
地铁:无",111.329229629413,30.6494459821715
369,城区线下办事地点,点军区,七里村,七里村便民服务站,周一至周五上午08:30-12:00，下午14:00-17:30（法定节假日除外）,宜昌市点军区艾家镇七里村二组,13972020850,"公交:乘坐512路公交车到湖北省宜昌市点军区艾家镇七里村村委会下车即到
地铁:无",111.321991981919,30.6313318827996
370,城区线下办事地点,点军区,联棚乡,联棚乡便民服务中心,周一至周五上午08:30-12:00，下午14:00-17:30（法定节假日除外）,宜昌市点军区联棚乡联棚集镇80号,0717-6679576,"公交:乘坐532号公交车至终点站，步行300米到湖北省宜昌市点军区联棚乡联棚集镇80号联棚乡人民政府大院内。
地铁:无",111.27720381665,30.6551606273637
371,城区线下办事地点,点军区,联棚村,联棚村便民服务站,周一至周五上午08:30-12:00，下午14:00-17:30（法定节假日除外）,宜昌市点军区联棚乡联棚村泰和路276号,0717-6358998,"公交:乘坐532路公交车到联棚村终点站下车，步行50米即到。
地铁:无",111.279826239925,30.6557765214312
372,城区线下办事地点,点军区,楠木溪村,楠木溪村便民服务站,周一至周五上午08:30-12:00，下午14:00-17:30（法定节假日除外）,宜昌市点军区联棚乡楠木溪村二组86号,0717-6629839,"公交:乘坐532号公交车至终点站,换乘515号公交车到楠木溪村委会下车即到。
地铁:无",111.245858434015,30.6355977546629
373,城区线下办事地点,点军区,双溪村,双溪村便民服务站,周一至周五上午08:30-12:00，下午14:00-17:30（法定节假日除外）,宜昌市点军区联棚乡双溪村九组35号,0717-6679719,"公交:无
地铁:无",111.25609282869,30.6640633673186
374,城区线下办事地点,点军区,福安村,福安村便民服务站,周一至周五上午08:30-12:00，下午14:00-17:30（法定节假日除外）,宜昌市点军区联棚乡福安村五组88号,15997552028,"公交:乘坐CBD至泉水城乡公交车到湖北省宜昌市点军区联棚乡福安村委会下车步行40米即到
地铁:无",111.236422543108,30.6600995513027
375,城区线下办事地点,点军区,长岭村,长岭村便民服务站,周一至周五上午08:30-12:00，下午14:00-17:30（法定节假日除外）,宜昌市点军区联棚乡长岭村三组3-1号,13986822838,"公交:乘坐CBD-泉水班车到湖北省宜昌市点军区联棚乡长岭村便民服站室下车即可
地铁:无",111.217593071482,30.6554674098978
376,城区线下办事地点,点军区,泉水村,泉水村便民服务站,周一至周五上午08:30-12:00，下午14:00-17:30（法定节假日除外）,宜昌市点军区联棚乡泉水村五组1号,13886651403,"公交:乘坐CBD至泉水班车到湖北省宜昌市点军区联棚乡泉水村五组村委会门口下车即可
地铁:无",111.186795206056,30.6422973217065
377,城区线下办事地点,点军区,桥边镇,桥边镇便民服务中心,周一至周五上午08:30-12:00，下午14:00-17:30（法定节假日除外）,湖北省宜昌市点军区桥边镇虎周公路桥边集镇1号,0717-7881042,公交：在夷陵广场乘坐至车溪的公交车，到桥边镇政府前后下车，步行200米左右即到。地铁：无,111.194916876002,30.6852531730558
378,城区线下办事地点,点军区,白马溪村,白马溪村便民服务站,周一至周五上午08:30-12:00，下午14:00-17:30（法定节假日除外）,湖北省宜昌市点军区桥边镇白马溪村三组,0717-7882358,"公交:无
地铁:无",111.19767503324,30.668547313886
379,城区线下办事地点,点军区,广化寺社区,广化寺社区便民服务站,周一至周五上午08:30-12:00，下午14:00-17:30（法定节假日除外）,湖北省宜昌市点军区桥边镇桥边集镇105号,0717-7880018,"公交:乘坐“夷陵广场-车溪”海通客车到湖北省宜昌市点军区桥边镇市场监管所下车。
地铁:无",111.195146662552,30.6847849120502
380,城区线下办事地点,点军区,韩家坝村,韩家坝村便民服务站,周一至周五上午08:30-12:00，下午14:00-17:30（法定节假日除外）,湖北省宜昌市点军区桥边镇桥边村11组,0717-7881908,"公交:无
地铁:无",111.195146662552,30.6847849120502
381,城区线下办事地点,点军区,黄家棚村,黄家棚村便民服务站,周一至周五上午08:30-12:00，下午14:00-17:30（法定节假日除外）,湖北省宜昌市点军区桥边镇黄家棚村四组,18071310655,"公交:无
地铁:无",111.227470030395,30.6912230474933
382,城区线下办事地点,点军区,李家湾村,李家湾村便民服务站,周一至周五上午08:30-12:00，下午14:00-17:30（法定节假日除外）,湖北省宜昌市点军区虎周公路168号,0717-6769858,公交：乘坐“夷陵广场-车溪”海通客车到湖北省宜昌市点军区桥边镇农商银行下车往前50米即到。地铁：无,111.196815624359,30.6851776272056
383,城区线下办事地点,点军区,六里河,六里河村便民服务站,周一至周五上午08:30-12:00，下午14:00-17:30（法定节假日除外）,湖北省宜昌市点军区桥边镇六里河村十二组,19186286771,公交：乘坐“夷陵广场-车溪”海通客车到湖北省宜昌市点军区桥边镇六里河村十二组下车往前20米即到。地铁：无,111.167809249611,30.6676639759509
384,城区线下办事地点,点军区,偏岩村,偏岩村便民服务站,周一至周五上午08:30-12:00，下午14:00-17:30（法定节假日除外）,湖北省宜昌市点军区桥边镇巴王店二路（奥锦花园小区正大门旁）,0717-6215456,公交：乘坐552-2路公交到湖北省宜昌市点军区桥边镇巴王店二路站下车。地铁：无,111.237641992837,30.7099888596102
385,城区线下办事地点,点军区,桥边村,桥边村便民服务站,周一至周五上午08:30-12:00，下午14:00-17:30（法定节假日除外）,湖北省宜昌市点军区桥边镇桥边村11组,0717-6218884,"公交:无
地铁:无",111.195146662552,30.6847849120502
386,城区线下办事地点,点军区,上峰尖村,上峰尖村便民服务站,周一至周五上午08:30-12:00，下午14:00-17:30（法定节假日除外）,湖北省宜昌市点军区桥边镇上峰尖村2组,13697283246,"公交:无
地铁:无",111.17581063645,30.7512873578088
387,城区线下办事地点,点军区,石堰村,石堰村便民服务站,周一至周五上午08:30-12:00，下午14:00-17:30（法定节假日除外）,湖北省宜昌市点军区桥边镇石堰村一组,0717-7881003,"公交:无
地铁:无",111.225576222719,30.7066758925727
388,城区线下办事地点,点军区,双堰口村,双堰口村便民服务站,周一至周五上午08:30-12:00，下午14:00-17:30（法定节假日除外）,湖北省宜昌市点军区桥边镇双堰口村二组,18671787688,"公交:无
地铁:无",111.152095640478,30.683892173969
389,城区线下办事地点,点军区,太平村,太平村便民服务站,周一至周五上午08:30-12:00，下午14:00-17:30（法定节假日除外）,湖北省宜昌市点军区桥边镇太平村6组,17762998079,"公交:无
地铁:无",111.210634258019,30.6955219615449
390,城区线下办事地点,点军区,天王寺村,天王寺村便民服务站,周一至周五上午08:30-12:00，下午14:00-17:30（法定节假日除外）,湖北省宜昌市点军区桥边镇天王寺村二组,13886710209,"公交:无
地铁:无",111.199456462897,30.7181113523842
391,城区线下办事地点,点军区,新村村,新村村便民服务站,周一至周五上午08:30-12:00，下午14:00-17:30（法定节假日除外）,湖北省宜昌市点军区桥边镇新村三组,0717-6595151,"公交:无
地铁:无",111.218398222711,30.7473566446586
392,城区线下办事地点,点军区,朱家坪村,朱家坪村便民服务站,周一至周五上午08:30-12:00，下午14:00-17:30（法定节假日除外）,湖北省宜昌市点军区桥边镇朱家村三组,0717-6456567,"公交:无
地铁:无",111.194916876002,30.6852531730558
393,城区线下办事地点,点军区,点军街道,点军街道便民服务中心,周一至周五上午8:30-12:00，下午14:00-17:30（法定节假日除外）,湖北省宜昌市点军区五龙大道18号,0717-6673118,公交：乘坐119，532路公交车到宜昌市点军区五龙社区公交站下车，前行50米即到                地铁:无,111.283830412781,30.6782156617127
394,城区线下办事地点,点军区,牛扎坪村,牛扎坪村便民服务站,周一至周五上午8:30-12:00，下午14:00-17:30（法定节假日除外）,湖北省宜昌市点军区点军街办牛扎坪村四组,0717-6678161,"公交:无
地铁:无",111.262096024752,30.7594518761654
395,城区线下办事地点,点军区,紫阳村,紫阳村便民服务站,周一至周五上午8:30-12:00，下午14:00-17:30（法定节假日除外）,湖北省宜昌市点军区点军街办紫阳村2组,0717-6671234,公交：乘坐27路公交到湖北省宜昌市点军区点军街办紫阳村天问学校站下车，往鸣翠谷方向步行200米即到。            地铁：无,111.259281992912,30.7390318586819
396,城区线下办事地点,点军区,至喜社区,至喜社区便民服务站,周一至周五上午8:30-12:00，下午14:00-17:30（法定节假日除外）,湖北省宜昌市点军区点军街办紫阳路7号,18071371808,公交：乘坐27路公交车到紫阳站下车即到。          地铁：无,111.269723177515,30.7421106825341
397,城区线下办事地点,点军区,李家河村,李家河村便民服务站,周一至周五上午8:30-12:00，下午14:00-17:30（法定节假日除外）,湖北省宜昌市点军区点军街办李家河村（佳和家园小区商业楼）一楼,0717-6228872,公交：乘坐27路公交车到内口河站下车，右转前行400即到。           地铁：无,111.260137988232,30.7253948972501
398,城区线下办事地点,点军区,范家湖村,范家湖村便民服务站,周一至周五上午8:30-12:00，下午14:00-17:30（法定节假日除外）,湖北省宜昌市点军区点军街办范家湖村（湖景名苑小区商业楼）,13972043922,公交：乘坐522-2路公交车到湖景名苑站下车，右转前行100即到。                          地铁：无,111.250367837845,30.6964023249764
399,城区线下办事地点,点军区,朱市街社区,朱市街社区便民服务站,周一至周五上午8:30-12:00，下午14:00-17:30（法定节假日除外）,湖北省宜昌市点军区点军街办江南大道153号,0717-6673238,公交：乘坐27路公交车到湖北省宜昌市点军区下卷桥河站下车，沿江南大道下行200米抵达湖北省宜昌市点军区点军街办朱市街社区便民服务站。                       地铁：无,111.273408745362,30.7008531599439
400,城区线下办事地点,点军区,巴王店村,巴王店村便民服务站,周一至周五上午8:30-12:00，下午14:00-17:30（法定节假日除外）,湖北省宜昌市点军区江城大道辅路与虎周公路交叉口西南100米,13872609226,"公交:无
地铁:无",111.349841698492,30.6277320050725
401,城区线下办事地点,点军区,塘上村,塘上村便民服务站,周一至周五上午8:30-12:00，下午14:00-17:30（法定节假日除外）,湖北省宜昌市点军区点军街办塘上村五龙路135号,18671730004,公交：乘坐B119公交到湖北省宜昌市点军区点军街办塘上村市警示基地站下车，走至对面进入龙悦小区步行300米即到。                  地铁：无,111.253691119079,30.6769920010394
402,城区线下办事地点,点军区,五龙社区,五龙社区便民服务站,周一至周五上午8:30-12:00，下午14:00-17:30（法定节假日除外）,湖北省宜昌市点军区点军街办五龙社区五龙路20号,0717-6869610,公交：乘坐119，532路公交到梅子溪五组站下车右转前行200米即到。                              地铁：无,111.27432798139,30.6784181671533
403,城区线下办事地点,点军区,红光社区,红光社区便民服务站,周一至周五上午8:30-12:00，下午14:00-17:30（法定节假日除外）,湖北省宜昌市点军区点军街办江南大道178号,0717-6554148,公交：乘坐27路公交到政务服务中心站下车，往27中方向步行200米即到。                        地铁：无,111.28959603099,30.6842669572697
404,城区线下办事地点,点军区,谭家河社区,谭家河社区便民服务站,周一至周五上午8:30-12:00，下午14:00-17:30（法定节假日除外）,湖北省宜昌市点军区点军街办谭家河社区谭家河路三组,0717-6677667,公交：乘坐28路公交到湖北省宜昌市点军区点军街办谭家河社区便民服务站下车，往谭家河路方向步行20米即到               地铁：无,111.339528163101,30.640824631663
405,城区线下办事地点,点军区,土城乡,土城乡便民服务中心,周一至周五上午08:30-12:00，下午14:00-17:30（法定节假日除外）,湖北省宜昌市点军区土城乡土城村一组109号,0717-7884244,"公交:乘坐“夷陵广场-车溪”海通客车到湖北省宜昌市点军区土城乡土城集镇下车，往土城乡林业站方向步行300米即到。
地铁:无",111.097686713027,30.6511328309896
406,城区线下办事地点,点军区,土城村,土城村便民服务站,周一至周五上午08:30-12:00，下午14:00-17:30（法定节假日除外）,湖北省宜昌市点军区土城乡土城村村民 委会,15572778035,"公交:无
地铁:无",111.120059550737,30.6599467112219
407,城区线下办事地点,点军区,李家坝村,李家坝村便民服务站,周一至周五上午08:30-12:00，下午14:00-17:30（法定节假日除外）,湖北省宜昌市点军区土城乡李家坝村二组75号,0717-6773558,"公交:无
地铁:无",111.124778978394,30.6688508696282
408,城区线下办事地点,点军区,安梓溪村,安梓溪村便民服务站,周一至周五上午08:30-12:00，下午14:00-17:30（法定节假日除外）,湖北省宜昌市点军区土城乡安梓溪村2组102号,13545726769,"公交:无
地铁:无",111.130977196583,30.6728859960802
409,城区线下办事地点,点军区,车溪村,车溪村便民服务站,周一至周五上午08:30-12:00，下午14:00-17:30（法定节假日除外）,湖北省宜昌市点军区土城乡车溪村3组54号,19186286506,"公交:无
地铁:无",111.044075301208,30.6848910493421
410,城区线下办事地点,点军区,穿心店村,穿心店村便民服务站,周一至周五上午08:30-12:00，下午14:00-17:30（法定节假日除外）,湖北省宜昌市点军区土城乡穿心店村二组,15672510735,"公交:无
地铁:无",111.080643971061,30.659070904893
411,城区线下办事地点,点军区,茅家店村,茅家店村便民服务站,周一至周五上午08:30-12:00，下午14:00-17:30（法定节假日除外）,湖北省宜昌市点军区土城乡茅家店村五组48号,19186286515,"公交:无
地铁:无",111.090994965792,30.6450678657575
412,城区线下办事地点,点军区,黄家岭村,黄家岭村便民服务站,周一至周五上午08:30-12:00，下午14:00-17:30（法定节假日除外）,湖北省宜昌市点军区土城乡黄家岭村2组37号,13986770810,"公交:无
地铁:无",111.056323966329,30.6435469038565
413,城区线下办事地点,点军区,三岔口村,三岔口村便民服务站,周一至周五上午08:30-12:00，下午14:00-17:30（法定节假日除外）,湖北省宜昌市点军区土城乡三岔口村二组1号,13277398065,"公交:无
地铁:无",111.064302536207,30.6915348384198
414,城区线下办事地点,点军区,花栗树村,花栗树村便民服务站,周一至周五上午08:30-12:00，下午14:00-17:30（法定节假日除外）,湖北省宜昌市点军区土城乡花栗树村二组16号,15926965659,"公交:无
地铁:无",111.134170493009,30.7048803375138
415,城区线下办事地点,点军区,三涧溪村,三涧溪村便民服务站,周一至周五上午08:30-12:00，下午14:00-17:30（法定节假日除外）,湖北省宜昌市点军区土城乡三涧溪村三组60号,15872671702,"公交:无
地铁:无",111.092270200294,30.7082729309075
416,城区线下办事地点,点军区,高岩村,高岩村便民服务站,周一至周五上午08:30-12:00，下午14:00-17:30（法定节假日除外）,湖北省宜昌市点军区土城乡高岩村,19186286509,"公交:无
地铁:无",111.100418729575,30.7423848286008
417,城区线下办事地点,点军区,望洲坪村,望洲坪村便民服务站,周一至周五上午08:30-12:00，下午14:00-17:30（法定节假日除外）,湖北省宜昌市点军区土城乡望洲坪村一组1号,19162271952,"公交:无
地铁:无",111.003396703986,30.7050230143869
418,城区线下办事地点,点军区,落步埫村,落步埫村便民服务站,周一至周五上午08:30-12:00，下午14:00-17:30（法定节假日除外）,湖北省宜昌市点军区土城乡落步埫村一组85号,0717-6499698,"公交:无
地铁:无",111.015901206516,30.700240816599
419,城区线下办事地点,点军区,席家埫村,席家埫村便民服务站,周一至周五上午08:30-12:00，下午14:00-17:30（法定节假日除外）,湖北省宜昌市点军区土城乡席家埫村三组1号,0717-6671044,"公交:无
地铁:无",111.040216360399,30.7255746407682
420,城区线下办事地点,猇亭区,猇亭区,湖北省宜昌市猇亭市民之家,"周一至周五上午08:30-12:00,下午14:00-17:00（夏令时：上午08:30-12:00，下午14：30-17:30，法定节假日除外）",湖北省宜昌市猇亭区猇亭大道203号猇亭市民之家,0717-6516000,"公交:乘坐B413、B37、K103、428路到猇亭青年中心站下车即到。
地铁:无",111.443981,30.545652
421,城区线下办事地点,猇亭区,虎牙街道,湖北省宜昌市猇亭区虎牙街道党群服务中心,周一至周五上午08：30-12：00，下午14：00-17：00（夏令时：上午08：30-12：00，下午14：30 -17：30，法定节假日除外）,湖北省宜昌市猇亭区金猇路298号虎牙街道党群服务中心,0717-6530443,公交:乘坐93路到虎牙街道办事处站下车即可到达；乘坐86路、88路、通勤2号线、通勤5号线到七里冲路下车，沿金猇路向东步行约300米即可到达。地铁:无,111.462787806195,30.5594553429978
422,城区线下办事地点,猇亭区,高家店村,湖北省宜昌市猇亭区虎牙街道高家店村便民服务站,周一至周五上午08：30-12：00，下午14：00-17：00（夏令时：上午08：30-12：00，下午14：30 -17：30，法定节假日除外）,湖北省宜昌市猇亭区虎牙街道高家店村五组130号高家店村便民服务站,0717-6533920,公交:乘坐天湖风景区班车到高家店村委会下车即可到达,111.448389406159,30.5959800577847
423,城区线下办事地点,猇亭区,虎牙社区,湖北省宜昌市猇亭区虎牙街道虎牙社区便民服务站,周一至周五上午8:30-12:00，下午14：00-17：00（夏），下午14:30-17:30（冬）,湖北省宜昌市猇亭区虎牙街道猇亭大道81号虎牙社区便民服务站,0717-6528828,公交:乘坐37路，413路至船厂站下车，往原虎牙小学方向步行5分钟。地铁:无,111.414285956117,30.5701642350064
424,城区线下办事地点,猇亭区,高湖村,湖北省宜昌市猇亭区虎牙街道高湖村便民服务站,周一至周五上午08：30-12：00，下午14：00-17：00（夏令时：上午08：30-12：00，下午14：30-17：30，法定节假日除外）,宜昌市猇亭区虎牙街道高湖村二组118号高湖村便民服务站,0717-6517680,公交:乘坐高家高湖到猇亭区渡口的公交车，到高湖村委会站下车，下车即到。地铁:无,111.450970148058,30.6077124530333
425,城区线下办事地点,猇亭区,磨盘社区,湖北省宜昌市猇亭区虎牙街道磨盘溪社区便民服务站,周一至周五上午08：30-12：00，下午14：00-17：00（夏令时：上午08：30-12：00，下午14：30 -17：30，法定节假日除外）,湖北省宜昌市猇亭区虎牙街办磨高路1号磨盘溪社区便民服务站,0717-6571778,公交:乘坐413路、37路、通勤2号线到福龙钢铁下车，沿磨高路步行2.5公里即可到达。,111.425254266393,30.5971681507904
426,城区线下办事地点,猇亭区,鸡山社区,湖北省宜昌市猇亭区虎牙街办鸡山社区便民服务站,周一至周五上午08：30-12：00，下午14：00-17：00（夏令时：上午08：30-12：00，下午14：30 -17：30，法定节假日除外）,湖北省宜昌市猇亭区金猇路199号鸡山社区便民服务站,0717-6295658,公交:乘坐93路、92路、88路、通勤2号线、通勤5号线到鸡山新村站下车，沿金猇路向东步行约300米即可到达。地铁:无,111.457702947855,30.5568585757805
427,城区线下办事地点,猇亭区,六泉湖社区,湖北省宜昌市猇亭区六泉湖社区便民服务站,周一至周五上午08：30-12：00，下午14：00-17：00（夏令时：上午08：30-12：00，下午14：30 -17：30，法定节假日除外）,湖北省宜昌市猇亭区金猇路299号六泉湖社区便民服务站,0717-6512858,公交:乘坐93路到六泉湖社区站下车即可到达，乘坐88路、T5号线到虎牙街道办事处下车，沿金猇路向东步行约100米即可到达,111.465816982205,30.5624618951993
428,城区线下办事地点,猇亭区,云池街道,湖北省宜昌市猇亭区云池街道党群服务中心,周一至周五上午08：30-12：00，下午14：00-17：00（夏令时：上午08：30-12：00，下午14：30 -17：30，法定节假日除外）,湖北省宜昌市猇亭区迎宾路77号云池街道党群服务中心,0717-6511846,公交:乘坐87路、93路到猇亭区迎宾大道站下车，往三峡机场方向走50米即到。,111.457667195296,30.532493624372
429,城区线下办事地点,猇亭区,云池社区,湖北省宜昌市猇亭区云池街道云池社区便民服务站,周一至周五上午08：30-12：00，下午14：00-17：00（夏令时：上午08：30-12：00，下午14：30-17：30）周六周日、法定节假日除外。,宜昌市猇亭区云池街道7-100号云池社区便民服务站,0717-6536741,公交:乘坐88路在云池居委会站下车，向北走200米到云池文化广场，再向东走200即到。,111.466094648438,30.4885339241302
430,城区线下办事地点,猇亭区,下马槽社区,湖北省宜昌市猇亭区云池街办下马槽社区便民服务站,周一至周五上午08：30-12：00，下午14：00-17：00（夏令时：上午08：30-12：00，下午14：30 -17：30，法定节假日除外）,湖北省宜昌市猇亭区云池街道猇亭大道401号下马槽社区便民服务站,0717-6536223,公交:乘坐88路到宜化集团站下车，往枝江方向（沿猇亭大道向南）方向走150米后左转过桥然后右转五十米即可。,111.464942032638,30.4976049155123
431,城区线下办事地点,猇亭区,新金岭社区,湖北省宜昌市猇亭区新金岭社区便民服务站,周一至周五上午08：30-12：00，下午14：00-17：00（夏令时：上午08：30-12：00，下午14：30 -17：30，法定节假日除外）,湖北省宜昌市猇亭区云池街道金岭居委会5组68号新金岭社区便民服务站,0717-6514623,公交:乘坐37路、88路公交车到猇亭区中心福利院站下车，穿过马路沿公路段院墙方向走100米即到。,111.454757493919,30.5229168927532
432,城区线下办事地点,猇亭区,石板冲社区,湖北省宜昌市猇亭区石板冲社区便民服务站,周一至周五上午08：30-12：00，下午14：00-17：00（夏令时：上午08：30-12：00，下午14：30 -17：30，法定节假日除外）,湖北省宜昌市猇亭区迎宾路99号石板冲社区便民服务站,0717-6691679,公交:乘坐93路公交车，到黄家冲站下车，下车后向左手边沿公路段步行100米即到。地铁:无,111.470062463876,30.5428825943941
433,城区线下办事地点,猇亭区,黄龙寺社区,湖北省宜昌市猇亭区黄龙寺社区便民服务站,周一至周五上午08：30-12：00，下午14：00-17：00（夏令时：上午08：30-12：00，下午14：30-17：30，法定节假日除外）,湖北省宜昌市猇亭区空港城58号1单元101室黄龙寺社区便民服务站,0717-6510869,公交:乘坐92路公交到空港城站台下车即到。地铁:无,111.477173,30.559499
434,城区线下办事地点,猇亭区,福善场村,湖北省宜昌市猇亭区福善场社区便民服务站,周一至周五上午08：30-12：00，下午14：00-17：00（夏令时：上午08：30-12：00，下午14：30 -17：30，法定节假日除外）,湖北省宜昌市猇亭区云池街办福善场村5-45号福善场社区便民服务站,0717-6537264,公交:乘坐福善场村公交专线到福善场社区便民服务站下车即到,111.441573782593,30.5364659827068
435,城区线下办事地点,猇亭区,古老背街道,湖北省宜昌市猇亭区古老背街道党群服务中心,周一至周五上午08：30-12：00，下午14：00-17：00（夏令时：上午08：30-12：00，下午14：30 -17：30，法定节假日除外）,湖北省宜昌市猇亭区正大路27号古老背街道党群服务中心,0717-6514463,公交：乘坐B413路到正大路站下车，步行100米。地铁：无,111.435503033957,30.5339144755907
436,城区线下办事地点,猇亭区,七里新村社区,湖北省宜昌市猇亭区七里新村社区便民服务站,周一至周五上午08：30-12：00，下午14：00-17：00（夏令时：上午08：30-12：00，下午14：30 -17：30，法定节假日除外）,湖北省宜昌市猇亭区金猇路185号七里新村社区便民服务站,0717-6693678,公交：乘坐88路到十八中站下车，往七里冲路步行1000米即可。地铁：无,111.448253043382,30.5488604867801
437,城区线下办事地点,猇亭区,桐岭新村社区,湖北省宜昌市猇亭区桐岭新村社区便民服务站,周一至周五上午08：30-12：00，下午14：00-17：00（夏令时：上午08：30-12：00，下午14：30 -17：30，法定节假日除外）,湖北省宜昌市猇亭区金岭路98号桐岭新村社区便民服务站,0717-6524092,公交：乘坐B37路、88路、87路、93路、T5到桐岭新村站下车即可。地铁：无,111.440332773531,30.527138900676
438,城区线下办事地点,猇亭区,长江新村社区,湖北省宜昌市猇亭区长江新村社区便民服务站,周一至周五上午08：30-12：00，下午14：00-17：00（夏令时：上午08：30-12：00，下午14：30 -17：30，法定节假日除外）,湖北省宜昌市猇亭区猇亭大道197号长江新村社区便民服务站,0717-6511003,公交:乘坐B37、B413、T2、88、92路公交车到猇亭区电商产业园站下车，往宜昌城区方向走50米即到。,111.441586718193,30.5473664567441
439,城区线下办事地点,猇亭区,双桥社区,湖北省宜昌市猇亭区双桥社区便民服务站,周一至周五上午08：30-12：00，下午14：00-17：00（夏令时：上午08：30-12：00，下午14：30 -17：30，法定节假日除外）,宜昌市猇亭区金岭二街6号双桥社区便民服务站,0717-6913789,公交：乘坐37、413、88、93路公交车在中心市场站下车，步行500米到达。地铁：无,111.43624862753,30.5361461440246
440,城区线下办事地点,猇亭区,蔡家畈社区,湖北省宜昌市猇亭区蔡家畈社区便民服务站,周一至周五上午08：30-12：00，下午14：00-17：00（夏令时：上午08：30-12：00，下午14：30 -17：30，法定节假日除外）,湖北省宜昌市猇亭区猇亭大道156号蔡家畈社区便民服务站,0717-6514529,公交：乘坐93路、K103、B413路到电商产业园站下车，往前走200米即可。地铁：无,111.441698197906,30.5462225342091
441,城区线下办事地点,猇亭区,古老背社区,湖北省宜昌市猇亭区古老背社区便民服务站,周一至周五上午08：30-12：00，下午14：00-17：00（夏令时：上午08：30-12：00，下午14：30 -17：30，法定节假日除外）,湖北省宜昌市猇亭区桐岭路特1号古老背社区便民服务站,0717-6511266,"公交：乘坐92、88、87、T3、B413、高家高湖村公交专线、福善场村公交专线到猇亭区邮政局站下车，往民主路方向前行500米即可。
地铁:无",111.430782977485,30.5350499127823
442,城区线下办事地点,猇亭区,桐岭社区,湖北省宜昌市猇亭区桐岭社区便民服务站,周一至周五上午08：30-12：00，下午14：00-17：00（夏令时：上午08：30-12：00，下午14：30 -17：30，法定节假日除外）,湖北省宜昌市猇亭区金岭路59号桐岭社区便民服务站,0717-6514040,"公交：乘坐B413路到猇亭区政府下车，往区政府对面巷子前行100米即可。
地铁：无",111.442155615072,30.5355295592304
443,城区自助设备地点,西陵区,宜昌市西陵区政务服务中心,宜昌市西陵区政务服务中心大厅,24小时开放,宜昌市西陵区东山大道102号,0717-6675567,乘坐B3、B9、B34、B100、B213公交车到BRT绿萝路站下车，步行100米可达。自驾车请导航“西陵区东山大道102号西陵区政务服务中心”。,111.302355023471,30.711161876997
444,城区自助设备地点,西陵区,环城北路社区,宜昌市西陵区学院街道环城东路社区便民服务站,24小时开放,环城北路社区便民服务站育才路21号,0717-6752760,乘坐B6路、25路、T1路公交车到北门站下车，步行100米至原西陵区政务服务中心即到。,111.291355272501,30.707846233817
445,城区自助设备地点,西陵区,墨池巷社区,宜昌市西陵区学院街道墨池巷社区便民服务站,24小时开放,西陵一路2号美岸长堤5号楼1楼,0717-6323138,乘坐2路、7路、11路、B215路、B552-1路公交车到现代城市广场站下车，步行50米至美岸长堤5号楼即到。,111.284912176231,30.7071254940891
446,城区自助设备地点,西陵区,翁家堰社区,宜昌市西陵区学院街道翁家堰社区便民服务站,24小时开放,宜昌新华书店(屈原书城),0717-6323136,乘坐22路、7路、18路、100公交车到香格里拉花园站下车，步行150米即到。,111.354889726305,30.7014109261698
447,城区自助设备地点,西陵区,气象台社区,宜昌市西陵区学院街道气象台社区便民服务站,24小时开放,CBD盛世中央小区5号楼湖北银行,0717-6323125,乘坐7路、25路、B6路、B16路、B18路、B34路公交车到电脑城站下车，步行300米至金丹花园小区旁即到。,111.310087996623,30.7036308578159
448,城区自助设备地点,西陵区,云集街道,宜昌市西陵区云集街道便民服务中心,24小时开放,果园二路8号,0717-6920121,乘坐9路到BRT果园二路下车，步行135米即到。,111.30109461101,30.7045011327101
449,城区自助设备地点,西陵区,桃花岭社区,宜昌市西陵区云集街道桃花岭社区便民服务站,24小时开放,桃花岭社区桃花岭6号,0717-6222812,乘坐18路、20路公交到隆康电信城站，下车沿上坡路走100米即到。,111.300468312408,30.6984876049732
450,城区自助设备地点,西陵区,二马路社区,宜昌市西陵区云集街道二马路社区便民服务站,24小时开放,二马路社区便民服务站红星路11号,0717-6225970,乘坐2路、8路公交车市政府站下车 ，红星路小学路口旁,111.295554042285,30.6973499099201
451,城区自助设备地点,西陵区,西陵街道,宜昌市西陵区西陵街道便民服务中心,24小时开放,西陵街道党群服务中心,0717-6455313,乘坐9路到西陵一路下车。步行570米即到。,111.306482467797,30.7129740021889
452,城区自助设备地点,西陵区,刘家大堰社区,宜昌市西陵区西陵街道刘家大堰社区便民服务站,24小时开放,刘家大堰26号便民服务大厅,0717-6834163,乘坐9路、100路到刘家大堰社区下车，步行350即到。,111.303137088248,30.7169220433016
453,城区自助设备地点,西陵区,西坝街道,宜昌市西陵区西坝街道便民服务中心,24小时开放,西陵区和平路10号,0717-6278010,乘坐公交8路至二十一中站下车后步行300米即到；乘坐公交22路到西坝转盘站，下车后步行384米即到。自驾车请导航“西陵区西坝和平路10号西坝街道便民服务中心。,111.283485756911,30.7288028263886
454,城区自助设备地点,西陵区,锦绣社区,宜昌市西陵区葛洲坝街道锦绣社区便民服务站,24小时开放,葛洲坝樵湖二路21号锦绣社区门口,0717-6722122,乘坐B16路、B35、B1、B34路公交至樵湖路站下车，往团结路方向步行200米至锦绣社区。,111.295753825431,30.7228363869665
455,城区自助设备地点,西陵区,平湖馨苑社区,宜昌市西陵区夜明珠街道平湖馨苑社区便民服务站,24小时开放,平湖馨苑社区西陵区朝阳路105号,0717-6713403,乘坐公交B50路、B232路环1、B612、B222路国药健康专线到平湖馨苑站下车即到。,111.319743523227,30.7475022065265
456,城区自助设备地点,西陵区,上导堤社区,宜昌市西陵区夜明珠街道上导堤社区便民服务站,24小时开放,上导堤社区上导堤路8号,0717-6713780,乘坐B3路、B212路公交车在通航局站下车后直行左拐300米后到，位于居委会门口。,111.299607466238,30.7410384557903
457,城区自助设备地点,西陵区,茶庵社区,宜昌市西陵区窑湾街道茶庵社区便民服务站,24小时开放,窑湾街道张家岗9号茶庵小区15号楼茶庵村委会,0717-6469508,乘坐公交7路到茶庵村便民服务站下车，步行500米到茶庵小区15号楼即可。,111.32228563799,30.7207945587031
458,城区自助设备地点,西陵区,黄河路社区,宜昌市西陵区窑湾街道黄河路社区便民服务站,24小时开放,西陵区渭河一路10号黄河路社区居委会,0717-6936608,乘坐公交B16路，到渭河一路路口站下车，往晚霞老年公寓方向前行200米即到。,111.321730754677,30.7382757364281
459,城区自助设备地点,西陵区,窑湾街道,宜昌市西陵区窑湾街道便民服务中心,24小时开放,宜昌市西陵区黄河路8号窑湾街道办事处一楼。,0717-6835846,乘坐公交B16路、B232路到窑湾街道办事处站，前行30米即到。,111.315275531282,30.7365224471322
460,城区自助设备地点,西陵区,北苑街道党群服务中心,北苑街道党群服务中心,24小时开放,汕头路5号北苑街道办事处,0717-6218177,可乘12、38、68、106、107路，在鑫昌大市场上/下车后往东山大厦前行300米。地铁：无,111.331722,30.722207
461,城区自助设备地点,西陵区,东山花园社区,东山花园社区便民服务站,24小时开放,城东大道9号东山花园小区4栋,0717-6340779,乘坐12、23、17路公交至东山花园站下后，往东山花园小区大门直行200米即到。地铁：无,111.320696,30.714826
462,城区自助设备地点,西陵区,东苑街道,东苑街道办事处,24小时开放,东苑街道便民服务中心北海路5号,0717-6218505,乘坐公交到宜昌高新区，右转出隧道前行200米。,111.337171,30.716771
463,城区自助设备地点,西陵区,学堂湾社区,学堂湾社区便民服务站,24小时开放,港窑路39-7号学堂湾社区便民服务站,0717-6341171,可搭乘城际公交25路、B68路、109路、119路、B18路至港窑路青岛路口站点下车，或搭乘城际公交18路、25路、B68路、B6路、119路至金东山大市场站点下车，见社区标牌，上坡步行300m左右至学堂湾社区便民服务站地铁：无,111.327794,30.702426
464,城区自助设备地点,西陵区,王家坝社区,王家坝社区便民服务站,24小时开放,港窑路9号王家坝社区旁,0717-6346572,可搭乘城际公交B68路、B6路、B613路至碧水林茵站点下车，沿港城路步行400m左右至王家坝社区便民服务站地铁：无,111.328679,30.693556
465,城区自助设备地点,西陵区,山河园路社区,山河园路社区便民服务站,24小时开放,山河园路14号山河园路社区便民服务站,0717-6218228,可搭乘城际公交91路、B6路、B613路、B68路至城东公园（金东方学校）站点下车，沿山河园路前行500m左右至山河园路社区便民服务站地铁：无,111.32429,30.68749
466,城区自助设备地点,西陵区,南苑街道,南苑街道办事处便民服务中心,24小时开放,西陵区珠海路8号南苑街办一楼政务服务大厅,0717-6858618,可搭乘城际公交31路、B68路至珠海路发展大道口站点下车，沿珠海路步行，步行500m左右至南苑科技创业园一楼南苑街道办事处便民服务中心。地铁：无,111.329829,30.710952
467,城区自助设备地点,伍家岗区,伍家区,伍家岗区政务服务中心大厅,24小时,湖北省宜昌市伍家岗区夷陵大道336号,0717-6355358,乘坐2路、103路、106路、107路、109路公交到伍家岗区政务服务中心站下车，往政务服务中心方向步行约100米即到。,111.336631127832,30.6692143742265
468,城区自助设备地点,伍家岗区,万寿桥街道,万寿桥街道便民服务中心大厅,24小时,湖北省宜昌市伍家岗区江海路11号,0717-6582060,乘坐1路、2路、30路公交至中心医院站下车，往江海路方向步行约200米即到。,111.315198187177,30.6901138368152
469,城区自助设备地点,伍家岗区,伍家岗工业园区,伍家岗工业园区综合服务大厅,24小时,湖北省宜昌市伍家岗区东站路211号,0717-6919263,乘坐B317路、T6路到达共同村服务中心公交站下车即到,111.39425,30.681496
470,城区自助设备地点,伍家岗区,胜利二路社区,胜利二路社区便民服务站大厅,24小时,湖北省宜昌市伍家岗区沿江大道130号御江一品8号商铺,0717-6973212,乘坐B3路、2路、通勤1号线、8路到大公桥站下车，或乘坐B1路、B1K路、312路、32路、30路、25路、103路下车后向胜利三路步行约500米即到。,111.304398668506,30.6915229599495
471,城区自助设备地点,伍家岗区,胜利四路社区,胜利四路社区便民服务站大厅,24小时,湖北省宜昌市伍家岗区沿江大道125-8号,0717-6236067,乘坐2路、8路到大公桥站下车，步行200米即到。,111.302888167791,30.6935006661034
472,城区自助设备地点,伍家岗区,杨岔路社区,杨岔路社区便民服务站大厅,24小时,湖北省宜昌市伍家岗区沿江大道169号,0717-6358616,乘坐2路、30路，万寿桥站下车，往廊桥水岸步行300米即到。,111.322555219474,30.6806258989878
473,城区自助设备地点,伍家岗区,古塔社区,古塔社区便民服务站大厅,24小时,湖北省宜昌市伍家岗区夷陵大道346号,0717-6357849,乘坐2路、103路、106路、107路、109路公交到伍家岗区政务服务中心站下车，往兴润兴公馆方向步行约200米即到。,111.33852861856,30.6675684584811
474,城区自助设备地点,伍家岗区,张家坡社区,张家坡社区便民服务站大厅,24小时,湖北省宜昌市伍家区东山大道300号,0717-6352691,乘坐B9路、B1路、B21路公交车可到运河公园站下往睦邻广场走50米即到。,111.322315102411,30.6849839096705
475,城区自助设备地点,伍家岗区,魏家湾社区,魏家湾社区便民服务站大厅,24小时,湖北省宜昌市伍家岗区城东大道112号7-104号,0717-6218138,乘坐30路、b353路专线、b353路在长江文化广场站下车，步行200米到文化广场7号楼1楼即到。,111.338229662487,30.6814346554347
476,城区自助设备地点,伍家岗区,东星社区,东星社区便民服务站大厅,24小时,湖北省宜昌市伍家岗区中南路29号,0717-6696828,乘坐30路、b353路专线在中南铁路桥站下车，步行100米到峰景商铺内街，东辰贝贝对面二楼即到。,111.336576960009,30.6780467774379
477,城区自助设备地点,伍家岗区,伍家岗区街办,伍家岗区街道便民服务中心大厅,24小时,湖北省宜昌市伍家岗区桔城路9号,0717-6561477,乘坐B1、B9至桔城路站下车，往加气站方向行走150米即到。,111.369097865234,30.6565992347759
478,城区自助设备地点,伍家岗区,沈家店社区,沈家店社区便民服务站大厅,24小时,湖北省宜昌市伍家岗区旭棉东路城中半岛菜市场旁,0717-6559504,乘坐211.21.2.413路公交到共勤村站下行300米即到。,111.370055548739,30.6380443324653
479,城区自助设备地点,伍家岗区,伍临路社区,伍临路社区便民服务站大厅,24小时,湖北省宜昌市伍家岗白沙路二路2号,0717-6558816,乘坐通勤1号车江临路下车，往前方向走500米即到。,111.367422255967,30.6507373352604
480,城区自助设备地点,伍家岗区,万达社区,万达社区零工驿站一楼大厅,24小时,湖北省宜昌市伍家岗区沿江大道158号国际广场一楼内街,0717-6210350,乘坐1路，103路，30路公交至十中下车，往沿江方向行至港沙路路口扶手电梯处即到,111.317293933932,30.6836090085658
481,城区自助设备地点,伍家岗区,张家湾社区,张家湾社区便民服务站大厅,24小时,湖北省宜昌市伍家岗区城东大道115号,0717-6386996,乘坐B68、B613、B363在张家湾隧道公交站下车，步行200米即到。,111.357459688539,30.6743117575215
482,城区自助设备地点,伍家岗区,三峡物流园社区,三峡物流园南大门西楼一楼大厅,24小时,湖北省宜昌市伍家岗区东站路188号,0717-6490880,乘坐B363、B373、三峡物流园专线公交到物流园农贸城站下车，下车后步行约100米即到。,111.398073248442,30.6701190528205
483,城区自助设备地点,伍家岗区,大公桥街道,大公桥街道便民服务中心大厅,24小时,宜昌市伍家岗区日新里1号,0717-6222373,乘坐18路、30路到隆康电信城站下车，下车后步行约100米即到。,111.367422255967,30.6507373352604
484,城区自助设备地点,伍家岗区,宝塔河街道,宝塔河街道便民服务中心大厅,24小时,宜昌市伍家岗区中南路36号,0717-6696737,乘坐b68路、b613路、807路公交至上上城站下车，往城东大道转中南路方向步行700米即到。,111.337674689343,30.679221118745
485,城区自助设备地点,伍家岗区,伍家乡,伍家乡便民服务中心大厅,24小时,宜昌市伍家岗区东山大道441号,0717-6579911,乘坐B1路、B5路、B9路、21路、B211路、313路、333路、413路公交到十五中站下车，下车后正对面步行约100米即到。,111.359880172735,30.6529675307706
486,城区自助设备地点,伍家岗区,/,三峡国际人才城,24小时,宜昌市伍家岗区夷陵大道318号西南70米,0717-6612330,乘坐2路、103路、106路、107路、109路公交到夷陵大道中南路口站下车，往三峡国际人才城方向步行约100米即到。,111.334323021654,30.6711370972124
487,城区自助设备地点,伍家岗区,/,伍家岗区农业银行伍家支行,24小时,宜昌市伍家区沿江大道218-72号,0717-6551250,乘坐2路、107路、109路至江景一街站下车，步行200米即到。,111.356825484849,30.6507883645537
488,城区自助设备地点,伍家岗区,/,伍家岗区工商银行临江支行,24小时,宜昌市伍家岗区夷陵大道特169号,0717-6490996,乘坐1路、25路至胜利三路站下车步行158米即到。,111.307393798737,30.6931280928079
489,城区自助设备地点,伍家岗区,旭光村,旭光村便民服务站大厅,24小时,湖北省宜昌市伍家岗区城东大道89号,0717-6370350,乘坐30路、68路、353路到旭光村委会站，下车后过马路到旭东馨苑小区内小天使幼儿园旁即到。,111.339458,30.690055
490,城区自助设备地点,夷陵区,夷陵区,夷陵区政务服务中心,24小时,宜昌市夷陵区发展大道111号夷陵国际1楼南门,18672661085,公交:乘坐12路、38路、68路、106路、107路在夷陵区市民中心站点下车即到，往夷陵国际方向步行52米即到。,111.355150324734,30.768170201035
491,城区自助设备地点,夷陵区,夷陵区小溪塔街道,夷陵区小溪塔街道便民服务中心,24小时,宜昌市夷陵区集锦路7号,15171785801,公交:乘坐100.68路，在人寿桥站点下车，往集锦路方向，到人寿桥路与集锦路交叉路口即到。,111.32407739816,30.7712843102246
492,城区自助设备地点,夷陵区,夷陵区小溪塔街道兴安社区,夷陵区小溪塔街道兴安社区便民服务站,24小时,宜昌市夷陵区人寿桥路与集锦路交叉路口往西南约50米,13972021060,公交:乘坐100、68路，到BRT兴安站下车，往南方向走50米即到,111.32383050967,30.7711069506161
493,城区自助设备地点,夷陵区,夷陵区小溪塔街道兴安社区,夷陵区小溪塔街道兴安社区-中国农业银行（宜昌支行）,24小时,宜昌市夷陵区明珠路1号,13774191196,公交:乘坐68路、100路在兴安公交站点下车，并直行332米即到；或乘坐62路、66路、108路在夷陵区运管局公交站点下车，并靠右侧直行205米即到。,111.325689497228,30.7732881341572
494,城区自助设备地点,夷陵区,夷陵区小溪塔街道东湖社区,夷陵区小溪塔街道东湖社区-三峡农商银行（东湖支行）,24小时,宜昌市夷陵区东湖路9号(原城东支行）,18671700777,公交:乘坐63路在东湖大道公交站点下车；乘坐68路在兴安公交站点下车或乘坐62路在夷陵区妇幼保健医院公交站点下车，步行前往东湖停车场对面即到。,111.331565942383,30.7776357100225
495,城区自助设备地点,夷陵区,夷陵区东城试验区,夷陵区东城试验区便民服务中心,24小时,宜昌市夷陵区夷兴大道253号,15171228573,公交:乘坐63路公交，至工业园区站下车，往谭家榜方向走50米即到。,111.354975065329,30.7949221244467
496,城区自助设备地点,夷陵区,夷陵区东城试验区绿洲社区,夷陵区东城试验区恒大绿洲社区便民服务站,24小时,宜昌市夷陵区东湖大道117号（恒大绿洲西门绿洲社区居委会）,13886719726,公交:乘坐38路、68路、69路、106路、107路在东湖初中站下车，下车后沿梅子垭路恒大绿洲段下行至恒大绿洲西门旁即到。,111.347365968506,30.7694054155017
497,城区自助设备地点,夷陵区,夷陵区东城试验区锦江社区,夷陵区东城试验区锦江社区便民服务站,24小时,宜昌市夷陵区东湖路47号（夷陵天问学校对面）,13872617758,公交：乘坐 81路、T7在锦江大道东湖大道口公交站点上/下车，天问幼儿园正对面。,111.336744314326,30.7708327613927
498,城区自助设备地点,夷陵区,夷陵区龙泉镇,夷陵区龙泉镇政务服务中心,24小时,宜昌市夷陵区龙泉镇东葛武北路32号,15071721392,公交:乘坐108、66路在龙泉中学站下车，步行公路斜对面即到；乘坐107路至稻花香桥头下车步行到龙泉初中斜对面即到。,111.501360326149,30.7320289627085
499,城区自助设备地点,夷陵区,夷陵区鸦鹊岭镇,夷陵区鸦鹊岭镇便民服务中心,24小时,宜昌市夷陵区鸦鹊岭镇梅林大道102号,13872657815,公交:乘坐109路，在鸦鹊岭镇政府下车，往桔乡大道走50米即到。,111.605224924468,30.6463285967731
500,城区自助设备地点,夷陵区,夷陵区黄花镇,夷陵区黄花镇便民服务中心,24小时,宜昌市夷陵区黄花镇川汉路123号,17354433407,公交:乘坐63路公交至宜保路军田坝路口站下车向小溪塔方向走327米即到。,111.394211073732,30.8648305649469
501,城区自助设备地点,夷陵区,夷陵区黄花镇张家口村,夷陵区黄花镇张家口村便民服务站,24小时,宜昌市夷陵区黄花镇张家口村一组,19908603439,公交:暂无公共交通，请自行前往。,111.29695207515,30.9369130445025
502,城区自助设备地点,夷陵区,夷陵区分乡镇,夷陵区分乡镇便民服务中心,24小时,宜昌市夷陵区分乡镇明珠南路41号,13707203793,暂无公共交通，请自行前往。,111.428958008104,30.9085773568345
503,城区自助设备地点,夷陵区,夷陵区邓村乡,夷陵区邓村乡便民服务中心,24小时,宜昌市夷陵区邓村大道33号（邓村乡政府斜对面）,18871749386,公交:乘坐小溪塔至邓村巴士，在邓村乡便民服务中心下车即到。,110.981613244522,30.9886830194741
504,城区自助设备地点,夷陵区,夷陵区太平溪镇,夷陵区太平溪镇便民服务中心,24小时,宜昌市夷陵区太平溪镇高峡大道140号,15376277888,公交:乘坐小溪塔至太平溪巴士，到刘家河政府门口下车即到。,111.015453311388,30.8539299045787
505,城区自助设备地点,夷陵区,夷陵区三斗坪镇,夷陵区三斗坪镇便民服务中心,24小时,宜昌市夷陵区三斗坪镇黛狮路88号（人民政府院子内）,13581480020,公交:乘坐小溪塔到三斗坪巴士，到三斗坪政府下车即到。,111.080212604756,30.8393297411468
506,城区自助设备地点,夷陵区,夷陵区乐天溪镇,夷陵区乐天溪镇便民服务中心,24小时,宜昌市夷陵区乐天溪镇便民服务中心江峡3路（乐天溪社区对面）,13872535643,乘坐客运班车至朱家湾站下车向东北方向走336米即到。,111.07895147365,30.851684175725
507,城区自助设备地点,夷陵区,夷陵区雾渡河镇,夷陵区雾渡河镇便民服务中心,24小时,宜昌市夷陵区雾渡河镇育才路1号,13264913569,暂无公共交通，请自行前往。,111.215116083869,31.1150976032726
508,城区自助设备地点,夷陵区,夷陵区樟村坪镇殷家坪村,夷陵区樟村坪镇殷家坪村便民服务站,24小时,宜昌市夷陵区富殷路14号（殷家坪村村民委员会）,15090906809,公交:可选择自驾到湖北省宜昌市夷陵区樟村坪镇殷家坪村店子河；乘坐小溪塔至董家河的客运车，在殷家坪村集镇下车，沿店子河路步行8分钟即可。,111.142280035831,31.3060188782444
509,城区自助设备地点,夷陵区,夷陵区下堡坪乡赵勉河村,夷陵区下堡坪乡赵勉河村便民服务站,24小时,宜昌市夷陵区下堡坪乡赵勉河村村委会,18972558259,暂无公共交通，请自行前往。,111.074304090094,31.1165047501727
510,城区自助设备地点,点军区,点军区,点军区政务服务中心,24小时开放,宜昌市点军区江南大道53号,0717-6972167,"公交:乘坐27路公交到湖北省宜昌市点军区政务服务中心站下车，往五龙阳光小区方向步行250米即到。
地铁:无",111.28826896426,30.6829073417358
511,城区自助设备地点,点军区,朱市街社区,三峡农商行（点军支行）,24小时开放,宜昌市江南大道维多利亚港湾三峡农商行点军支行,0717-6672797,公交:乘坐27路公交到朱市街站下车，三峡农商银行柜员机旁。  地铁:无,111.273720277712,30.7015858242197
512,城区自助设备地点,点军区,朱市街社区,农行点军支行营业部,24小时开放,宜昌市点军区江南大道128号,0717-6671836,公交:乘坐27路公交到朱市街站下车，农行点军支行柜员机旁。  地铁:无,111.267831,30.706509
513,城区自助设备地点,点军区,五龙社区,五龙社区便民服务站,周一至周五上午8:30-12:00，下午14:00-17:30（法定节假日除外）,湖北省宜昌市点军区点军街办五龙社区五龙路20号,0717-6869610,公交：乘坐119，532路公交到梅子溪五组站下车右转前行200米即到。 地铁：无,111.273913,30.67979
514,城区自助设备地点,点军区,土城乡,土城乡便民服务中心,周一至周五上午08:30-12:00，下午14:00-17:30（法定节假日除外）,湖北省宜昌市点军区土城乡土城村一组109号,0717-7884244,"公交:乘坐“夷陵广场-车溪”海通客车到湖北省宜昌市点军区土城乡土城集镇下车，往土城乡林业站方向步行300米即到。
地铁:无",111.121081,30.660429
515,城区自助设备地点,点军区,艾家镇,艾家镇便民服务中心,周一至周五上午08:30-12:00，下午14:00-17:30（法定节假日除外）,宜昌市点军区艾家镇集镇7号,0717-7900210,公交:乘坐512路/513路公汽到湖北省宜昌市点军区艾家镇人民政府下车即到。 地铁:无,111.357503,30.628272
516,城区自助设备地点,点军区,桥边镇,桥边镇便民服务中心,周一至周五上午08:30-12:00，下午14:00-17:30（法定节假日除外）,宜昌市点军区桥边镇虎周公路桥边集镇1号,0717-7881042,公交：在夷陵广场乘坐至车溪的公交车，到桥边镇政府前后下车，步行200米左右即到。地铁：无,111.194989,30.68503
517,城区自助设备地点,点军区,桥边镇,电子信息产业园政务服务中心,周一至周五上午08:30-12:00，下午14:00-17:30（法定节假日除外）,宜昌市点军区桥边镇银河路118号百联慧谷A13一楼,0717-6675700,公交:乘坐B552-1路到百联慧谷站下车即到。 地铁:无,111.200423,30.678609
518,城区自助设备地点,猇亭区,猇亭区,湖北省宜昌市猇亭市民之家,"周一至周五上午08:30-12:00,下午14:00-17:00（夏令时：上午08:30-12:00，下午14：30-17:30，法定节假日除外）",湖北省宜昌市猇亭区猇亭大道203号猇亭市民之家,0717-6516000,"公交:乘坐B413、B37、K103、428路到猇亭青年中心站下车即到。
地铁:无",111.445578877709,30.5406872403982
519,城区自助设备地点,猇亭区,六泉湖社区,湖北省宜昌市猇亭区六泉湖社区便民服务站,周一至周五上午08：30-12：00，下午14：00-17：00（夏令时：上午08：30-12：00，下午14：30 -17：30，法定节假日除外）,湖北省宜昌市猇亭区金猇路299号六泉湖社区便民服务站,0717-6512858,公交:乘坐93路到六泉湖社区站下车即可到达，乘坐88路、T5号线到虎牙街道办事处下车，沿金猇路向东步行约100米即可到达,111.465816982205,30.5624618951993
