xh,gl,ml,kl,mc,ywm,sbtz,xx,fb,bwdj,sy,tp
1,哺乳纲,灵长目,猴科,猕猴,Rhesus Monkey,"体长43—55cm,尾长15—24cm。头部呈棕色，颜面瘦削，头顶没有向四周辐射的旋毛。额略突，肩部较短，尾较长。背上部棕灰色或棕黄色，下部橙黄色或橙红色，腹面呈淡灰黄色。四肢均具5指，有扁平的指甲。面部、两耳多为肉色，臀胝发达，多为肉红色。",多栖息在石山峭壁、溪旁沟谷、江河岸边的密林中或疏林岩山上，属群居性动物。繁殖和缺食季节，往往集群分布，活动范围较大。以树叶、嫩枝、野菜等为食，也吃小鸟、鸟蛋和各种昆虫，甚至蚯蚓、蚂蚁。,兴山、稀归、五峰、长阳、宜都、枝江、当阳、远安、夷陵区、宜昌城区。,"国家二级重点保护野生动物，CITES附录Ⅱ,IUCN等级属易危。",张明涛,https://data.yichang.gov.cn/karma/pic/b956f3e2-156f-4345-aedd-5268c4e8b6ef.jpeg
2,哺乳纲,灵长目,猴科,藏酋猴,Tibetan Macaque,"体长52—70cm,尾长6—7cm,体型粗壮，头大，耳小，有颊囊，成体两颊和额下有一圈髭毛呈须状。颜面随年龄不同而异色，性成熟时呈鲜红色，进入老年时变为紫色、肉色、黑色。雄猴头部深棕色，背部棕褐色，腹面及四肢内侧淡黄色，四肢外侧及手、脚的背面棕色。",活动于深山的阔叶林、针阔叶混交林或稀树多岩的地方。喜群栖，由20—30只组成，大群可达百余只，每群有2或3只成年雄猴为首领。喜在地面活动，在崖壁缝隙、陡崖或大树上过夜。以多种植物的叶、芽、果、枝及竹笋为食，亦食鸟及鸟卵、昆虫等动物性食物。,五峰。,"国家二级重点保护野生动物，CITES附录Ⅱ,IUCN等级属易危。",洪子波,https://data.yichang.gov.cn/karma/pic/4ff5ddbf-eeac-4b67-87a2-5eac1c7c80f1.jpeg
3,哺乳纲,灵长目,猴科,川金丝猴,Sichuan Snub-nosed Monkey,体长平均68cm，尾长平均68.5cm，为体型中等的猴类。头圆，耳短，鼻孔向上仰，颜面部为蓝色，无颊囊。颊部及颈侧棕红，肩背具长毛，色泽金黄，尾与体等长或更长。,常年栖息于海拔1500—3300m的原始森林和次生林中。树栖，很少下地，白天活动，群栖生活。以植物性食物为主，多以树木的嫩叶、幼芽和花序为食；秋季偶尔捕食幼鸟、鸟蛋和昆虫等。,兴山。,国家一级重点保护野生动物，CITES附录Ⅰ，IUCN等级属易危。,舒仁庆,https://data.yichang.gov.cn/karma/pic/669d2120-3e52-4a90-a42c-6cdd42cb778d.jpeg
4,哺乳纲,鳞甲目,鲮鲤科,中华穿山甲,Chinese  Pangolin,体长42—92cm，尾长28—35cm。体披鳞甲，吻细长，脑颅大，呈圆锥形。形体狭长，四肢粗短，尾扁平而长，背面略隆起。攀附蜷曲有力，平时走路掌背着地，受惊蜷成球状。颌颊、耳眼、胸腹直至尾基，以及四肢内侧均无鳞，但有稀毛。,栖息于阔叶林、针叶林、竹林、草原和农田等各种生境。喜炎热，能爬树，能在泥土中挖深2—4m、直径20—30cm的洞。以长舌舐食蚁、蜜蜂或其他昆虫为食。,五峰。,国家一级重点保护野生动物，CITES附录Ⅱ，IUCN等级属极危。,李风,https://data.yichang.gov.cn/karma/pic/b16c5e76-5d69-4f41-8b76-5958df33dee5.jpeg
5,哺乳纲,食肉目,犬科,狼,Gray wolf,体长100—140cm。四肢修长，趾行性，利于快速奔跑。头腭尖形，颜面部长，鼻端突出，耳尖且直立。犬齿及裂齿发达，上臼齿具明显齿尖，下臼齿内侧具一小齿尖及后跟尖，臼齿齿冠直径大于外侧门齿高度。毛粗而长。前足4—5趾，后足一般4趾。爪粗而钝，不能或略能伸缩。,是食肉目中分布最为广泛的动物，即使在所有哺乳动物中，其分布范围也仅仅小于人和其他少数几种啮齿类动物。在北半球的部分地区，包括草原、苔原、针叶林和落叶林、沼泽和沙漠中，都有它们的身影。,历史文献记载，无观测记录。,国家二级重点保护野生动物，CITES附录Ⅱ，IUCN等级属近危。,郭莎,https://data.yichang.gov.cn/karma/pic/284fa39d-0a72-4502-9847-89f6282a0177.jpeg
6,哺乳纲,食肉目,犬科,豺,Dhole,体长85—130cm，尾长45—50cm。外形与狗相近，吻较狼短而头较宽，耳短而圆，身躯较狼为短。四肢较短，尾比狼略长，但不超过体长的一半。其毛长而密，略似狐尾。背毛红棕色，毛尖黑色，腹毛较浅淡。下臼齿每侧仅2枚。,栖息于山区、丘陵等地。活动于草坡、灌木丛。性凶残，喜群居，多由较为强壮而狡猾的“头领”带领一个或几个家族临时聚集而成，少则2—3只，多时10—30只。常晨昏觅食，多集群围捕麂和鹿。,历史文献记载，无观测记录。,国家一级重点保护野生动物，CITES附录Ⅱ，IUCN等级属濒危。,田耀平,https://data.yichang.gov.cn/karma/pic/e8d17a8c-bf47-4364-8a66-d1a73f615274.jpeg
7,哺乳纲,食肉目,犬科,貉,raccoon dog,"体长40—60cm。外形似狐，前额和鼻吻部白色，眼周黑色。颊部覆有蓬松的长毛，形成环状领。背的前部有一交叉形图案。胸部、腿和足暗褐色，背部和尾部的毛尖黑色，尾长小于头体长的33%,且覆有蓬松的毛。背毛浅棕灰色，混有黑色毛尖。",栖息于阔叶林中开阔且接近水源的地方，或开阔草甸、茂密的灌丛带和芦苇地。取食小动物，包括啮齿动物，小鸟、蟹、昆虫等，也食浆果、真菌等植物性食料。常居于其他动物的废弃旧洞，或营巢于石隙、树洞里。,当阳、夷陵区、枝江。,国家二级重点保护野生动物，CITES未记录，IUCN等级属近危。,李风,https://data.yichang.gov.cn/karma/pic/91d19fa6-929e-43a9-93db-4f0287665721.jpeg
8,哺乳纲,食肉目,犬科,赤狐,Red Fox,体长60—70cm。体形纤长，吻尖而长，鼻骨细长，额骨前部平缓，中间有一狭沟。耳较太，高而尖，直立。四肢较短，尾较长，略超过体长之半。尾形粗大，覆毛长而遵松。躯体覆有长的针毛，冬毛具丰厚的底绒。耳背上半部黑色，与头部毛色明显不同，尾梢白色。,主要以鼠、黄鼠等各种野鼠和野兔为主要食物，也吃蛙、鱼、鸟、鸟蛋、昆虫等。栖息环境非常多样，如森林、草原、荒漠、高山、丘陵、平原及村庄附近，甚至城郊，皆可栖息。,五峰,国家二级重点保护野生动物，CITES未记录，IUCN等级属近危。,拍信文创,https://data.yichang.gov.cn/karma/pic/6643fbb9-1d73-4d25-a7e5-89be8d8d1a3d.jpeg
9,哺乳纲,食肉目,熊科,亚洲黑熊,Asiatic Black Bear,体长55—120 cm，尾长7—8cm。身体粗壮，头部宽圆，吻较短。体毛黑亮而长，下颌白色，胸部有一块“V”字形白斑。鼻端裸露，足垫厚实，前后足具5趾，爪尖锐不能伸缩，前足爪长于后足爪。,林栖动物，主要栖息于阔叶林和针阔混交林中。杂食性动物，以植物性食物为主，包括各种植物的叶、芽、果实、根及菇类，也会捕食虾、蟹、鱼、鸟和啮齿类动物等，还会挖掘蚁窝和蜂巢。,兴山、五峰、宜都、长阳。,国家二级重点保护野生动物，CITES附录Ⅰ，IUCN等级属易危。,拍信文创,https://data.yichang.gov.cn/karma/pic/224e09bf-2eba-45ec-9f7e-515ab4279b5c.jpeg
10,哺乳纲,食肉目,鼬科,欧亚水獭,Eurasian Otter,体长56—80cm，尾长30—40cm。头宽扁，眼耳都小。体表有又粗又密的针毛，背部为暗褐色，腹部呈淡棕色。喉、颈、胸部近白色。上唇为白色，喙角生有发达的触须，四肢粗短，趾爪长而稍锐利。尾长而扁平，基部粗，至尾端渐渐变细。,属于半水栖动物，栖居在水流较缓、水生植物贫乏而鱼类较多的河流、沼泽、池塘、湖泊等淡水水域，或是两岸林木繁茂的小溪，有时也栖息在竹林、草灌丛中。以鱼为主食，也捕食蟹、蛙、蛇、水禽等各种小型动物。,五峰。,国家二级重点保护野生动物，CITES附录Ⅱ，IUCN等级属濒危。,拍信文创,https://data.yichang.gov.cn/karma/pic/02da438b-6829-4328-ad13-319aa647cfd4.jpeg
11,哺乳纲,食肉目,鼬科,黄喉貂,Yellow-throated Marten,体长40—60cm，尾长7—8cm，为貂类中个头最大的一种。因前胸部具有明显的黄橙色喉斑而得名，体毛短而稀疏，尾毛不蓬松。吻部到头顶、颈、背、尾部及四肢为暗棕色或黑褐色。耳短圆，体型细长，头略呈三角形。四肢短，但强健有力，各有5个趾。,栖息于丘陵、山区等林地，低至河谷灌丛，高至海拔3000m的针叶林。善于攀援树木陡岩，常住在树洞中，行动敏捷。捕食蛙、鸟、鼠等，也取食蜂蛮和野果。,兴山、五峰。,国家二级重点保护野生动物，CITES附录Ⅲ，IUCN等级属近危。,图虫创意,https://data.yichang.gov.cn/karma/pic/ee3934f5-fb2b-49a8-b8f6-bb9152877b8e.jpeg
12,哺乳纲,食肉目,灵猫科,大灵猫,Large Indian Civet,体长67—83cm，尾长40—50cm，大小与家犬相似。头略尖，耳小，额部较宽阔，吻部较尖。耳基下部至喉颈部黑褐色，中间有两条宽的白色或淡黄色横纹。肩、背、腰部黑褐色，肩部浅褐色，两肩中央及背脊有黑色鬃毛。胸部、腋部灰褐色，腹部、鼠鼷部灰白色，具黑白相间的闭锁环纹，尾端黑色。,主要生活在海拔2100m以下的山丘或高山深谷地区、林缘茂密的灌木丛或草丛生境。多单独活动，昼伏夜出，多以灌丛、草丛、土穴、岩洞、树洞作为巢穴。食性广，以动物性食物为主，包括小型脊椎动物及大型昆虫，也吃植物果实等。,历史文献记载，无观测记录。,国家一级重点保护野生动物，CITES附录Ⅲ，IUCN等级属易危。,图虫创意,https://data.yichang.gov.cn/karma/pic/4d7d9169-7b7f-4476-9559-f3d72d663eee.jpeg
13,哺乳纲,食肉目,灵猫科,小灵猫,Small Indian Civet,"成体体长48—58cm,比家猫略大。头、体、尾较细长，吻部尖，额部狭窄，四肢细短。全身毛以棕黄色为主，唇白色，眼下、耳后棕黑色。背部有5条连续或间断的黑褐色纵纹，具不规则斑点。腹部棕灰，四脚乌黑。尾部有7—9个深褐色环纹。",栖息于多林山地，一般在石堆、墓穴、树洞中筑巢。以夜行性为主，善于攀援，多在巢穴附近活动。喜欢独居，相遇时经常互相撕咬。杂食性，以昆虫、蛙、蛇、小兽和野果为食。,夷陵区、长阳、点军区、兴山。,"国家一级重点保护野生动物，CITES附录Ⅲ,IUCN等级属易危。",舒仁庆,https://data.yichang.gov.cn/karma/pic/fc20f031-6f73-418d-8a58-63aa3b62a65e.jpeg
14,哺乳纲,食肉目,猫科,金猫,Asiatic Golden Cat,体长75—100cm，尾长34—56cm，体型比家猫大2-3倍。头部棕色，两眼内角各有一条白色或黄白色纹，至头顶转为红棕色；颈的腹面为白色；肩、背、腰深棕色，并具纵行黑褐纵纹、斑点，直至尾部；臀部黄色，具褐色斑点；四肢上部有斑点。体色多样，至少有3类色型，即红色金猫、灰色金猫、黑金猫。,栖息于山地各种森林中，从湿润的常绿林到海拔3000m左右的干旱针阔混交林或针叶林都可见金猫活动，也偶见于灌丛和草地。常单独生活，白天栖于树上洞穴内，夜间下地活动。能捕食黄麂、毛冠鹿、麝等偶蹄类，但主要以各种体型较大的啮齿类动物为食，也捕食较大的雉科鸟类、野兔等动物。,兴山。,国家一级重点保护野生动物，CITES附录I，IUCN等级属极危。,拍信文创,https://data.yichang.gov.cn/karma/pic/9df2cdbc-0e20-40ab-a9de-0e439a51d69e.jpeg
15,哺乳纲,食肉目,猫科,豹猫,Leopard Cat,体长30—60cm。体型似家猫，但腿更加纤细且长，身上斑点很像中国的铜钱。南方种的豹猫毛色基调是淡褐色或浅黄色，而北方的毛色基调显得更灰，且周身有深色的斑点。体侧有斑点，但从不连成垂直的条纹。明显的白色条纹从鼻子一直延伸到两眼间，常到头顶。耳大而尖，耳后黑色，带有白斑点。内侧眼角到鼻部有一条白色条纹，鼻吻部白色。,主要以鼠类、松鼠、飞鼠、兔类、蛙类、蜥蜴、蛇类、小型鸟类、昆虫等为食，栖息于山地林区、郊野灌丛和林缘村寨附近。分布的海拔高度可从低海拔海岸带一直到海拔3000m的高山林区。,五峰、长阳、兴山、夷陵区、点军区、当阳。,"国家二级重点保护野生动物，CITES附录Ⅲ,CITES等级属易危。",拍信文创,https://data.yichang.gov.cn/karma/pic/304530c4-ac80-4766-9d77-ce4fb28e9d8c.jpeg
16,哺乳纲,食肉目,猫科,豹,Leopard,体长1—1.5m，尾长0.75—0.85m。头圆、耳短，四胶强健有力，爪锐利且伸缩性强。毛色棕黄，遍布黑色班点和环纹，形成古钱状斑纹，故被称为“金钱豹”。其背部颜色较深，膜部为乳白色。,栖息于森林、灌丛、湿地、荒漠等多种生境里，其巢穴多筑于浓密树丛、灌丛和岩洞中。独居生活，常夜间活动，白天在树上或岩洞中休息。捕食猴、免、鼠、鸟和鱼；秋季也采食甜味的浆果。,长阳、五峰。,国家一级重点保护野生动物，CITES附录I，IUCN等级属演危。,图虫创意,https://data.yichang.gov.cn/karma/pic/c774540e-2061-49b9-9e9f-8d54ed057745.jpeg
17,哺乳纲,食肉目,猫科,虎,South China Tiger,体长160—290cm，尾长80—100cm。大型食肉动物，头圆大，颈粗短，耳短，四肢粗大有力。通体橙黄色，颊白色，上有3道黑色竖纹。眼上方一白色区内有3条黑纹。胸、腹白色或浅黄色。尾的腹面白色，尾有黑色环纹。,主要栖息于阔叶林、混交林和浓密的灌丛山地。性凶猛，昼伏夜出，多在山林间游荡寻食。主要捕食野猪、马鹿、水鹿、麝、麂等有蹄类动物，偶尔捕食野禽。,五峰。,国家一级重点保护野生动物，CITES附录I，IUCN等级属极危。,拍信文创,https://data.yichang.gov.cn/karma/pic/9be8745b-9c87-4244-8231-e833526b26d6.jpeg
18,哺乳纲,食肉目,猫科,云豹,Clouded Leopard,"体长70—110cm,尾长70—90cm,雄性略大于雌性。全身黄褐色，体侧有对称的深色大块云状斑纹，周缘近黑色，而中心暗黄色，状如龟背饰纹，故有“龟纹豹”之称，易区别于其他豹类。尾毛与背部同色，尾端有数个不完整的黑环，端部黑色。",栖息于海拔2800—3200m的阔叶林和针阔混交林。性凶猛，善攀援，活动和睡眠主要在树上。喜群居，晨昏活动。以禽类和小型兽类为食。,长阳、五峰。,"国家一级重点保护野生动物，CITES附录I,IUCN等级属极危。",拍信文创,https://data.yichang.gov.cn/karma/pic/5bbc506a-5d7f-4752-9be8-062c045f6464.jpeg
19,哺乳纲,鲸偶蹄目,麝科,林麝,Forest Musk Deer,体长约70cm。雄麝上犬齿发达，向后下方弯曲，伸出唇外。腹部生殖器前有麝香囊，尾粗短，尾脂腺发达。四肢细长，后肢长于前肢。体毛粗硬，色深，呈橄榄褐色，并杂以橘红色。下颌、喉部、颈下至前胸为界限分明的白色或橘黄色区。臀部毛色近黑色，成体不具斑点。,主要栖息于针阔混交林，也适于在针叶林和郁闭度较差的阔叶林生境生活。栖息地海拔高度可达2000—3800m，在低海拔环境也能生存，随气候和食物的变化垂直迁移。喜独居生活，嗅觉灵敏，行动轻快敏捷。食物多以灌木的嫩枝叶为主。,五峰、长阳、兴山、夷陵区。,国家一级重点保护野生动物，CITES附录Ⅱ，IUCN等级属极危。,大老岭自然保护区红外相机拍摄,https://data.yichang.gov.cn/karma/pic/50511caa-1a2c-4ba6-b9ba-8b0e7d261104.jpeg
20,哺乳纲,鲸偶蹄目,鹿科,梅花鹿,Sika Deer,"成体体长105—170cm,尾长13—18cm。成体和幼体夏毛棕褐色，散有白色斑点，且斑点夏毛清晰，冬毛模糊。角4叉，第2叉紧靠眉叉。白色臀斑明显。",栖息于针阔叶混交林的林间或林缘耕作带残存的灌丛、草坡。以青草、嫩树叶为食。,兴山(大巴山区不是梅花鹿自然分布区，上世纪八十年代神农架引进过梅花鹿，在兴山观察到的梅花鹿是否神农架养殖逃逸部分，有待研究监测。),"国家一级重点保护野生动物，CITES附录Ⅲ,IUCN等级属极危。",李风,https://data.yichang.gov.cn/karma/pic/f55c63f8-a7d5-4a50-83d7-5834c684b1ad.jpeg
21,哺乳纲,鲸偶蹄目,鹿科,毛冠鹿,Tufted Deer,体长90cm左右。鼻端裸露，眼较小，无额腺，眶下腺特别显著。耳较圆阔。额部有一簇马蹄形的黑色长毛，故称“毛冠鹿”。雄鹿有角，角极短，长度仅1cm左右，且角冠不分叉，尖略向下弯，隐藏在额顶上的一簇长的黑毛丛中；雌鹿无角。,草食性，喜食蔷薇科、百合科和杜鹃花科的植物枝叶。栖居在山区的丘陵地带，以及繁茂的竹林、竹阔混交林和茅草坡等处，不喜潮湿，春季过后多在较高的山上避暑，冬季则下到低山朝阳处避寒。,五峰、长阳、兴山、秭归、夷陵区、宜都。,国家二级重点保护野生动物，CITES等级未记录，IUCN等级属易危。,田耀平,https://data.yichang.gov.cn/karma/pic/e11c83d0-0423-4da9-89a0-d2a99b299b88.jpeg
22,哺乳纲,鲸偶蹄目,牛科,中华斑羚,Chinese Goral,体长100cm左右，外形似家养的山羊，但身体粗壮，四肢也粗短，蹄狭窄，吻鼻端裸露的面积较大，向后伸到鼻孔的后角。耳窄而直立。眶下腺退化，在此处有一小块裸皮。雌雄均具黑色角，角较细短，向后上方斜向伸出，略向后弯曲，两角基部十分靠近。,栖息环境多样，从亚热带至北温带地区均有分布，可见于山地针叶林、山地针阔叶混交林和山地常绿阔叶林中。主要以各种青草、灌木的嫩枝叶、果实和苔藓等为食。,五峰、长阳、兴山、秭归、夷陵区。,国家二级重点保护野生动物，CITES附录I，IUCN等级属易危。,图虫创意,https://data.yichang.gov.cn/karma/pic/28e41097-4fdf-4638-ab17-204f8d7a4da0.jpeg
23,哺乳纲,鲸偶蹄目,牛科,中华鬣羚,Chinese serow,体长约140—170cm，全身被毛以黑褐色为主，稀疏而粗硬，杂以灰褐色，毛干基部黑色，末端色浅，颈部有白色长毛，四肢由赤褐色向下转为黄褐色。角的基部粗壮，有横棱和轻微的曲线，尖端变细。角像鹿而不是鹿，蹄像牛而不是牛，头像羊而不是羊，耳朵像驴而不是驴，所以又被称为“四不像”。,主要以各种杂草、青草、树木嫩枝、叶、芽、落果和菌类、松萝等为食。常活动于海拔1000—4400m的针阔混交林、针叶林或多岩石的杂灌林。,五峰、长阳、兴山、秭归、夷陵区、宜都。,国家二级重点保护野生动物，CITES附录I，IUCN等级属易危。,大老岭自然保护区红外相机拍摄,https://data.yichang.gov.cn/karma/pic/60f38a2e-a488-4f6b-ac41-1b64524a19b9.jpeg
24,哺乳纲,鲸偶蹄目,鼠海豚科,长江江豚,Yangtze Porpoise,体长120—180cm。头部圆，无喙，体呈纺锤形。体背面有一个大小和形状不同的疣粒区。头骨的上颌骨狭长，两上颌骨的内缘接近平行。全身为蓝灰色或瓦灰色，腹部颜色浅亮，唇部和喉部为黄灰色，腹部有一些形状不规则的灰色斑。,常出没在咸淡水交汇的水域，支流河口或湖口与长江交汇处。性情活泼，常在水中上游下窜，以青鳞鱼、玉筋鱼、鳗鱼、鲈鱼、鳗鱼、大银鱼等鱼类和虾、乌贼等为食。,长江宜昌段。,国家一级重点保护野生动物，CITES附录I，IUCN等级属极危。,雷吉平,https://data.yichang.gov.cn/karma/pic/66364d0e-b18a-48ca-bd93-bbe1d988c6f0.jpeg
25,鸟纲,鸡形目,雉科,红腹角雉,Temminck's Tragopan,"成鸟体长40—60cm,雄鸟通体绯红色，脸部裸露，皮肤蓝色，上体满布灰色而具黑色边缘的点斑，下体具大块的浅灰色鳞状斑。雌鸟上体灰褐色，下体淡黄色，杂以黑、棕、白斑，尾羽栗褐色，有黑色和淡棕色的横斑。",主要栖息于海拔1600—3000m的冷杉、赤桦等林中，隐匿于稠密的杜鹃、箭竹林间或密被苔藓的树上。多单独活动，主要以乔木、灌木、竹，以及草本植物和蕨类植物的嫩叶、幼芽、嫩枝、花序、果实和种子为食，也吃昆虫和蚯蚓。,五峰、长阳、兴山、秭归、远安、夷陵区。,国家二级重点保护野生动物，CITES未记录，IUCN等级属近危。,图虫创意,https://data.yichang.gov.cn/karma/pic/dc5cd54d-2408-46a6-acd0-85dcc2878d75.jpeg
26,鸟纲,鸡形目,雉科,勺鸡,Koklass Pheasant,成鸟体长40—63cm。雄鸟头顶及冠羽近灰色，喉、宽阔的眼线、枕及耳羽束金属绿色，颈侧白色，上背皮黄色，胸栗色，其他部位的体羽为长的白色羽毛上具黑色矛状纹。雌鸟体型较小，具冠羽，但无长的耳羽束，体羽图纹与雄鸟同。,以植物根、果实及种子为主食。栖息于海拔1500—4000m处的松林及针阔叶混交林中，特别喜欢在高低不平而密生灌丛生的多岩坡地活动。,夷陵区。,国家二级重点保护野生动物，CITES附录Ⅲ，IUCN等级属无危。,竺宝英,https://data.yichang.gov.cn/karma/pic/aa8fce82-5719-43f9-89fe-a0919c754be4.jpeg
27,鸟纲,鸡形目,雉科,白冠长尾雉,Reeve's Pheasant,成鸟体长67—160cm。雄鸟头顶、颏、喉和颈白色，眼下有白斑，额、眼先、眼区、颊、耳区及后头等均黑色，形成一圈围着头顶的环带。雌鸟体型较小，头顶及后颈大部暗栗褐色，各羽中央黑色，额、眉、头侧、颏、喉及围绕颈部的一圈淡棕黄色。,主要栖息在海拔400—1500m的山地森林中。主要以植物果实、种子、幼芽、嫩叶、花、块茎、块根、农作物幼苗和谷粒为食，也吃鞘翅目和鳞翅目昆虫、蜗牛、蚱蜢等动物性食物。,兴山。,"国家一级重点保护野生动物，CITES附录Ⅱ,IUCN等级属濒危。",杜俊,https://data.yichang.gov.cn/karma/pic/684011fe-c001-447b-911f-4322218ed768.jpeg
28,鸟纲,鸡形目,雉科,红腹锦鸡,Golden Pheasant,成鸟体长59—110cm左右。头顶及背有耀眼的金色丝状羽，枕部披风为金色并具黑色条纹。上背金属绿色，下体绯红。翼为金属蓝色，尾长而弯曲，中央尾羽近黑而具皮黄色点斑，其余部位黄褐色。雌鸟体型较小，为黄褐色，上体密布黑色带斑，下体淡皮黄色。,杂食性，以食植物为主，主要取食蕨类植物、豆科植物、草籽，亦取食麦叶、大豆等作物。栖息于山地常绿阔叶林、针阔叶混交林和针叶林中，也栖息于林缘灌丛、草丛和矮竹林间，冬季到农田附近觅食。夜晚栖于树冠隐蔽处，白天下树在地上活动。,宜昌各县市区。,国家二级重点保护野生动物，CITES未记录，IUCN等级属无危。,李风,https://data.yichang.gov.cn/karma/pic/699e0787-b888-47be-ba96-78bf70e8a048.jpeg
29,鸟纲,雁形目,鸭科,小白额雁,Lesser White-fronted Goose,成鸟体长60cm左右。体型较白额雁小，颈粗短，嘴细小，额上白斑比白额雁大，眼圈金黄色。,以植物芽苞、嫩叶和嫩草为食。晚上多在水中栖息过夜，白天则成群飞到苔原、草地上觅食。善于在地上行走，且奔跑迅速。,长江宜昌段。,国家二级重点保护野生动物，CITES未记录，IUCN等级属易危。,李风,https://data.yichang.gov.cn/karma/pic/09da9322-6d89-45a5-af0c-e6f89120f791.jpeg
30,鸟纲,雁形目,鸭科,白额雁,Greater White-fronted Goose,成鸟体长80cm左右。上体大多灰褐色，从上嘴基部至额有一宽阔白斑；下体白色，杂有黑色块斑。其与小白额雁的区别在于无金黄色眼圈，且腹部黑斑更大。,以植物性食物为食，夏季主要吃马尾草、棉花草等苔原植物；冬季主要以水边植物，如芦苇、三棱草，以及其他植物的嫩芽和根、茎，也吃农作物幼苗。在陆地的时间通常较在水中的时间长，有时仅是为了喝水才到水中。在中国为冬候鸟。,长江宜昌段。,国家二级重点保护野生动物，CITES未记录，IUCN等级属无危。,舒仁庆,https://data.yichang.gov.cn/karma/pic/e6c6e491-42b0-4d7e-85c2-4d1d3f438077.jpeg
31,鸟纲,雁形目,鸭科,鸿雁,Swan Goose,成鸟体长88cm左右。嘴黑色，体色浅灰褐色，头顶到后颈暗棕褐色，前颈近白色。鸿雁雌雄相似，但雌鸟体型略小，两翅较短，嘴基疣状突亦不明显。,以各种草本植物的叶、芽，包括陆生植物和水生植物、芦苇、藻类等植物性食物为食，性喜结群，常成群活动，特别是在迁徙季节，常集成数十、数百，甚至上千只的大群，每年10月至11月迁徙季节在长江上空可见。,枝江、宜都、当阳。,国家二级重点保护野生动物，CITES未记录，IUCN等级属易危。,李风,https://data.yichang.gov.cn/karma/pic/035bdcd3-505f-46d2-abcd-355ca2f9eef7.jpeg
32,鸟纲,雁形目,鸭科,小天鹅,Tundra Swan,成鸟体长130cm左右。全身纯白羽毛，长脖颈，黑色脚和蹼，嘴前端黑色，上嘴基部黄色部分面积较小，未到鼻孔下。幼鸟全身灰褐色，嘴基部粉红色。,以水生植物的叶、根、茎和种子等为食，也吃少量螺类、软体动物、水生昆虫和其他小型水生动物，有时还吃农作物的种子、幼苗和粮食。栖息在多芦苇、蒲草和其他水生植物的大型湖泊、水库、水塘与河湾等地方，也出现在湿草地和水淹平原、沼泽、海滩及河口地带。,当阳、枝江、宜都。,国家二级重点保护野生动物，CITES未记录，IUCN等级属无危。,李风,https://data.yichang.gov.cn/karma/pic/1ba950ba-516c-4597-abaa-eadabc00bcdb.jpeg
33,鸟纲,雁形目,鸭科,大天鹅,Whooper Swan,成鸟体长150cm左右。全身纯白羽毛，长脖颈，黑色脚和蹼，嘴黑色，上嘴基部黄色向前延伸到鼻孔之下，嘴上黄色的面积超过黑色。幼鸟全身灰褐色，嘴基部粉红色，嘴端黑色。,以水生植物的叶、根、茎和种子等为食，也吃少量螺类、软体动物。喜集群，警惕性极高，活动和栖息时远离岸边，游泳亦多在开阔的水域，甚至晚上亦栖息在离岸较远的水中。,宜昌长江段。,国家二级重点保护野生动物，CITES未记录，IUCN等级属无危。,李风,https://data.yichang.gov.cn/karma/pic/c56e7495-4a43-4159-ad77-26cd9308c215.jpeg
34,鸟纲,雁形目,鸭科,鸳鸯,Mandarin Duck,成鸟体长40cm左右。雌雄异色，雄鸟嘴红色，脚橙黄色，羽色鲜艳而华丽，头具艳丽的冠羽，眼后有宽阔的白色眉纹，翅上有一对栗黄色扇状直立羽。雌鸟嘴黑色，脚橙黄色，头和整个上体灰褐色，眼周白色，其后连一细的白色眉纹。,以青草、草叶、树叶、草根、草籽、苔藓等植物为食。常成群活动，特别是迁徙季节和冬季，集群多达50—60只，有时达近百只。善游泳和潜水，除在水上活动外，也常到陆地上活动和觅食。性机警，遇人或其他惊扰立即起飞。,远安、兴山、当阳、五峰。,国家二级重点保护野生动物，CITES未记录，IUCN等级属无危。,李风,https://data.yichang.gov.cn/karma/pic/728c88d1-3143-4046-9bc7-58b931187d74.jpeg
35,鸟纲,雁形目,鸭科,棉凫,Cotton Pygmy Goose,是鸭科中体型最瘦小的水鸭，羽毛主要呈白色。头圆，脚短，鸭喙很像鹅的喙，短而底部较深。在繁殖期，雄性棉凫毛色泛黑绿色光泽，头部、颈部及下身主要呈白色。飞行时，雄鸟双翼呈绿色并有白带，雌鸟羽色较淡。在非繁殖期间，雄鸟的羽毛与雌性的相似。,常成对或成几只至20多只的小群活动。通常多数时间在水中生活，一般不上岸活动，但有时会爬到突出于水面的树椿或其他物体上。主要以水生植物和陆生植物的嫩芽、嫩叶、根等为食，也吃水生昆虫、蠕虫、蜗牛、软体动物、甲壳类动物和小鱼等。,枝江。,国家二级重点保护野生动物，CITES未记录，IUCN等级属无危。,舒仁庆,https://data.yichang.gov.cn/karma/pic/43761f03-e9c1-4931-b8cc-04bd972574c1.jpeg
36,鸟纲,雁形目,鸭科,花脸鸭,Baikal Teal,体长30—40cm。雄鸭繁殖羽极为艳丽，特别是脸部由黄、绿、黑、白等多种色彩组成的花斑极为醒目。胸侧和尾基两侧各有一条垂直白带，可以明显区别于其他野鸭。雄鸭非繁殖羽似雌鸭。,主要以轮叶藻、柳叶藻、菱角、水草等各类水生植物的芽、嫩叶、果实和种子为食。喜欢集群活动，特别是冬季常集成大群，也常和其他鸭混群。,夷陵区、枝江。,国家二级重点保护野生动物，CITES附录Ⅱ，IUCN等级属无危。,李风,https://data.yichang.gov.cn/karma/pic/25ed3ca3-4af5-42c8-9916-00d0844ec0bb.jpeg
37,鸟纲,雁形目,鸭科,青头潜鸭,Baer's Pochard,成鸟体长40—50cm。胸深褐，腹部及两肋白色，翼下羽及二级飞羽白色，飞行时可见黑色翼缘。繁殖期雄鸟头亮绿色，偏黑。雌鸟头颈黑褐色，头侧、颈侧棕褐色，眼先与嘴基之间有一栗红色近似圆形斑，眼褐色或淡黄色。颌部有一三角形白色小斑。,以各种水草的根、叶、茎和种子等为食，也吃软体动物、水生昆虫、甲壳类动物、蛙等动物性食物。多栖息在大的湖泊、江河、海湾、河口、水塘和沿海沼泽地带，不喜欢水流湍急的河流。常成对或成小群活动在水边水生植物丛中或附近水面上。,枝江、当阳。,国家一级重点保护野生动物，CITES未记录，IUCN等级属极危。,拍信文创,https://data.yichang.gov.cn/karma/pic/bb5cbb67-5a4a-4ca2-b6a7-c576e61badca.jpeg
38,鸟纲,雁形目,鸭科,白秋沙鸭,Smew,又名斑头秋沙鸭，成鸟体长40cm左右。雄鸟体羽以黑白色为主，眼周、枕部、背黑色，腰和尾灰色，两翅灰黑色。雌鸟上体黑褐色，下体白色，头顶栗色。,以小型鱼类、甲壳类、贝类、水生昆虫石蚕等无脊椎动物为食。潜水觅食，白天觅食活动，夜晚栖于芦苇丛或树洞中休息。在宜昌为冬候鸟。,枝江、当阳。,国家二级重点保护野生动物，CITES未记录，IUCN等级属无危。,拍信文创,https://data.yichang.gov.cn/karma/pic/f47a66e4-da00-4a5a-83ae-66852b4804fe.jpeg
39,鸟纲,雁形目,鸭科,中华秋沙鸭,Mergus squamatus,成鸟体长54—63cm。嘴长而窄，呈红色。鼻孔位于嘴峰中部，羽冠长而明显，成双冠状。雄鸟的头、上背及肩羽黑色。下背、腰和尾上覆羽白色，杂以黑色斑纹。两胁的羽毛上所具黑色鳞纹是中华秋沙鸭最醒目的特征，所以其早先的名字叫鳞胁秋沙鸭。,成对或以家庭为群，常成3—5只小群活动，主食鱼类、石蚕科的蛾及甲虫等。潜水捕食鱼类。性机警，稍有惊动就昂首缩颈不动，随即起飞或急剧游至隐蔽处。,当阳、宜都、远安。,国家一级重点保护野生动物，CITES未记录，IUCN等级属濒危。,舒仁庆,https://data.yichang.gov.cn/karma/pic/a20fcd1d-53d4-4da0-a58d-62d4178fa63b.jpeg
40,鸟纲,雁形目,鸭科,白头硬尾鸭,White-headed Duck,成鸟体长40—50cm。尾硬而上翘或贴于水面。头黑白两色。雄鸟头白，顶及领黑，繁殖期嘴蓝色。雌鸟及雏鸟头部深灰。偶有第一春的雄鸟头全黑，嘴基明显膨大。白头硬尾鸭在中国是非常罕见的鸟类。,主要以眼子菜、水草等水生植物为食，也吃昆虫幼虫、小鱼、蛙、甲壳类动物、软体动物、蠕虫等水生动物。繁殖期主要栖息于开阔平原地区的淡水湖泊，尤其是紧靠大湖泊附近的浅水小湖和水塘。,历史文献记载，无观测记录。,国家一级重点保护野生动物，CITES附录Ⅱ，IUCN等级属濒危。,拍信文创,https://data.yichang.gov.cn/karma/pic/3ebe7e78-7510-42c4-a932-06e6d66592b5.jpeg
41,鸟纲,䴙䴘目,䴙䴘科,黑颈䴙䴘,Black-necked Grebe,成鸟体长25—30cm。虹膜红色，嘴黑色。夏羽头、颈和上体黑色，眼后有一簇呈扇形散开、像头发一样的丝状饰羽，基部棕红色，逐渐变为金黄色。冬羽额、头顶、枕、后颈至背石板黑色，微缀褐色光泽；颏、喉、颊及后头两侧白色，前颈暗褐色；腰中部黑色，腰侧和尾部白色，且具黑色羽尖。,潜水觅食，以昆虫及其幼虫、各种小鱼、蛙、蝌蚪、蠕虫以及甲壳类动物和软体动物为食。通常成对或成小群在开阔水面活动。繁殖期则多在挺水植物丛中或附近水域中活动，遇人则躲入水草丛。,枝江。,国家二级重点保护野生动物，CITES未记录，IUCN等级属无危。,拍信文创,https://data.yichang.gov.cn/karma/pic/b8650579-5177-443e-bdc3-8206dcd1698a.jpeg
42,鸟纲,鸽形目,鸠鸽科,红翅绿鸠,White-bellied Green Pigeon,成鸟体长20—30cm。腹部近白色，腹部两侧及尾下覆羽具灰斑。雄鸟翼覆羽绛紫色，上背偏灰色，头顶橘黄色。雌鸟通体绿色，眼周裸皮偏蓝色。虹膜红色，喙偏蓝色，脚红色。,主要以山樱桃、草莓等浆果为食，也吃其他植物的果实与种子，觅食多在乔木、灌木树上，也在地上觅食。栖于原生常绿林和天然次生林中。群栖，飞行速度极快。,夷陵区。,国家二级重点保护野生动物，CITES未记录，IUCN等级属无危。,拍信文创,https://data.yichang.gov.cn/karma/pic/28d07905-e816-414f-916b-f686c80a2407.jpeg
43,鸟纲,鹃形目,杜鹃科,小鸦鹃,Lesser Coucal,成鸟体长30cm左右。成鸟似褐翅鸦鹃，但体型较小，也较少光泽，上背及两翼的栗色较浅且现黑色。亚成鸟体羽褐色，而具浅色羽轴，形成条纹。虹膜红色，喙黑色，脚黑色。,主要以蝗虫、蝼蛄、金龟甲、椿象、白蚁、螳螂、蠡斯等昆虫和其他小型动物为食，也吃少量植物的果实与种子。栖息于山边或近水的灌丛和高草地中，可至海拔1000m以上。常在地面活动，有时紧贴植被上方作短距离的飞行，并时常可见立于突出处，两翅半张开保持平衡。,夷陵、枝江。,国家二级重点保护野生动物，CITES未记录，IUCN等级属无危。,舒仁庆,https://data.yichang.gov.cn/karma/pic/967fd90e-1732-4ab5-bffa-07f63363a964.jpeg
44,鸟纲,鹃形目,杜鹃科,褐翅鸦鹃,Greater Coucal,两翅、肩和肩内侧栗色，其余体羽，包括翼下覆羽和尾羽全为黑色。头至胸有紫蓝色光泽和亮黑色羽干纹，胸至腹具绿色光泽，尾羽有铜绿色光泽。初级飞羽和外侧次级飞羽具暗色羽端。冬季上体羽干色淡，下体具横斑。,喜欢单只或成对活动，很少成群。行动十分迅速，还常把尾、翅展成扇形，上下急扭。食性较杂，主要以毛虫、蝗虫、蚱蜢、蚁和蜂等昆虫为食，也吃蜈蚣、蟹、螺、蚯蚓、甲壳类动物、软体动物等其他无脊椎动物，以及蛇、蜥蜴、鼠类、鸟卵和雏鸟等脊椎动物，有时还吃一些杂草种子和果实等植物性食物。,枝江。,国家二级重点保护野生动物，CITES未记录，IUCN等级属无危。,图虫创意,https://data.yichang.gov.cn/karma/pic/d619e21c-719b-4f02-b9f1-d4beb67831b0.jpeg
45,鸟纲,鹤形目,鹤科,白鹤,Siberian Crane,成鸟体长130—140cm。雌雄同色，雌鹤略小，亚成体为金棕色。嘴橘黄，脸上裸皮红色，腿粉红，飞行时黑色的初级飞羽明显。,冬季常常集成数十只，甚至上百只的大群，以苦草、眼子菜等植物的茎和块根为食，也吃水生植物的叶、嫩芽和少量蚌、螺、软体动物、昆虫、甲壳动物等动物性食物。,当阳、宜都。,国家一级重点保护野生动物，CITES附录Ⅰ，IUCN等级属极危。,李风,https://data.yichang.gov.cn/karma/pic/5d407e8a-70e5-4048-8289-46f460af6b07.jpeg
46,鸟纲,鹤形目,鹤科,灰鹤,Common Crane,成鸟体长90—120cm。前顶冠黑色，中心红色，头及颈深青灰色。自眼后有一道宽的白色条纹伸至颈背。体羽余部灰色，背部及长而密的三级飞羽略带褐色。,以植物的叶、茎、嫩芽、块茎、草籽、玉米、谷粒、马铃薯、白菜，以及软体动物、昆虫、蛙、蜥蜴、鱼类等为食。栖息于开阔平原、草地、沼泽、河滩、旷野、湖泊及农田地带，尤其是富有水边植物的开阔湖泊和沼泽地带。,当阳。,国家二级重点保护野生动物，CITES附录Ⅱ，IUCN等级属无危。,郭莎,https://data.yichang.gov.cn/karma/pic/5430e9aa-9a8b-401b-8ce8-b7e274da32c5.jpeg
47,鸟纲,鸻形目,鹮嘴鹬科,鹮嘴鹬,Ibisbill,成鸟体长30—40cm。腿及喙红色，喙长且下弯。有一道前白后黑的横带将灰色的上胸与白色腹部隔开，翼下白色，翼上中心具鲜明的白色宽带。幼鸟上体具皮黄色鳞状纹，黑色斑纹不甚清晰，腿及喙近粉色。虹膜褐色，喙、脚绯红色。,主要食蠕虫、蜈蚣以及蜉蝣目、毛翅目、等翅目、半翅目、鞘翅目、膜翅目等昆虫和昆虫幼虫。栖于山区水清澈、河床多、卵石大、水流快的河流沿岸。在华北可在低至海拔300m的沟谷繁殖，在横断山区夏季活动范围可高至海拔5000m左右。,历史文献记载，无观测记录。,国家二级重点保护野生动物，CITES未记录，IUCN等级属无危。,竺宝英,https://data.yichang.gov.cn/karma/pic/c73063e6-f129-49c4-8160-efdb71462b74.jpeg
48,鸟纲,鸻形目,水雉科,水雉,Pheasant-tailed Jacana,"成鸟体长30—50cm。喙短、腿脚特长，尾羽特长，飞行时白色翼明显，非繁殖羽头顶、背及胸上横斑灰褐色，颏、前颈、眉、喉及腹部白色，两翼近白色；黑色的贯眼纹下延至颈侧，下枕部金黄色。繁殖羽头、下颌、颈下白色，后枕至颈背黄色，有黑色边缘将其与白色部分隔开，背部深褐色，腹部黑色，飞羽尖和尾羽黑色。虹膜黄色，喙黄色或灰蓝色(繁殖期),脚棕灰色或偏蓝色。",以昆虫、虾、软体动物、甲壳类动物等小型无脊椎动物和水生植物为食。单独或成小群活动，冬季有时亦集成大群。性活泼，善行走，步履轻盈，能在漂浮于水面的百合、莲、菱角等水生植物上来回奔走和停歇。,枝江。,国家二级重点保护野生动物，CITES未记录，IUCN等级属无危。,刘康,https://data.yichang.gov.cn/karma/pic/79606c2f-f488-4060-bb88-f7c35b61bad4.jpeg
49,鸟纲,鸻形目,鹬科,白腰杓鹬,Eurasian Curlew,成鸟体长50—60cm。喙甚长而下弯，腰白色，渐变成尾部色并有褐色横纹。与大杓鹬的区别在于腰和尾较白，与中杓鹬的区别在于体型较大，头部无图纹，喙较长。虹膜褐色，喙褐色，脚青灰色。,主要以甲壳类、软体动物、蠕虫、昆虫及其幼虫为食，也啄食小鱼和蛙。非繁殖季节喜栖息于潮间带河口、河岸及沿海滩涂上。多见单独活动，有时结小群或与其他种类混群。夏季选择在开阔湿草地或湿地附近繁殖。,当阳。,国家二级重点保护野生动物，CITES未记录，IUCN等级属近危。,李风,https://data.yichang.gov.cn/karma/pic/68225e35-5143-4bab-b220-612a8ad20f09.jpeg
50,鸟纲,鹳形目,鹳科,黑鹳,Black Stork,成鸟体长100—117cm。身体黑色羽毛具有金属光泽，胸部、腹部、翼下三级飞羽和次级飞羽内侧白色。亚成体为褐色。眼周裸皮，喙、脚红色。,冬季栖息在开阔湖泊、河岸和沼泽地带。集群活动。主要以鱼为食。喜欢在冬季捕捞放水形成浅滩的鱼塘中捡拾小鱼和甲壳类食物。,枝江、当阳、远安、夷陵区。,国家一级重点保护野生动物，CITES附录Ⅱ，IUCN等级属无危。,舒仁庆,https://data.yichang.gov.cn/karma/pic/1afdf535-351b-47d5-baa9-87206faff131.jpeg
51,鸟纲,鹳形目,鹳科,东方白鹳,Oriental Stork,成鸟体长120—130cm。雌雄同色，长而粗壮的嘴十分坚硬，呈黑色，仅基部缀有淡紫色或深红色。嘴的基部较厚，往尖端逐渐变细，并且略微向上翘。眼睛周围、眼线和喉部的裸露皮肤都是朱红色，眼睛内的虹膜为粉红色，外圈为黑色。身体上的羽毛主要为纯白色。翅膀宽而长，上面的大覆羽、初级覆羽、初级飞羽和次级飞羽均为黑色，并具有绿色或紫色的光泽。亚成体羽色较淡，呈褐色，金属光泽弱。,越冬地主要集中在长江中下游的湿地湖泊。主要以鱼类为食，也吃蛙、鼠、蛇、蜥蜴、蜗牛、软体动物、节肢动物、甲壳动物、环节动物、昆虫和幼虫，以及雏鸟等其他动物性食物。觅食时常成对或成小群漫步在水边或草地、沼泽地上，步履轻盈矫健，边走边啄食。,枝江、宜都、远安。,国家一级重点保护野生动物，CITES附录I，IUCN等级属濒危。,李风,https://data.yichang.gov.cn/karma/pic/5638e323-59cf-4255-9be4-7e4f7d65d49b.jpeg
52,鸟纲,鹈形目,鹮科,白琵鹭,Eurasian Spoonbill,成鸟体长84cm。全身羽毛白色，嘴长直、扁阔似琵琶，眼先、眼周、颏、上喉裸皮黄色。胸及头部冠羽黄色。颈、腿均长，腿下部裸露呈黑色。,以虾、蟹、水生昆虫、昆虫幼虫、蠕虫、甲壳类动物、软体动物、蛙、蝌蚪、蜥蜴、小鱼等小型脊椎动物和无脊椎动物为食。常成群活动，偶尔见单只。休息时常在水边成“一”字形散开，长时间站立不动。性机警，畏人，很难接近。,当阳、夷陵区。,"国家二级重点保护野生动物，CITES附录Ⅱ,IUCN等级属无危。",李风,https://data.yichang.gov.cn/karma/pic/b41a7584-a2e7-4ab6-93fc-a3c49148be57.jpeg
53,鸟纲,鹈形目,鹭科,海南鳽,White-eared Night Heron,"成鸟体长50—56cm,与白鹭大小近似。雌雄同色，雌鸟较小，上体羽毛为暗褐色，飞羽呈石板灰色，并具有绿色的金属光泽，翅膀上的覆羽为暗褐色，具有少许白色斑点。嘴的基部和眼先为绿色。前额、头顶、头侧、枕部和长长的冠羽均为黑色，虹膜为黄色，脚为绿黑色。",部分留鸟，部分候鸟。一般白天隐藏，晚上出来活动，尤以晨昏活动最为频繁，但繁殖育雏期间，有时白天也出来活动觅食。以小鱼、蛙和昆虫等动物性食物为主。在滩地上和浅水区觅食鱼虾、小螺和昆虫等，在林中树上营巢。不喜群居，不喜鸣叫。,远安、夷陵区。,国家一级重点保护野生动物，CITES未记录，IUCN等级属濒危。,舒仁庆,https://data.yichang.gov.cn/karma/pic/7802bf10-b195-4b69-b4fb-7f073c532087.jpeg
54,鸟纲,鹰形目,鹗科,鹗,Western Osprey,成鸟体长50cm左右。头及下体白色，特征为具黑色贯眼纹。上体多暗褐色，深色的短冠羽可竖立。亚种区别在于头上白色及下体纵纹的多少。,以鱼类为食，有时也捕食蛙、蜥蜴、小型鸟类等其他小型陆栖动物。栖息于湖泊、河流、海岸等地，尤其喜欢在山地森林中的河谷或有树木的水域地带活动，冬季也常到开阔无林地区的河流、水库、水塘地区活动。,枝江。,国家二级重点保护野生动物，CITES未记录，IUCN等级属无危。,拍信文创,https://data.yichang.gov.cn/karma/pic/6d5561da-d48c-4109-bf2d-b25327621687.jpeg
55,鸟纲,鹰形目,鹰科,秃鹫,Cinereous Vulture,成鸟体长108—120cm。额至后枕被有暗褐色绒羽，后头较长而致密，羽色亦较淡，头侧、颊、耳区具稀疏的黑褐色毛状短羽，眼先被有黑褐色纤羽，后颈上部赤裸无羽且有铅蓝色，颈基部具长的淡褐色至暗褐色羽簇形成的皱翎，有的皱翎缀有白色。虹膜褐色，嘴端黑褐色，蜡膜铝蓝色，跗跖和趾灰色，爪黑色。幼鸟和成鸟基本相似，但体色较暗，头更较裸露。,"吃的大多是哺乳动物的尸体，特别注意孤零零地躺在地上的动物，被称为“草原上的清洁工”,也沿山地低空飞行，主动攻击中小型兽类、两栖类、爬行类和鸟类，有时也袭击家畜。常单独活动，偶尔也成3—5只小群，最大群可达10多只，特别在食物丰富的地方。",夷陵区。,"国家一级重点保护野生动物，CITES附录I,IUCN等级属近危。",李风,https://data.yichang.gov.cn/karma/pic/b39673d3-cb3e-4e31-ba8a-ac86bc485100.jpeg
56,鸟纲,鹰形目,鹰科,金雕,Golden Eagle,"成鸟体长76—102cm,翼展达2.3m。雌雄同色，亚成体头、颈黄棕色。头具金色羽冠，嘴巨大。飞行时腰部白色明显可见。尾长而圆，两翼呈浅“V”形。与白肩雕的区别在肩部无白色。亚成鸟翼具白色斑纹，尾基部白色。",主要捕食大型的鸟类和中小型兽类，所食鸟类有雁、鸭，兽类有鼠兔、兔和偶蹄目食植兽幼崽，也有黄鼬、藏狐、狗獾等小型食肉兽，有时也捕食狼、豺等中型食肉兽，以及家畜和家禽。,夷陵区、兴山、五峰。,国家一级重点保护野生动物，CITES未记录，IUCN等级属无危。,李风,https://data.yichang.gov.cn/karma/pic/b71816cb-73ca-4885-98ce-2a9a5e2c2905.jpeg
57,鸟纲,鹰形目,鹰科,白肩雕,Imperial Eagle,成鸟体长70—80cm。体羽黑褐色，头和颈部较淡，肩部有明显的白斑。亚成体头皮黄褐色，背具黄褐色斑点，飞翔时尾常散开成扇形。,主要栖息于中低海拔的山地森林和林缘地带，冬季也在平原和湖泊附近觅食。生性孤僻，喜单独活动，不易见。主要以小型和中型哺乳动物和鸟类为食。,兴山。,"国家一级重点保护野生动物，CITES附录I,IUCN等级属易危。",拍信文创,https://data.yichang.gov.cn/karma/pic/5834ee96-6431-4de4-a1eb-e49c7fcd8b51.jpeg
58,鸟纲,鹰形目,鹰科,黑鸢,Black Kite,成鸟体长30—60cm。浅叉型尾为本种识别特征，飞行时尾张开可成平尾。飞行时初级飞羽基部浅色斑与近黑色的翼尖成对照。头有时比背色浅。虹膜棕色，嘴灰色，蜡膜黄色，脚黄色。,主要以小鸟、鼠类、蛇、蛙、鱼、野兔、蜥蜴和昆虫等动物性食物为食，偶尔也吃家禽和腐尸。常单独在高空飞翔，秋季有时亦成2—3只的小群。飞行快速而有力，性机警，人很难接近，常捕田间害兽，对农林有很大益处。,夷陵区、兴山、秭归、长阳、五峰、宜都、远安、枝江、当阳、宜昌城区。,国家二级重点保护野生动物，CITES未记录，IUCN等级属无危。,舒仁庆,https://data.yichang.gov.cn/karma/pic/3cecf988-b4c9-4879-9ea9-26460ab11808.jpeg
59,鸟纲,鹰形目,鹰科,黑冠鹃隼,Black Baza,成鸟体长30cm左右。头顶具有长而垂直竖立的蓝黑色冠羽，极为显著。整体体羽黑色，胸具白色宽纹，翼具白斑，腹部具深栗色横纹。两翼短圆，飞行时可见黑色衬，翼灰而端黑。飞行时振翼如鸦，滑翔时两翼平直。虹膜红色，嘴角质色，蜡膜灰色，脚深灰。,主要以蝗虫、蚱蜢、蝉、蚂蚁等昆虫为食，也特别爱吃蝙蝠，以及鼠类、蜥蜴和蛙等小型脊椎动物。栖息于平原低山丘陵和高山森林地带，也出现于疏林草坡、村庄和林缘田间地带。常单独活动，有时也有3—5只左右的小群活动。性警觉而胆小，但有时也显得迟钝而懒散，头上的羽冠经常忽而高高地耸立，忽而又低低地落下，好像对周围所发生的事情都非常敏感。,长阳、夷陵区。,国家二级重点保护野生动物，CITES未记录，IUCN等级属无危。,胡光文,https://data.yichang.gov.cn/karma/pic/41289e6b-0966-4a31-adfd-4d9e34392c81.jpeg
60,鸟纲,鹰形目,鹰科,凤头蜂鹰,Oriental Honey-buzzard,成鸟体长60cm左右。上体由白色至赤褐色至深褐色，下体满布点斑及横纹，尾具不规则横纹。具对比性浅色喉块，缘以浓密的黑色纵纹，并常具黑色中线。飞行时特征为头相对小而颈显长，两翼及尾均狭长。近看时，眼先羽呈鳞状为其特征性。,食蜂蜜、蜂蛹，也捕食小型鼠类和小型爬行类动物及昆虫等。栖息于森林地带，多见单只在林缘活动。飞行具特色，振翼几次后便作长时间滑翔，两翼平伸翱翔高空。有偷袭蜜蜂及黄蜂巢的怪习。,夷陵区、兴山。,国家二级重点保护野生动物，CITES未记录，IUCN等级属无危。,图虫创意,https://data.yichang.gov.cn/karma/pic/7538c92e-1d03-4a1e-a429-d393645f3243.jpeg
61,鸟纲,鹰形目,鹰科,苍鹰,Northern Goshawk,成鸟体长60cm左右。头顶、枕和头侧黑褐色，枕部有白色羽尖，眉纹白色并杂黑纹，背部棕黑色，胸以下密布灰褐色和白色相间横纹。尾灰褐色，有4条宽阔的黑色横斑，尾方形。飞行时，翅下白色，但密布黑褐色横带。雌鸟显著大于雄鸟。,主要以森林鼠类、野兔、雉类、榛鸡、鸠鸽类和其他小型鸟类为食。栖息于不同海拔高度的针叶林、混交林和阔叶林等森林地带，也见于平原和丘陵地带的林地。,夷陵区、兴山。,国家二级重点保护野生动物，CITES未记录，IUCN等级属无危。,王江平,https://data.yichang.gov.cn/karma/pic/645598b3-3a18-414a-96bd-a01cef245be3.jpeg
62,鸟纲,鹰形目,鹰科,凤头鹰,Crested Goshawk,"成鸟体长30—40cm。上体灰褐色，两翼及尾具横斑，下体棕色，胸部具白色纵纹，腹部及大腿白色且具近黑色粗横斑，颈白色，有近黑色纵纹至喉，具两道黑色髭
纹。",以蛙、蜥蜴、鼠类、昆虫等动物性食物为食，也吃鸟类和小型哺乳动物。通常栖息在海拔2000m以下的山地森林和山脚林缘地带，也出现在竹林和小面积丛林地带，偶尔也到山脚平原和村庄附近活动。,夷陵区、兴山、长阳、五峰、宜都、远安、枝江、当阳、宜昌城区。,国家二级重点保护野生动物，CITES未记录，IUCN等级属无危。,刘飞,https://data.yichang.gov.cn/karma/pic/84ce873f-4ecd-4b05-b0cc-32bdb10f82a7.jpeg
63,鸟纲,鹰形目,鹰科,赤腹鹰,Chinese Sparrowhawk,成鸟体长20—30cm。上体淡蓝灰色，背部羽尖略具白色，外侧尾羽具不明显黑色横斑。下体白色，胸及两胁略沾粉色，两胁具浅灰色横纹，腿上也略具横纹。成鸟翼下特征为除初级飞羽羽端黑色外，几乎全白色。脚橘黄色。,以蛙、蜥蜴等动物性食物为食，也吃小型鸟类、鼠类和昆虫。栖息于山地森林和林缘地带，也见于低山丘陵和山麓平原地带的小块丛林，有时也见于开阔地带的农田地缘和村庄附近。,夷陵区、枝江、五峰。,国家二级重点保护野生动物，CITES未记录，IUCN等级属无危。,舒仁庆,https://data.yichang.gov.cn/karma/pic/7dcc6d29-6161-4015-95c9-d96c619206b3.jpeg
64,鸟纲,鹰形目,鹰科,松雀鹰,Besra,成鸟体长20—30cm。上体深灰色，尾具粗横斑，下体白色，两胁棕色且具褐色横斑，喉白色而具黑色喉中线，有黑色髭纹。雌鸟及亚成鸟两胁棕色少，下体多具红褐色横斑，背褐色，尾褐色而具深色横纹。亚成鸟胸部具纵纹。,主要捕食鼠类、小鸟、昆虫等动物。栖息于海拔2800m以下的山地针叶林、阔叶林和混交林中，冬季时则会到海拔较低的山区活动。性机警，人很难接近，常单独生活。,夷陵区、兴山、秭归、枝江、当阳、远安、五峰、长阳、宜都、宜昌城区。,国家二级重点保护野生动物，CITES未记录，IUCN等级属无危。,拍信文创,https://data.yichang.gov.cn/karma/pic/68eebae7-f7a8-4379-89c8-1263661281ba.jpeg
65,鸟纲,鹰形目,鹰科,雀鹰,Eurasian Sparrowhawk,成鸟体长30cm左右。雄鸟上体褐灰色，白色的下体上多具棕色横斑，尾具横带。脸颊棕色为识别的特征。雌鸟体型较大，上体褐色，下体白色，胸、腹部及腿上具灰褐色横斑，无喉中线，脸颊棕色较少。,"以鸟、昆虫和鼠类等为食。栖息于针叶林、混交林、阔叶林等山地森林和林缘地带，冬季主要栖息于低山丘陵、山脚平原、农田地边，以及村庄附近，喜欢从栖息处“伏击”,飞行中捕食。飞行能力很强，速度极快，每小时可达数百公里。",夷陵区、宜都、当阳、五峰、兴山、远安、枝江、长阳。,国家二级重点保护野生动物，CITES未记录，IUCN等级属无危。,舒仁庆,https://data.yichang.gov.cn/karma/pic/37031470-9474-4af0-ad7d-7f716804d1e5.jpeg
66,鸟纲,鹰形目,鹰科,普通鵟,Eastern Buzzard,成鸟体长50cm左右。体色变化比较大，通常上体为深红褐色。脸侧皮黄具近红色细纹，栗色髭纹显著。下体偏白色，上具棕色纵纹，两胁及大腿沾棕色。飞行时两翼宽而圆，初级飞羽基部具特征性白色块斑。,以各种鼠类为食，也吃蛙、蜥蜴、蛇、野兔、小鸟和大型昆虫等动物性食物，栖息于山地森林和林缘地带，从海拔400m的山脚阔叶林到2000m左右的混交林和针叶林地带均有分布，有时甚至出现在海拔2000m以上的山顶苔原地带上空。秋冬季节则多出现在低山丘陵和山脚平原地带。,夷陵区、兴山、长阳、五峰、宜都、远安、枝江、当阳、宜昌城区。,国家二级重点保护野生动物，CITES未记录，IUCN等级属无危。,舒仁庆,https://data.yichang.gov.cn/karma/pic/703b93ed-d1d9-4c79-90a6-4a71c48c4fe8.jpeg
67,鸟纲,鹰形目,鹰科,大鵟,Upland Buzzard,成鸟体长60—70cm。有淡色型、暗色型和中间型等几种类型，其中以淡色型较为常见。淡色型具深棕色的翼缘。尾常为褐色而非棕色，尖端灰白色。跗跖前端通常被有羽毛。,以啮齿动物、蛙、蜥蜴、野兔、蛇、黄鼠、鼠兔、旱獭、雉鸡、石鸡、昆虫等动物性食物为食。栖息于山地、山脚平原和草原等地区，也出现在高山林缘和开阔的山地草原与荒漠地带，垂直分布高度可以达到4000m以上的高原和山区。冬季也常出现在低山丘陵和山脚平原地带的农田、芦苇沼泽、村庄，甚至城市附近。,历史文献记载，无野外观测记录。,国家二级重点保护野生动物，CITES未记录，IUCN等级属无危。,图虫创意,https://data.yichang.gov.cn/karma/pic/d8281db9-1fea-46ee-afe2-516d750f341a.jpeg
68,鸟纲,鹰形目,鹰科,白腹隼雕,Bonelli's Eagle,成鸟体长50—60cm。上体褐色，下体白色，具有黑色细纵纹。翅膀圆而狭长，尖端黑色，翼下飞羽中段浅色，具有黑色横纹，翼下覆羽黑褐色，尾羽较长，羽端斑白色，次端具一条宽的黑色横带。虹膜淡褐色；喙灰蓝色，尖端部黑色；脚黄色。,栖息于中低海拔的山地森林和河谷地带，迁徙和越冬期亦可出现在海岸线、沼泽和荒漠上。多单独或成对活动，较少时间翱翔于天空，喜低空飞行。主要以两栖爬行动物、小型哺乳动物和鸟类为食。,夷陵区。,国家二级重点保护野生动物，CITES未记录，IUCN等级属无危。,拍信文创,https://data.yichang.gov.cn/karma/pic/ea333f88-dc8c-4738-9012-b108a13a7d66.jpeg
69,鸟纲,鹰形目,鹰科,乌灰鹞,Montagu's Harrier,成鸟体长60—70cm。雄性上体、喉部至上胸暗灰色。下体白色，具有棕色纵纹。翅亦为棕色，初级飞羽末端黑色，翅上有一黑色横带，翅下有两条黑色横带，飞行时十分明显。雌鸟褐色，尾上覆羽白色，与白尾鹞和草原鹞的雌鸟极为相似，但体型比前者纤细，领环比后者色浅。虹膜黄色，喙角质黄色，脚黄色。,以啮齿动物，蛙、蜥蜴、野兔、蛇、黄鼠、鼠兔、旱獭、雉鸡、石鸡、昆虫等动物性食物为食。栖息于山地、山脚平原和草原等地区，也出现在高山林缘和开阔的山地草原与荒漠地带，垂直分布高度可以达到4000m以上的高原和山区。冬季也常出现在低山丘陵和山脚平原地带的农田、芦苇沼泽、村庄、甚至城市附近。,历史文献记载，无野外观测记录。,国家二级重点保护野生动物，CITES未记录，IUCN等级属无危。,拍信文创,https://data.yichang.gov.cn/karma/pic/e3bebee6-1448-434e-beca-bc3b4ec2ac3f.jpeg
70,鸟纲,鹰形目,鹰科,乌雕,Greater Spotted Eagle,成鸟上体为暗褐色，下体颜色较淡，尾上覆羽白色，与体色对比强烈。亚成体和幼体的体色较淡，背和翅膀上有很多灰白色斑点，也被称为“芝麻雕”。飞行时两翅平直，尾短而圆，翱翔时翅膀不上举成“V”字形，以此和其他雕类区别。虹膜褐色，喙灰色，脚黄色。,栖息于丘陵、低山开阔森林中，有时也出现在开阔水域周围。多在飞翔中或伏于地面捕食，取食鱼、蛙、鼠等动物，也食金龟子、蝗虫。,宜都。,国家一级重点保护野生动物，CITES未记录，IUCN等级属易危。,拍信文创,https://data.yichang.gov.cn/karma/pic/39d9dc8f-9bf3-47eb-9242-d0ff2216eda7.jpeg
71,鸟纲,鹰形目,鹰科,蛇雕,Crested Serpent Eagle,成鸟头部的黑白色羽冠平，使得整个头部显得较大且蓬松，眼和喙之间部分裸露，为黄色，非常显眼，飞行时通过尾部和翅膀后缘的白斑很好辨认。亚成鸟与成鸟相似，但体羽褐色较浓，且杂白色较多，更显斑驳。虹膜黄色，喙蓝灰色，脚黄色，爪黑色。,以小蛇、蛙之类的动物为食。常在森林上空翱翔，边飞边叫，鸣声响亮。,夷陵区。,国家二级重点保护野生动物，CITES未记录，IUCN等级属无危。,拍信文创,https://data.yichang.gov.cn/karma/pic/aa47c055-5ad9-46e2-ba15-11cf03d08e67.jpeg
72,鸟纲,鹰形目,鹰科,白尾鹞,Hen Harrier,雄鸟整体青灰色，下体偏白，翅尖黑色，容易辨认。雌鸟稍大，通体褐色，下体满布深色纵纹，腰部白色十分突出，飞行时特别明显。虹膜黄色，喙铅灰色，脚黄色。,主要以小型鸟类、鼠类、蛙、蜥蜴和大型昆虫等动物性食物为食。栖息于平原和低山丘陵地带，尤其是平原上的湖泊、沼泽、河谷、草原、荒野，以及低山、林间沼泽和草地、农田耕地、沿海沼泽和芦苇塘等开阔地区。,当阳。,国家二级重点保护野生动物，CITES未记录，IUCN等级属无危。,拍信文创,https://data.yichang.gov.cn/karma/pic/ac2a7da6-8eae-4004-9ab7-820828771623.jpeg
73,鸟纲,鹰形目,鹰科,白腹鹞,Eastern Marsh Harrier,雄鸟上体灰色至黑色，翅膀除初级飞羽黑色外亦为灰色，头顶、上背及前胸具黑褐色纵纹，尾上覆羽白色，尾羽银灰色。“日本型”雌鸟体羽深褐色，头顶、颈背、喉及前翼缘皮黄色，头顶及颈背具深褐色纵纹。“大陆型”雌鸟似白头鹞雌鸟，除头部外，胸部、初级飞羽亦具有浅色区，无横斑，尾上覆羽无白色区或为较窄污白色羽区，与白尾鹞相区别。虹膜黄色，喙灰色，脚黄色。,以小型鸟类、啮齿类动物、蛙、蜥蜴、小型蛇类和大的昆虫为食。栖息和活动在沼泽、芦苇塘、江河与湖泊沿岸等较潮湿而开阔的地方。,枝江。,国家二级重点保护野生动物，CITES未记录，IUCN等级属无危。,舒仁庆,https://data.yichang.gov.cn/karma/pic/0b136bc8-3cc7-45fa-b07c-31009793503b.jpeg
74,鸟纲,鹰形目,鹰科,鹊鹞,Pied Harrier,体型较小，双翅细长，雄性头、颈、上背和前胸黑色，上体余部、翅膀及尾灰色，但初级飞羽末端和覆羽黑色。雌性上体暗褐色，内侧飞羽具黑色横斑，尾羽灰色，端斑浅黑色，并具有几条平行的横斑。虹膜黄色，喙角质黄色，脚黄色。,以小鸟、鼠类、林蛙、蜥蜴、蛇、昆虫等小型动物为食。栖息于开阔的低山丘陵和山脚平原、草地、旷野、河谷、沼泽、林缘灌丛和沼泽草地，繁殖期后有时也到农田耕地、村庄附近的草地和丛林中活动。,五峰。,国家二级重点保护野生动物，CITES未记录，IUCN等级属无危。,拍信文创,https://data.yichang.gov.cn/karma/pic/712ef3d0-b337-44b5-b339-d76780449a09.jpeg
75,鸟纲,鸮形目,鸱鸮科,领角鸮,Collared Scops Owl,体羽偏灰色或染褐色，体型略大，具浅沙色的颈圈，以此区别于其他角鸮。上体偏灰色或沙褐色，并具黑色与皮黄色杂纹或斑块，下体灰色，有细密底纹和黑色纵纹。虹膜深褐色，喙黄色，脚沾黄色。,生活在多种环境中，喜开阔林地或林缘，甚至在城市林荫道或花园中繁殖。白天隐匿，夜晚活跃，多从低处的栖枝扑至地面捕食。繁殖季节鸣叫声频繁。,夷陵区、枝江、远安、五峰、长阳。,"国家二级重点保护野生动物，CITES附录Ⅱ,IUCN等级属无危。",舒仁庆,https://data.yichang.gov.cn/karma/pic/e9276d4c-c0e6-46e2-8653-cd3ca67efce1.jpeg
76,鸟纲,鸮形目,鸱鸮科,红角鸮,Oriental Sco-ps Owl,全身灰褐色，眼黄色，区别于领角鸮的深色。胸部布满黑色条纹，区别于黄嘴角鸮。另外，较纵纹角鸮色深而体型较小，条纹下体多而上体少，分布区不重叠，也有灰色型和棕色型之分。虹膜橙黄色，喙角质灰色，脚偏灰色。,喜栖息于低地开阔林区，包括园林绿地。白天藏身于针叶树丛中静止不动，受惊时身体挺直而耳羽簇竖立。夜晚在林缘、林中空地及次生植丛的小矮树上捕食。,五峰、夷陵区。,"国家二级重点保护野生动物，CITES附录Ⅱ,IUCN等级属无危。",舒仁庆,https://data.yichang.gov.cn/karma/pic/b8e091c2-f5df-4925-b012-ea6e7be54ecc.jpeg
77,鸟纲,鸮形目,鸱鸮科,雕鸮,Eurasian Eagle Owl,体大，耳簇羽长，眼橘黄色，大而圆，颏至前胸污白色而少纹，胸部黄色，多具深褐色纵纹，且每片羽毛均具褐色横斑。体羽褐色斑驳，脚被羽至趾。虹膜橙黄色，喙灰色，脚黄色。,繁殖季节多栖于有林山区，营巢于崖壁凹处或洞穴内。飞行迅速，振翅幅度大。冬季也出现在开阔原野，甚至城市园林中。,远安、夷陵区。,"国家二级重点保护野生动物，CITES附录Ⅱ,IUCN等级属无危。",李风,https://data.yichang.gov.cn/karma/pic/eb72f6b5-4d63-4e73-85da-faf82f531251.jpeg
78,鸟纲,鸮形目,鸱鸮科,褐渔鸮,Brown Fish Owl,棕褐色，腿长，具耳羽簇，颏淡黄色，无浅色眉，以此区别于雕鸮。上体具黑白色纵纹，下体底皮黄色并密布深褐色细纹和黑色纵纹，脚裸露不被羽毛。虹膜黄色，喙灰色，脚灰色。,栖息于森林有浓荫遮蔽的河流中。飞行缓慢，两腿下悬。半昼活动，捕鱼为食。,历史文献记载，无观测记录。,"国家二级重点保护野生动物，CITES附录Ⅱ,IUCN等级属无危。",拍信文创,https://data.yichang.gov.cn/karma/pic/0a0337eb-803a-4448-98c2-69fbc6b055aa.jpeg
79,鸟纲,鸮形目,鸱鸮科,斑头鸺鹠,Asian Barred Owlet,"为小型鸮类，体长20—26cm,是鸺鹠中个体最大者。面盘不明显，无耳羽簇。体羽褐色，头和上下体羽均具细的白色横斑。腹白色，下腹和肛周具宽阔的褐色纵纹，喉具一显著的白色斑。",栖息于从平原、低山丘陵到海拔2000m左右的中山地带的阔叶林、混交林、次生林和林缘灌丛。大多在白天活动和觅食，能像鹰一样在空中捕捉小鸟和大型昆虫。主要以各种昆虫和幼虫为食，也吃鼠类、小鸟、蚯蚓、蛙和蜥蜴等动物。,夷陵区、兴山、秭归、枝江、当阳、远安、五峰、长阳、宜都、宜昌城区。,"国家二级重点保护野生动物，CITES附录Ⅱ,IUCN等级属无危。",舒仁庆,https://data.yichang.gov.cn/karma/pic/7d6b1565-b7dd-4531-b8ae-630841eab2d9.jpeg
80,鸟纲,鸮形目,鸱鸮科,领鸺鹠,Collared Owlet,体型甚小，形圆而多横斑，无耳羽簇，颈圈浅色，头顶灰色，具白色或皮黄色的小型“眼状斑”。颈背有一对中间黑色而以棕白色为边缘的假眼，上体浅褐色而具橙黄色横斑，喉白色而有褐色横斑。胸及腹部皮黄色，具黑色横斑。腿及臀白色，并有褐色纵纹。虹膜黄色，喙角质色，脚灰色。,生活在海拔800—3500m的各类森林中，昼夜栖于高树上，夜行性，由突出的栖木上出猎捕食，飞行时振翼极快。繁殖季节白天也外出捕食。,长阳。,"国家二级重点保护野生动物，CITES附录Ⅱ,IUCN等级属无危。",李风,https://data.yichang.gov.cn/karma/pic/ebd72546-fecf-4c6b-9d51-b31ddbb1ab20.jpeg
81,鸟纲,鸮形目,鸱鸮科,鹰鸮,Brown Boobook,头圆，面盘及头部色深，无明显色斑。上体深褐色，肩部两边各有一列白斑。下体白色或染皮黄色，具宽阔的红褐色纵纹。臀、颏及喙基部色浅。虹膜亮黄色，喙蓝灰色，蜡膜绿色，脚黄色。,黄昏至夜间活动于林缘地带，飞行追捕空中昆虫和蝙蝠，有时以家族群为单位活动。,夷陵区。,"国家二级重点保护野生动物，CITES附录Ⅱ,IUCN等级属无危。",舒仁庆,https://data.yichang.gov.cn/karma/pic/14796be4-c177-4138-9e32-e1642d863459.jpeg
82,鸟纲,鸮形目,鸱鸮科,短耳鸮,Short-eared Owl,面盘显著，短小的耳羽簇于野外不易见到，短小耳羽与暗色眼圈使其区别于长耳鸮。上体黄褐色，满布黑色和皮黄色纵纹。下体皮黄色，具深褐色纵纹。翼长，飞行时黑色的腕斑易见。虹膜黄色，喙深灰色，脚偏白色。,主要以鼠类为食，也吃小鸟、蜥蜴、昆虫等，偶尔也吃植物的果实和种子。栖息于开阔近水的草地上。,历史文献记载，无观测记录。,"国家二级重点保护野生动物，CITES附录Ⅱ,IUCN等级属无危。",拍信文创,https://data.yichang.gov.cn/karma/pic/308e36b8-48b8-40ab-b68e-892bef81bad8.jpeg
83,鸟纲,鸮形目,鸱鸮科,长耳鸮,Long-eared Owl,耳羽簇耸立明显，面盘皮黄色而缘为褐色及白色，喙以上的面盘中央部位浅黄色区域形成明显的“X”形，较长的耳羽簇使其明显区别于短耳鸮。上体褐色，具深浅斑驳的条纹斑块。下体皮黄色，具棕色底纹和褐色纵纹。虹膜橙黄色；喙角质灰色；脚偏粉色，被羽。,食物以各种鼠类为主，还包括小型鸟类。营巢于针叶林中的鸟鸦巢穴里。夜行性，飞行从容，振翼如鸥。,历史文献记载，无观测记录。,"国家二级重点保护野生动物，CITES附录Ⅱ,IUCN等级属无危。",拍信文创 李风,https://data.yichang.gov.cn/karma/pic/dc39ae85-e263-460f-b39d-867579872335.jpeg
84,鸟纲,鸮形目,鸱鸮科,纵纹腹小鸮,Little Owl,无耳羽簇，头顶平，眉色浅，白色髭纹宽阔。上体褐色，具白色纵纹及点斑。下体白色，具褐色杂斑及纵纹。肩上有两道白色或皮黄色的横斑。虹膜亮黄色，喙角质黄色，脚被白色羽。,常于地面活动，喜开阔原野。部分昼行性，静立时常为周围响动吸引，快速机械地点头或转动。多数时间蹲坐，有时以长腿高高站起，飞行时上下起伏似啄木鸟，扑翅快。常立于开阔地带中的篱笆、电线上。,历史文献记载，无观测记录。,"国家二级重点保护野生动物，CITES附录Ⅱ,IUCN等级属无危。",舒仁庆,https://data.yichang.gov.cn/karma/pic/aff0ebd2-8fc6-4045-85eb-c8ddc22af023.jpeg
85,鸟纲,鸮形目,鸱鸮科,灰林鸮,Tawny Owl,无耳羽簇，通体具浓褐色的杂斑及纵纹，也有偏灰色个体，上体肩部有白斑。南方个体腹部色深有点斑，北方个体腹部色浅有纵纹。虹膜深褐色，喙黄色，脚黄色。,生活于低山至中山的各类林地中，有时还在城市绿地活动。夜行性，白天通常在隐蔽的地方休息，晚上外出捕食。在树洞营巢。,夷陵区、五峰、点军区。,"国家二级重点保护野生动物，CITES附录Ⅱ,IUCN等级属无危。",舒仁庆,https://data.yichang.gov.cn/karma/pic/9051af4b-5ec2-4cf9-ab37-67905572001c.jpeg
86,鸟纲,鸮形目,鸱鸮科,褐林鸮,Brown Wood Owl,全身满布红褐色横斑，眼极大，眼周深褐色，无耳羽簇，眉白色，面盘分明。下体皮黄色且具深褐色的细横纹。胸染巧克力色。上体深褐色，皮黄色及白色横斑浓重。虹膜深褐色，喙偏白色，脚蓝灰色。,栖息于南方低山亚热带原生林中。夜行性。白天遭打扰时体羽缩紧静立，拟态如朽木，眼睁开。常成对活动。,历史文献记载，无观测记录。,国家二级重点保护野生动物，CITES附录Ⅱ，IUCN等级属无危。,李风,https://data.yichang.gov.cn/karma/pic/cf6e9f55-2b14-48c2-8971-4bfcbd6c1635.jpeg
87,鸟纲,鸮形目,草鸮科,草鸮,Eastern Grass Owl,头圆而脸平，特征性的白色面盘宽而呈心形，似仓鸮。全身多具点斑、杂斑或蠕虫状细纹，但脸及胸部的皮黄色甚深。上体深褐色。虹膜褐色，喙米黄色，脚略白。,栖息于开阔的高草地上，常在地面营巢，习性不同于仓鸮。,历史文献记载，无观测记录。,"国家二级重点保护野生动物，CITES附录Ⅱ,IUCN等
级属无危。",图虫创意,https://data.yichang.gov.cn/karma/pic/3f4d4464-d65a-47a7-be3e-884d7e6f13e3.jpeg
88,鸟纲,佛法僧目,蜂虎科,蓝喉蜂虎,Blue-throated Bee-eater,以蓝色喉为特征。成鸟头顶及上背栗棕色，过眼线黑色，翼蓝绿色，腰至尾羽浅蓝色，下体浅绿色，尾下覆羽有时发自色。亚成鸟尾羽无延长，头及上背绿色。虹膜红色或褐色，喙黑色，脚灰或褐色。,喜栖息于多水低地的开阔原野和林地边缘，繁殖期结小群聚集于多沙地带，不如栗喉蜂虎结群庞大，亦不如其活跃好动。,秭归、远安、夷陵区。,"国家二级重点保护野生动物，CITES附录Ⅱ,IUCN等级属无危。",胡光文,https://data.yichang.gov.cn/karma/pic/4ae3657c-ede6-45a8-9d6e-db826ffab264.jpeg
89,鸟纲,佛法僧目,翠鸟科,白胸翡翠,White-throated Kingfisher,上体蓝而下体褐，颏、喉及胸部白色，头、颈及下体余部褐色。上背、翼及尾蓝色泛光，翼上覆羽上部及翼端黑色。飞行时可见初级飞羽浅色，主干部分形成大亮斑。虹膜深褐色，喙深红，脚红色。亚成鸟喙黑色，前端浅黄色。,以鱼、虾、蛙类为食，捕食于旷野、河流、池塘及海边。,枝江。,"国家二级重点保护野生动物，CITES附录Ⅱ,IUCN等级属无危。",李风,https://data.yichang.gov.cn/karma/pic/88a94ece-0c5d-4198-a1d5-b569b22091da.jpeg
90,鸟纲,隼形目,隼科,燕隼,Eurasian Hobby,雄鸟头顶、眼后黑色，且延伸到枕后与深色上体相连，具白色眉纹，眼下具粗黑色髭纹。脸颊、颏、喉及胸腹白色，胸腹部具黑色纵纹。上体包括两翼深灰黑色或黑色，下腹、腿及臀羽栗红色。雌鸟似雄鸟，但偏褐色，下腹和尾下覆羽也具黑色细纵纹。虹膜黑褐色而具黄色眼圈；喙蓝灰色且尖端黑色，喙基具黄色蜡膜；跗跖黄色。,多栖息于有稀树和灌木的开阔生境，也见于林缘地带。常以小型鸟类和昆虫为食，捕食于空中，飞行敏捷。,夷陵区。,"国家二级重点保护野生动物，CITES附录Ⅱ,IUCN等级属无危。",拍信文创,https://data.yichang.gov.cn/karma/pic/eedc390e-1002-4f5e-8f6a-3f7f58c4f9d5.jpeg
91,鸟纲,隼形目,隼科,红脚隼,Amur Falcon,"雄鸟头及上体深烟灰色，下体浅灰色，尾下覆羽灰色，下腹及臀羽栗红色。雄鸟翼下覆羽白色，仅飞羽黑色。雌鸟上体深烟灰色具鳞状横纹，头部灰色，脸颊白色，具深灰色髭纹，颏、喉白色，上胸具黑色纵纹，下胸至腹部白色，具黑色矛状横斑，下腹和臀部染棕色，尾羽具黑色横斑，翼下覆羽白色且具黑色斑点。虹膜黑褐色，具橘红色眼圈；喙橘红色且尖端深色，喙基具橘红色蜡膜；跗跖橘红
色。",栖息于开阔生境，行动敏捷，主要以昆虫和小型啮齿类动物为食。迁徙季节常数百只集群迁徙，有时也与其他隼类混群。,夷陵区、枝江。,"国家二级重点保护野生动物，CITES附录Ⅱ,IUCN等级属无危。",拍信文创,https://data.yichang.gov.cn/karma/pic/52bf0762-8b39-4372-9ba9-13d6912736b9.jpeg
92,鸟纲,隼形目,隼科,游隼,Peregrine Falcon,体型大，雌雄羽色相似，体羽根据亚种不同而多变。上体及尾部深灰黑色，尾部具黑褐色横斑，头部黑色。颏、喉白色且具白色半领环，部分亚种半领环自后颊向耳后延伸而形成宽阔的黑色髭纹(斑块)。胸腹白色至深棕红色，且具黑色纵纹或横纹。两腿具黑色横纹。虹膜黑褐色，具黄色眼圈；喙灰色且尖端深色，喙基具黄色或黄白色蜡膜；跗跖黄色。,分布广泛，但并不常见。多见单独或成对活动，栖息于各种开阔生境。主要以中小型鸟类，特别是鸠鸽科鸟类为食，也捕食小型雁鸭和啮齿类动物。多捕食于空中，飞行速度极快且空中动作不断变换。其飞行姿态和捕食过程极具观赏性。,枝江、夷陵区、宜都、秭归、长阳、五峰、当阳、远安、兴山、宜昌城区。,"国家二级重点保护野生动物，CITES附录I,IUCN等级属近危。",雷吉平,https://data.yichang.gov.cn/karma/pic/12e9df8c-48f7-4919-be41-74fba07178d3.jpeg
93,鸟纲,隼形目,隼科,红隼,Common Kestrel,雄鸟脸颊和颏、喉苍白色，头顶至后枕灰色，眼后具短的黑色眉纹，眼下具长而明显的黑色髭纹，上背浅红褐色并具黑色横斑或鳞状斑，飞羽黑色，尾羽蓝灰色具宽阔的黑色次端斑或不显著的白色端斑，下体浅红褐色而具黑色纵纹，下腹至臀红色较深而无斑纹。雌鸟脸颊纹路同雄鸟，头部和上体暗红褐色且具宽阔的黑褐色横纹，尾羽同上背颜色且具黑色次端斑和白色端斑，下体棕黄色并具粗黑色纵纹。虹膜黑褐色具明黄色眼圈；喙蓝灰色而尖端黑色，喙基具黄色蜡膜；跗跖明黄色。,常单独或成对活动于多草和低矮植被的开阔地带，停栖于电线、树桩、枯枝等显眼位置。利用视觉捕食，食物为啮齿类和两栖爬行类动物。,枝江。,"国家二级重点保护野生动物，CITES附录Ⅱ,IUCN等级属无危。",拍信文创,https://data.yichang.gov.cn/karma/pic/3007beb1-2eea-4de0-98aa-a8a2bef0477d.jpeg
94,鸟纲,雀形目,八色鸫科,仙八色鸫,Fairy Pitta,雌雄体色相似。色彩艳丽，具乳黄色眉纹和较粗的黑色贯眼纹，顶冠纹黑色，上背翠绿色，喉至下体淡黄白色，尾下覆羽至上腹红色。两翼、腰及尾上覆羽且具天蓝色斑块，下体色浅。虹膜褐色，喙黑色，脚肉粉色。,栖息于热带和亚热带森林中，也偶见于林缘和灌丛。多成对或单独活动，取食于地面，是我国分布最广的八色鸫。,夷陵区。,"国家二级重点保护野生动物，CITES附录Ⅱ,IUCN等级属无危。",拍信文创,https://data.yichang.gov.cn/karma/pic/a322baa9-b0f0-4010-a893-5247d5f5e419.jpeg
95,鸟纲,雀形目,山雀科,红腹山雀,Rusty-breasted Tit,头顶及喉部黑色，脸颊白色，上体橄榄灰色，下体棕红色。虹膜深色，喙黑色，脚铅黑色。,栖息于海拔2000m以上的高山针叶林和竹林中。,历史文献记载，无观测记录。,国家二级重点保护野生动物，CITES未记录，IUCN等级属无危。,李风,https://data.yichang.gov.cn/karma/pic/4b40bf46-d786-4c24-8814-7797474920d5.jpeg
96,鸟纲,雀形目,百灵科,云雀,Eurasian Skylark,身体灰褐色，头具冠羽，眉纹白色或棕白色，面颊栗色，最外侧一对尾羽白色，翼后缘白色。虹膜暗褐色，喙黑褐色，脚肉色。,栖息于开阔的平原、草地、沼泽、农田等生境。常高空振翅飞行时鸣唱，然后急趋直下。,当阳、枝江、夷陵区、宜都。,国家二级重点保护野生动物，CITES未记录，IUCN等级属无危。,李风,https://data.yichang.gov.cn/karma/pic/88487131-ee9b-4344-ad66-46cb9d72de71.jpeg
97,鸟纲,雀形目,莺鹛科,白眶鸦雀,Spectacled Parrotbill,体型略小，头顶至后颈栗褐色，下颊至下体粉褐色，上体、两翼及尾上覆羽棕褐色。似棕头鸦雀，但喙颜色更浅，且具明显的白色眼眶。虹膜黑褐色，喙肉黄色，脚角质黄色至粉褐色。,见于中高海拔山地的林缘灌丛、竹林和草丛中，常成对或集小群活动，性活泼，有时与其他鸟类混群。,兴山。,国家二级重点保护野生动物，CITES未记录，IUCN等级属无危。,图虫创意,https://data.yichang.gov.cn/karma/pic/0fefb5d1-d95b-448e-a08a-ee55ad02514f.jpeg
98,鸟纲,雀形目,莺鹛科,金胸雀鹛,Golden-breasted Fulvetta,头、喉、胸和后颈黑色，具白色顶冠纹和白色絮状耳斑，上背橄榄绿色，下胸至腹和尾下覆羽橙黄色而不同于其他雀鹛，两翼黑色具橙色翼斑，初级飞羽羽缘橙黄色，次级飞羽羽缘白色，尾羽黑色，两侧基部橙红色。虹膜黑色，喙角质灰色，脚粉色。,见于中高海拔的常绿阔叶林、针阔混交林和针叶林下的灌丛及竹林中。常集小群活动，与其他鹛类混群，活动敏捷而多动。,夷陵区、五峰、兴山。,国家二级重点保护野生动物，CITES未记录，IUCN等级属无危。,图虫创意,https://data.yichang.gov.cn/karma/pic/f1b34671-f986-4fdd-9fce-3930d715a4ec.jpeg
99,鸟纲,雀形目,绣眼鸟科,红胁绣眼鸟,Chestnut-flanked White-eye,头及上背体羽橄榄绿色且具明显白色眼圈，眼先深色，喉部黄色，胸腹部白色且胸部灰色较重，两胁橙红色而不同于其他绣眼鸟，尾下覆羽明黄色。虹膜红褐色，喙蓝灰色，脚灰黑色。,繁殖季节栖息于高纬度低山、丘陵及平原地带的阔叶林和次生林中，迁徙季节见于公园、苗圃、果园、林地等多种生境。多集小群活动于树冠层，常觅食于多花的乔木或灌丛中。,夷陵区。,国家二级重点保护野生动物，CITES未记录，IUCN等级属无危。,舒仁庆,https://data.yichang.gov.cn/karma/pic/0ff5334c-7117-4059-9dda-8f85a8b6c52e.jpeg
100,鸟纲,雀形目,噪鹛科,画眉,Hwamei,通体棕褐色而具细黑色纵纹，头顶纵纹明显，具白色眼圈且在眼后形成眼纹，延长至耳部。眼周具少量浅蓝色裸皮，下腹灰白色。虹膜浅黄褐色；上喙角质灰色，下喙牙黄色；脚粉褐色。,栖息于南方低海拔森林中，性隐匿而擅鸣唱，是中国面临捕捉压力最大的鸟类之一。,枝江、夷陵区、宜都、秭归、长阳、五峰、当阳、远安、兴山、宜昌城区。,国家二级重点保护野生动物，CITES未记录，IUCN等级属无危。,舒仁庆,https://data.yichang.gov.cn/karma/pic/bc8dd580-92cb-480b-9be6-ec7f17db0a8e.jpeg
101,鸟纲,雀形目,噪鹛科,黑喉噪鹛,Black-throated Laughingthrush,头顶、颈侧、胸腹深灰色，后枕灰色和棕色，前额、颏、喉至上胸具狭窄的黑色区域，前额黑色羽上方具少量白色羽，贯眼纹黑色，两侧下颊和耳后具白色椭圆斑，上体、两翼至尾上覆羽棕褐色。,常单独或成小群栖息于中低海拔的季雨林、阔叶林和竹林，也见于村落、田野和荒地周边的灌丛中。地栖性，活动于植被中下层，鸣声婉转悦耳。,历史文献记载，无观测记录。,国家二级重点保护野生动物，CITES未记录，IUCN等级属无危。,李风,https://data.yichang.gov.cn/karma/pic/3ee538b1-d7a2-48f7-870e-9ac99981db79.jpeg
102,鸟纲,雀形目,噪鹛科,橙翅噪鹛,Elliot's Laughingthrush,通体褐色，脸部褐色较深具黑色眉纹，两翼暗褐色具橙黄色翅斑，尾羽楔形且具白色端斑，尾下覆羽栗红色。与其他两翼飞羽具橙色斑的噪鹃区别在于头纯色而无浅色条纹或色块。虹膜黄白色，喙角质黑色，脚粉褐色。,常见成对或集小群活动于中高海拔山地的林缘灌丛、竹林和近林开阔地，觅食于林下和地表。性活泼而声喧闹，不甚怕人，常见且易发现，有时与其他噪鹛类混群。,夷陵区、兴山、五峰、长阳。,国家二级重点保护野生动物，CITES未记录，IUCN等级属无危。,李风,https://data.yichang.gov.cn/karma/pic/a3903a8b-2575-4c60-bc38-6c430c29adbe.jpeg
103,鸟纲,雀形目,噪鹛科,斑背噪鹛,Barred Laughingthrush,头土褐色而具白色眼罩，体羽黄褐色，背部体羽由黑色次端斑和棕白色端斑形成鳞状斑，颈侧、胸至下腹同样具有由黑色次端斑和棕色端斑所构成的鳞状斑，两翼具黑色和棕白色排列的翼斑，初级飞羽的羽缘灰白色。尾羽棕褐色，尖端白色。两侧尾羽灰白色，具白色端斑和黑色次端斑。虹膜蓝白色；上喙角质褐色，下喙肉褐色；脚肉褐色。,单独或成对栖息于中高海拔山地的落叶阔叶林、针阔混交林及针叶林的林下竹林和灌丛中，鸣声洪亮而易发现。,夷陵区。,国家二级重点保护野生动物，CITES未记录，IUCN等级属无危。,李风,https://data.yichang.gov.cn/karma/pic/09ca4bc9-8bf7-4ea9-a458-e8c4721ef12b.jpeg
104,鸟纲,雀形目,噪鹛科,红尾噪鹛,Red-tailed Laughingthrush,头部前额至后枕橘黄色，眼圈至后颊银白色或白色，眼先和颏、喉黑色，体羽橄榄褐色且具鳞状斑纹，两翼鲜红色而飞羽尖端黑色，腰羽褐色，尾上覆羽鲜红色。似丽色噪鹛，但体型较小且具橘红色顶冠。虹膜黑褐色，喙角质黑色，脚角质黑色。,成对或集小群分布于中低海拔山地的常绿阔叶林、灌丛和竹林中。不甚惧人且喜鸣叫，活动于林下，形态可掬。,历史文献记载，无观测记录。,国家二级重点保护野生动物，CITES未记录，IUCN等级属无危。,李风,https://data.yichang.gov.cn/karma/pic/a7c2df09-69c6-425f-a9e4-96eee902f427.jpeg
105,鸟纲,雀形目,噪鹛科,眼纹噪鹛,Spotted Laughingthrush,似大噪鹛但体型较小，体羽相似但更偏棕褐色，颏、喉为黑色而非棕红色。分布于中国大部的artemisiae亚种耳羽黑色，且与顶冠和喉部相连形成黑色头罩。虹膜黄白色，喙角质黑色，脚角质褐至粉。,多成对或集小群活动于中高海拔的落叶阔叶林、针阔混交林及针叶林中，地栖性，性隐蔽而不易发现。,夷陵区。,国家二级重点保护野生动物，CITES未记录，IUCN等级属无危。,胡光文,https://data.yichang.gov.cn/karma/pic/6e0aa034-d5c8-4c66-86cb-a00b0a2659ce.jpeg
106,鸟纲,雀形目,噪鹛科,棕噪鹛,Buffy Laughingthrush,眼先和颏黑色，眼后具蓝色裸皮，头、上背、喉及上胸棕黄色，两翼和尾羽棕红色，下胸和腹部浅灰色，尾下覆羽和臀羽纯白色。虹膜黑褐色，喙灰黄色，脚角质灰色。,常成对或集小群栖息于中海拔山地的常绿阔叶林下和竹林中，喜阴湿环境，性隐蔽而不易被发现，但鸣声婉转动听而面临被捕捉的压力。,夷陵区。,国家二级重点保护野生动物，CITES未记录，IUCN等级属无危。,图虫创意,https://data.yichang.gov.cn/karma/pic/b7d1d277-bc80-470f-8343-20d0c09ffdf0.jpeg
107,鸟纲,雀形目,噪鹛科,红嘴相思鸟,Red-billed Leiothrix,头黄绿色，脸颊围绕眼周黄白色，上体深橄榄绿色，喉至下腹明黄色，胸部染红色，两胁染灰色，两翼具鲜红色和明黄色翼斑，尾羽橄榄绿至黑色且中间分叉，尾下覆羽和下腹染灰色。虹膜黑褐色，喙鲜红色，脚粉褐色。,栖息于低海拔至高海拔的山区常绿阔叶林、针阔混交林、竹林和林缘中，非繁殖季也见于山脚和平原，常成群活动于植被中下层，也与其他鹛类混群，声喧闹而不惧人，为中国分布范围最广的鹛类。因其艳丽的体羽，也是南方主要的笼养鸟类，遭受巨大的捕捉压力。,枝江、宜都、秭归、长阳、五峰、当阳、远安、兴山、宜昌城区。,国家二级重点保护野生动物，CITES未记录，IUCN等级属无危。,舒仁庆,https://data.yichang.gov.cn/karma/pic/ef4ad4c2-a989-4ba6-acd7-33112f6bbd02.jpeg
108,鸟纲,雀形目,鹟科,棕腹大仙鹟,Fujian Niltava,雄鸟上体深蓝色，脸颊和颏、喉黑色，下体橙色。头顶的灰蓝色仅位于前额到头顶，不延伸至头后，肩羽的灰蓝色较暗或不明显，胸部橙色到腹部逐渐变淡，两翼更染褐色。雌鸟体羽灰褐色，眼先、腰、尾上覆羽和两翼灰色，颈侧具灰蓝色斑，颏、喉皮黄色，喉与胸之间具白色颈环，下体灰色。虹膜黑褐色，喙黑色，脚黑色。,栖息于中高海拔山地的阔叶林和针阔混交林中，也见于林缘和灌丛中，非繁殖季下至低海拔或迁徙至低纬度地区，也见于村落、公园和荒地。常单独或成对活动，以动物性食物为食。,长阳、宜昌城区。,国家二级重点保护野生动物，CITES未记录，IUCN等级属无危。,舒仁庆,https://data.yichang.gov.cn/karma/pic/4b44d374-0033-4edf-9d22-767f67bcb448.jpeg
109,鸟纲,雀形目,鹟科,金胸歌鸲,Firethroat,雄鸟头顶至整个上体深石青色，尾羽两侧基部白色，整个脸颊黑色且延伸至胸和上腹两侧，后颊和颈侧具白色块斑，颏、喉、胸和上腹火红色，下腹及尾下覆羽皮黄色。雌鸟上体橄榄褐色，前额染棕色，下体浅棕色，腹部中央白色，尾羽褐色而两侧基部棕色，尾下覆羽皮黄色。虹膜黑色，喙黑色，脚角质褐色。,常单独或成对活动于中高海拔山地的竹林、杜鹃丛、矮树和灌丛中，取食于地面，繁殖季鸣声高亢悦耳。,夷陵区。,国家二级重点保护野生动物，CITES未记录，IUCN等级属近危。,图虫创意,https://data.yichang.gov.cn/karma/pic/dccfe2c8-a6b3-4bc3-b4c2-ad88bfc70a16.jpeg
110,鸟纲,雀形目,鹟科,红喉歌鸲,Siberian Rubythroat,雄鸟整体棕褐色，具白色的眉纹和下颊纹，颏、喉鲜红色且具黑色边缘，胸部具灰褐色条带，下体灰白色而两胁染褐色。雌鸟似雄鸟，但颜色较暗淡，喉部红色浅或不明显，胸部灰色较淡。似黑胸歌鸲，但脸颊和胸带褐色而非黑色。虹膜黑褐色，喙角质黄色或黑褐色，脚黄褐色。,多单独或成对栖息于近溪流的疏林、灌丛和芦苇中。性怯人而机警，活动甚为隐蔽。地栖性，觅食于植被中下层，因雄鸟极善鸣唱而遭受极大的捕捉压力。,夷陵区、枝江、五峰、长阳、宜都。,国家二级重点保护野生动物，CITES未记录，IUCN等级属无危。,李风,https://data.yichang.gov.cn/karma/pic/e1627f22-1ea3-4c15-a2a4-63c6d1c6c1f3.jpeg
111,鸟纲,雀形目,鹟科,蓝喉歌鸲,Bluethroat,雄鸟头至上体和腰橄榄褐色，眉纹和下颊纹白色，尾羽黑褐色而两侧基部橙色，喉部至上胸具多变的蓝色、橙色、白色及黑色环状羽，下胸至尾下覆羽灰白色，两胁染棕色。雌鸟喉和胸缺少蓝色和橙色，具黑色髭纹和颈侧鳞状黑纹，喉至胸为灰白色。虹膜黑褐色，喙褐色，脚粉褐色至角质褐色。,栖息于溪流或其他水域附近的阴湿疏林、林缘、沼泽及荒漠绿洲中，迁徙季节见于阴湿的林下或茂密的苇丛和荒草下层，地栖性，在植被稀少的地区也常下至地面活动，因鸣声委婉悦耳常被作为笼养鸟而遭大肆捕捉。,夷陵区、宜昌城区。,国家二级重点保护野生动物，CITES未记录，IUCN等级属无危。,拍信文创,https://data.yichang.gov.cn/karma/pic/2aaac88a-ab90-491e-b47e-6c9c87e66485.jpeg
112,鸟纲,雀形目,燕雀科,红交嘴雀,Red Crossbill,"上下喙端均具钩，并从侧面交叉，以此区别于除白翅
交嘴雀外的所有雀类。繁殖期雄鸟染红色，程度随亚种或分布地而有异，从橘黄色、玫红色至猩红色不等。雌鸟通体暗橄榄绿色或染棕灰色。幼鸟似雌鸟而具纵纹。红交嘴雀与白翅交嘴雀的区别在于无明显百色翼斑，三级飞羽无白色羽端。虹膜深褐色，喙近黑色，脚近黑色。",常见于分布在中海拔的松林中，冬季游荡且部分个体结群迁徙。飞行迅速而有起伏，倒悬进食，用喙撬取松子。,夷陵区、兴山。,国家二级重点保护野生动物，CITES未记录，IUCN等级属无危。,拍信文创,https://data.yichang.gov.cn/karma/pic/4a55c731-8146-4ab4-ba4a-de05dbe609ef.jpeg
113,鸟纲,雀形目,鹀科,蓝鹀,Slaty Bunting,体型较小、体格敦实，雄鸟全身体羽大致蓝灰色，仅三级飞羽近黑色，而腹部、臀及尾外缘为醒目的白色。雌鸟头和胸部暖棕褐色而无任何斑纹，上体褐色有纵纹且具两道锈色翼斑，腰灰色，腹部、臀及尾外缘为醒目白色。虹膜深褐色，喙黑色，脚偏粉色。,繁殖季节分布于高海拔林地，冬季见于较低海拔的次生林和灌丛中。,夷陵区。,国家二级重点保护野生动物，CITES未记录，IUCN等级属无危。,舒仁庆,https://data.yichang.gov.cn/karma/pic/7a6cefb8-6d25-49f5-8c62-947488bed66f.jpeg
114,鸟纲,雀形目,鹀科,黄胸鹀,Yellow-breasted Bunting,色彩鲜艳，繁殖期雄鸟顶冠和颈背栗色，脸和喉黑色。黄色的领环与黄色的胸腹部间隔有栗色胸带，具特征性白色肩纹或斑块及狭窄的白色翼斑。非繁殖期雄鸟色淡，颏及喉黄色，仅耳羽黑色而具杂斑。雌鸟和亚成鸟顶纹浅沙色，两侧有深色的侧冠纹，几乎无下颊纹，眉纹浅皮黄色。虹膜深栗褐色；上喙灰色，下喙粉褐色；脚淡褐色。,迁徙和越冬期间栖息于大面积的稻田、芦苇地、高草丛及湿润的荆棘丛中，结成大群并常与其他种类混群。因作为“禾花雀”出售而被大量捕杀，野外种群数量下降显著。,夷陵区、宜都。,国家一级重点保护野生动物，CITES未记录，IUCN等级属极危。,舒仁庆,https://data.yichang.gov.cn/karma/pic/5da043e4-75d4-45a0-894d-76268fb714e6.jpeg
115,爬行纲,龟鳖目,地龟科,乌龟,Reeves'Turtle,背甲较平扁，具3条纵棱，四肢略扁平，指、趾间均具蹼，具爪，尾较短小。背甲棕褐色，腹甲及甲桥棕黄色，每一盾片均有黑褐色大斑。头部橄榄色或黑褐色。头侧及咽部有喑色镶边的黄纹及黄斑，并向后延伸至颈部。雄性个体几乎整体呈黑色，有异臭。雌龟背甲棕褐色。,主要栖息于江河、湖泊、水库、池塘及其他水域。以动物性的昆虫、蠕虫、小鱼、虾、螺、蚌，以及植物性的嫩叶、浮萍、瓜皮、麦粒、稻谷、杂草种子为食。,枝江、当阳。,"国家二级重点保护野生动物(仅限野外种群),CITES附录Ⅲ,IUCN等级属濒危。",李风,https://data.yichang.gov.cn/karma/pic/17979467-a17c-432c-9807-70fd13c65112.jpeg
116,爬行纲,龟鳖目,地龟科,黄喉拟水龟,Mauremys mutica,个体中等，呈扁椭圆形。头较小，头背光滑无鳞，黄色或黄橄榄色，头腹面及喉部为黄色，故名。背甲平扁，具3条纵棱，脊棱明显，两侧较弱。颈盾小，呈梯形。椎盾5枚，第一、第五椎盾五边形，前宽后窄，其余各盾片呈六边形，宽大于长。肋盾4对，除最后一对外，其余均比相邻椎盾为宽。缘盾11对，臀盾1对，略呈方形。,白天多在水中戏游、觅食，晴天喜在陆地上活动，有时爬到岸边晒太阳。杂食性，取食范围广，食物包括禽畜肉和内脏，以及植物类的瓜果蔬菜，喜在水中觅食。,当阳。,"国家二级重点保护野生动物(仅限野外种群),CITES附录Ⅱ,IUCN等级属濒危。",李风,https://data.yichang.gov.cn/karma/pic/c5f93ba7-d2ba-4184-aeb1-8cf907989432.jpeg
117,爬行纲,龟鳖目,地龟科,黄缘闭壳龟,Yellow-margined Box Turtle,头部光滑无鳞，鼓膜圆而清晰，头部背面浅橄榄色，吻前端平，上喙有明显的勾曲，下颌橘红色。两眼后各有一条金黄色宽条纹，两纹在头部背面交汇成“U”形弧纹，纹后的颈部呈浅橘红色。,栖息于丘陵山区的林缘、杂草、灌木之中，喜群居，白天多隐匿于安静、阴暗潮湿的树根下及石头缝中。在野外以昆虫、蠕虫、软体动物为食。,远安、当阳。,"国家二级重点保护野生动物(仅限野外种群),CITES附录Ⅱ,IUCN等级属濒危。",李风,https://data.yichang.gov.cn/karma/pic/e751611a-742e-46ae-ae45-386ea5eb1547.jpeg
118,爬行纲,有鳞目,蛇蜥科,脆蛇蜥,Hart's glass lizard,头顶被对称大鳞。额鳞最大，近盾形，前尖后宽。额鳞前与1对近菱形的前额鳞相切。鼻鳞1枚，外鼻孔开口于鼻鳞中后部。颊鳞11—12枚，大小不一，形状各异，且排列不整齐。上睫鳞5枚，眼周和眼睑上被大小不一的光滑鳞片。,栖居于海拔300—800m的山林、草丛、菜园、茶园的土中或大石下。多捕食蚯蚓、蜗牛、小蠕虫和各种小昆虫。,历史文献记载，无观测记录。,国家二级重点保护野生动物，CITES未记录，IUCN等级属无危。,李风,https://data.yichang.gov.cn/karma/pic/f8b0bc0a-c520-4edb-aeaf-63b2dcb57129.jpeg
119,两栖纲,有尾目,小鲵科,中国小鲵,Chinese Hgnobiids,体长16—20cm。头腹面光滑，后至颈褶有一条纵肤沟。体尾背面几乎为一致的黑色或褐黑色，少数个体有1或2个黄色斑点。腹面浅褐色，有大理石黑褐色斑。头长大于头宽，吻端圆。眼小，有眼脸，鼻间距大于或等于眼间距。前、后肢贴体相对时，指、趾端相遇，无掌，跖突，颈褶不明显。,主要栖息于海拔1500—3900m的高山水溪、竹丛间。繁殖季节进入静水中，平时多隐藏于潮湿的疏松泥土、腐叶层或石块下方。以蚯蚓、昆虫或其他节肢动物及其幼虫为食。,长阳。,国家一级重点保护野生动物，CITES未记录，IUCN等级属濒危。,舒仁庆,https://data.yichang.gov.cn/karma/pic/22d7c98f-f3a7-4c32-819a-e2fd55ccb222.jpeg
120,两栖纲,有尾目,小鲵科,黄斑拟小鲵,Yellow-spotted Salamander,"雄鲵全长158—189mm,雌鲵138—180mm。头部扁平，卵圆形。躯干近圆柱状而背腹略扁。尾部肌节间有浅沟。整个背面紫褐色，有不规则的土黄色或黄色斑，斑块的大小、多少和形状变异较大。一般头部的斑块较小，背部的较大，尾后段较少或无斑状。腹面色较浅。",栖息于海拔1100—1845m的较高山区，主要捕食毛翅目等水生昆虫幼虫。,历史文献记载，无观测记录。,国家二级重点保护野生动物，CITES未记录，IUCN等级属易危。,李风,https://data.yichang.gov.cn/karma/pic/24fdecc2-5570-460b-b9e4-4ae3b59a93bd.jpeg
121,两栖纲,有尾目,小鲵科,巫山巴鲵,Ranodon shihi,唇褶明显。犁骨齿两短列，相距远，呈短弧形，位于内鼻孔前方，内端起于犁腭骨中部。鼻骨呈方形或略呈三角形。前颌囟较大。掌、跖部有角质鞘。体侧肋沟多为11条。,"该鲵生活于海拔900—2350m的山区。成体多栖于小山溪中，一般流溪水面宽1—2m,水深10—25cm,其两岸植被丰富。主要以毛翅目等水生昆虫及其幼虫和虾类、藻类为食。",夷陵区。,国家二级重点保护野生动物，CITES未记录，IUCN等级属未记录。,陈哲宇,https://data.yichang.gov.cn/karma/pic/f18d8491-e3d1-4a47-b92b-6c4296a13056.jpeg
122,两栖纲,有尾目,隐鳃鲵科,中国大鲵,Chinese Giant Salamander,"体大而扁平，一般全长582—834mm,头体长310—585mm,最大个体全长可达200cm以上。头大扁平而宽阔，头长略大于头宽。雄鲵肛部隆起，椭圆形，肛孔较大，内壁有乳白色小颗粒；雌鲵肛部无隆起，泄殖肛孔较小，周围向内凹入，孔内壁平滑，无乳白色小颗粒。",成鲵常栖息在海拔1000m以下的溪河、深潭内的岩洞、石穴之中，以滩口上下的洞穴内较为常见。食性很广，主要以蟹、蛙、鱼、虾，以及水生昆虫及其幼虫等为食。,兴山、夷陵区、长阳、五峰。,"国家二级重点保护野生动物(仅限野外种群),CITES附录I,IUCN等级属极危。",李风,https://data.yichang.gov.cn/karma/pic/1b58cb1d-4807-4369-a158-78477b03530e.jpeg
123,两栖纲,有尾目,蝾螈科,细痣疣螈,Black Knobby Newt,"雄螈全长11—13cm,雌螈全长14—20cm。头宽略大于头长，两侧脊棱显著向内弯曲，吻端平且近方形，无唇褶，颈褶明显。体尾背面黑褐色，仅指、趾、肛部和尾部下缘为橘红色。体腹面黑灰色。皮肤粗糙，满布瘰粒和疣粒，体两侧各有圆形瘰粒13—16枚，排成纵行。",生活在海拔1400m左右生有茂密阔叶林或竹林的山区，也栖息在山间凹地静水塘或阴湿环境中，繁殖期后营陆栖生活。白天常隐蔽在植物根部、土洞或石穴中，夜间外出觅食。主要以昆虫、蚯蚓及其他小动物为食。,长阳。,国家二级重点保护野生动物，CITES未记录，IUCN等级属近危。,图虫创意,https://data.yichang.gov.cn/karma/pic/e6643f9f-6745-4cb6-a8e5-f40fec2b8e19.jpeg
124,两栖纲,无尾目,叉舌蛙科,虎纹蛙,Tiger Frog,"雄蛙体长约8cm,雌蛙约10cm。体背面粗糙，背部有长短不一、多断续排列成纵行的肤棱，其间散有小疣粒，胫部纵行肤棱明显。头侧、足背面和体腹面光滑。背面多为黄绿色或灰棕色，散有不规则的深绿褐色斑纹。四肢横纹明显，体和四肢腹面肉色，咽、胸部有棕色斑。胸后和腹部略带浅蓝色，有斑或无斑。",一般栖息于丘陵地带的稻田、鱼塘、水坑和沟渠内。白天隐匿于水域岸边的洞穴内，夜间外出活动，跳跃能力很强，稍有响动即迅速跳入深水中。捕食各种昆虫，也捕食蝌蚪、小型蛙类及小鱼等。,夷陵区。,"国家二级重点保护野生动物(仅限野分种群),CITES未记录，IUCN等级属濒危。",图虫创意,https://data.yichang.gov.cn/karma/pic/15bb8540-62c9-4f62-a51b-763f6d8cdb10.jpeg
125,硬骨鱼纲,鲟形目,鲟科,中华鲟,Chinese Sturgeon,头大且呈三角形，吻部扁平，口在头腹面，横裂状。体背和两侧排列着5行菱形的骨板，皮肤光滑，尾鳍歪形，背鳍与臀鳍相对。腹鳍位于背鳍前方，鳍及尾鳍的基部具棘状鳞。体色在侧骨板以上为青灰色、灰褐色或灰黄色，侧骨板以下由浅灰色逐步过渡到黄白色，腹部为乳白色。,栖息地一般选择沙质底层。以动物性食物为主的杂食性鱼类，主要以一些小型的或行动迟缓的底栖动物为食，包括虾、蟹、鱼、软体动物和水生昆虫等。,长江宜昌江段。,"国家一级重点保护野生动物，CITES附录Ⅱ,IUCN等级属极危。",李风,https://data.yichang.gov.cn/karma/pic/7ed8dc22-5c16-4dd3-8601-6e598316227f.jpeg
126,硬骨鱼纲,鲟形目,鲟科,长江鲟,Dabry's Sturgeon,体呈梭形，头呈楔形，背面粗糙。吻较短，吻腹面具须2对。眼小，鼻孔、鳃孔均大，左右鳃孔分离。体被5行骨板状硬鳞，鳞间表皮粗糙。尾歪形。鳃耙呈三角形薄片状，体背及侧面青灰色，腹面灰白色，鳍青灰色，边缘白色。,常在江河中下层活动，喜栖息于流速较缓、富腐殖质和底栖生物的沙质底层中。主要以底栖无脊椎动物为食，也食水生植物、藻类和腐殖质等。,长江宜昌江段。,"国家一级重点保护野生动物，CITES附录Ⅱ,IUCN等级属极危。",绘：刘思雨,https://data.yichang.gov.cn/karma/pic/3951020f-a471-4f9c-bce1-a6909fd276fd.jpeg
127,硬骨鱼纲,鲟形目,匙吻鲟科,白鲟,Chinese Paddlefish,大型凶猛性鱼类，体呈梭形，上下颌均具尖细的齿。吻长剑状，吻部由前到后逐渐变宽，前端钝尖，狭而平扁。基部肥厚，体无骨板状大硬鳞，仅在尾鳍上缘有一列棘状鳞。背部浅紫灰色，腹部及各鳍略呈白粉色。,常在江水的中下层活动。幼鱼常到支流甚至长江口觅食。成鱼和幼鱼均以鱼类为主食，亦食少量的虾、蟹等动物。,长江宜昌江段。,"国家一级重点保护野生动物，CITES附录Ⅱ,IUCN等级属极危。",李风,https://data.yichang.gov.cn/karma/pic/2c08fa27-1dfd-43ef-8aac-4de96c8bd19d.jpeg
128,硬骨鱼纲,鲤形目,亚口鱼科,胭脂鱼,Chinese Sucker,头短，体侧扁，吻圆钝。背基极长，鳍条50根以上，从基部延长至臀鳍基部后上方，臀鳍条10—12根，尾柄短。尾鳍成叉形，下叶长于上叶。背鳍无硬刺。臀鳍短，尾柄细长。,生活在湖泊、河流中。幼鱼喜集群于水流较缓的砾石间，多活动于水体上层；亚成体则在中下层；成体喜在江河的敞水区，行动迅速敏捷。以水草为食。,长江宜昌段。,"国家二级重点保护野生动物(仅限野外种群),CITES附录I,IUCN等级属极危。",绘：刘思雨,https://data.yichang.gov.cn/karma/pic/db234a3a-66ce-41a7-920c-dffd12aa58bc.jpeg
129,硬骨鱼纲,鲤形目,鲤科,圆口铜鱼,largemouth bronze gudgeon,"常见个体0.5—1kg,最大个体可达4kg。体前部圆筒形，后部侧扁，头后背部显著隆起。吻圆钝，口宽，下位，呈弧形。颌须1对，长而粗壮，末端可达胸鳍基部。背鳍无硬刺，胸鳍长而发达，未端超过腹鳍起点。",底层鱼类。喜集群，栖息于水流湍急的江河中。夏秋季通常活动在长江中上游干流和支流中，冬季入干流深处岩沱中越冬。产卵期从4月下旬至7月上旬，产漂浮性卵。杂食性鱼类，摄食软体动物、水生昆虫及植物碎片等。,长江宜昌段。,"国家二级重点保护野生动物(仅限野外种群),CITES未记录，IUCN等级属极危。",绘：刘思雨,https://data.yichang.gov.cn/karma/pic/310a4016-30d1-4e4e-9a39-651e9c77bb2b.jpeg
130,硬骨鱼纲,鲤形目,鲤科,鯮,longspiky-head carp,体细长，略呈圆筒形，最重达50kg以上，为大型凶猛鱼类。背缘平直，腹部圆。头长而尖，前部略呈管状，后部侧扁。吻长，似鸭嘴。上颌骨伸达眼前缘的下方或稍后。眼较小，眼后有透明的脂肪体。鳞小而薄。侧线略呈弧形，向后延伸至尾鳍基。腹膜灰黑色。体背深灰，体侧及腹面银白，背鳍灰黄，其他鳍及尾鳍下叶红色。,生活在江河或湖泊等水体的开阔水面。30cm以下个体一般活动于水体中上层，较大个体多栖息在中下层，具有江湖半洄游习性。性凶猛，幼鱼期至湖泊中肥育；仔幼鱼阶段食枝角类和鱼苗；成鱼转为食鱼类，常以其管筒状的长吻在石缝或水草丛中觅食小型鱼类。,长江宜昌段。,国家二级重点保护野生动物，CITES未记录，IUCN等级属极危。,绘：刘思雨,https://data.yichang.gov.cn/karma/pic/afbccb6a-bbec-42dd-b1cb-245646bacee8.jpeg
131,硬骨鱼纲,鲤形目,鲤科,岩原鲤,Rock carp,常见个体1kg左右。体侧扁，呈菱形，背部隆起成弧形，腹部圆。头小，呈圆锥形，吻较尖，吻长小于眼后头长。唇厚，须2对，眼大。侧线平直，背、臀鳍刺均特别强壮，后缘有锯齿。背鳍外缘平直，基底长，背、腹鳍起点相对。头部及体背部深黑色或黑紫色，略带蓝紫色光泽，腹部银白色。每一鳞片的后部有一黑斑。,大多栖息在江河水流较缓、底质多岩石的水体底层，经常出没于岩石之间，冬季在河床的岩穴或深沱中越冬，立春后开始溯水上游到各支流产卵。主要食物为底栖生物、水蚯蚓、摇蚊幼虫、蜉蝣目和毛翅目幼虫、小螺、小鱼虾、淡水壳菜等软体动物，还有寡毛类动物、浮游动物、腐烂的高等植物碎片等。,长江宜昌段。,"国家二级重点保护野生动物(仅限野外种群),CITES未记录，IUCN等级属易危。",绘：刘思雨,https://data.yichang.gov.cn/karma/pic/f46d9398-def3-4da3-93f0-ff8e2d799168.jpeg
132,硬骨鱼纲,鲤形目,鲤科,长鳍吻鮈,Rhinogobio ventralis Sauvage et Dabry,体长且高，稍侧扁，头后背部至背鳍起点渐隆起，腹部圆，尾柄宽而侧扁。头较短，钝锥形。吻略短，圆钝，稍向前突出。口小，下位，呈深弧形。唇较厚，光滑，上唇有深沟与吻皮分离，下唇狭窄，自口角向前伸，不达口前缘。下额厚，肉质。唇后沟中断，间距宽。须1对，位于口角，长度略大于眼径。眼小，侧上位，距吻端较至鳃盖后缘的距离为大或相等。体鳞较小，腹部鳞片较体侧鳞小，腹鳍前鳞片向前逐渐细小。侧线完全、平直。,春夏季活动范围广泛，常在急流险滩、峡谷深沱、支流出口觅食活动。秋冬季节因水温降低，逐渐游向峡谷深沱越冬。长鳍吻鮈的主要食物是淡水壳菜、河蚬，蜻蜓目、鞘翅目幼虫及其他水生昆虫。,长江宜昌段。,国家二级重点保护野生动物，CITES未记录，IUCN等级属濒危。,绘：刘思雨,https://data.yichang.gov.cn/karma/pic/8e786c43-8e9a-49f0-b507-049db4bc2d60.jpeg
133,硬骨鱼纲,鲤形目,鳅科,红唇薄鳅,Leptobotia rubrilabris,体长，较高，侧扁。头长，呈锥形。吻较长，前端尖，眼后头短。口小，下位，口裂呈马蹄形。唇厚，有许多皱褶。具须3对，吻须2对，聚生在吻端；口角须1对，稍粗长，后伸达眼前缘下方。鳞片细小，侧线完全、平直，位于体侧中部。身体基色为棕黄色带褐色，腹部黄白色。背部有6—8个不规则的棕黑色横斑，头背面具许多不规则棕褐色斑点或连成条纹。背鳍上有2条棕黑色条纹。胸鳍外缘具1条浅棕黑色条纹。腹鳍上有1—2条浅棕黑色条纹。臀鳍上有1条棕黑色带纹。尾鳍上有3-5条不规则的斜行棕黑色短条纹。,栖息在江河底层。个体较大，仅次于长薄鳅。种群数量较小，许多水系和江段都难捕到。,长江宜昌段。,"国家二级重点保护野生动物(仅限野外种群),CITES未记录，IUCN等级属易危。",绘：刘思雨,https://data.yichang.gov.cn/karma/pic/b3ac3e98-5701-4919-bf5a-c7f1972e5a47.jpeg
134,硬骨鱼纲,鲤形目,鳅科,长薄鳅,Elongateloach,体长，侧扁，尾柄高而粗壮。头侧扁而尖，头长大于体高。吻圆钝而短，口较大。须3对，眼很小，眼下缘有1根光滑的硬刺。鳞极细小，侧线完全。头部背面具有不规则的深褐色花纹，头部侧面及鳃盖部位为黄褐色，身体浅灰褐色。较小个体有6—7条很宽的深褐色横纹，大个体则呈不规则的斑纹。腹部为淡黄褐色。,底栖凶猛肉食性鱼类，主要以小鱼、水生昆虫、虾、大型浮游动物等为食。,长江宜昌段。,"国家二级重点保护野生动物(仅限野外种群),CITES未记录，IUCN等级属易危。",绘：刘思雨,https://data.yichang.gov.cn/karma/pic/46cda37a-7e68-4c23-aef6-1118cd17822c.jpeg
135,双壳纲,蚌目,蚌科,背瘤丽蚌,Lamprotula leai,贝壳甚厚，壳质坚硬，外形呈长椭圆形。前端圆窄，后端扁而长，腹缘呈弧状，背缘近直线状，后背缘弯曲，稍突出成角形。壳顶略高于背缘之上，位于背缘最前端。壳面布满瘤状结节，一般标本结节联成条状，并与后背部的粗肋相接呈“人”字形。,喜生活于水深、水流较急的河流及与其相通的湖泊内，底质较硬，多为有卵石的沙底或泥沙底，有的个体生活在岩石缝中。它们的饵料为矽藻、原生动物、单鞭毛藻类及有机物碎屑。,长江宜昌段。,国家二级重点保护野生动物，CITES未记录，IUCN等级属未记录。,李风,https://data.yichang.gov.cn/karma/pic/540d37c5-2371-4cba-9396-5abc5275b002.jpeg
